<?xml version="1.0" encoding="iso-8859-1" ?>
<newsitem itemid="131679" id="root" date="1996-10-21" xml:lang="en">
<title>FRANCE: Bank of France drains 2.9 bln Ffr at tender.</title>
<headline>Bank of France drains 2.9 bln Ffr at tender.</headline>
<dateline>PARIS 1996-10-21</dateline>
<text>
<p>The Bank of France drained 2.9 billion francs at a securities repurchase tender held on Monday to allocate funds for injection into the money market on Tuesday.</p>
<p>It accepted bids for 35.1 billion francs in new liquidity, 2.9 billion less than the 38.0 billion leaving the market on Tuesday when a previous pact expires. The new pact expires on October 29.</p>
<p>The Bank of France said it allocated 10.6 billion francs to bidders offering Treasury bills as collateral, satisfying 2.9 percent of such demand.</p>
<p>It allotted a further 24.5 billion to bidders putting up private paper, satisfying 10.1 percent of this demand.</p>
<p>-- Paris Newsroom +33 1 4221 5452</p>
</text>
<copyright>(c) Reuters Limited 1996</copyright>
<metadata>
<codes class="bip:countries:1.0">
  <code code="FRA">
    <editdetail attribution="Reuters BIP Coding Group" action="confirmed" date="1996-10-21"/>
  </code>
</codes>
<codes class="bip:topics:1.0">
  <code code="M13">
    <editdetail attribution="Reuters BIP Coding Group" action="confirmed" date="1996-10-21"/>
  </code>
  <code code="M131">
    <editdetail attribution="Reuters BIP Coding Group" action="confirmed" date="1996-10-21"/>
  </code>
  <code code="MCAT">
    <editdetail attribution="Reuters BIP Coding Group" action="confirmed" date="1996-10-21"/>
  </code>
</codes>
<dc element="dc.date.created" value="1996-10-21"/>
<dc element="dc.publisher" value="Reuters Holdings Plc"/>
<dc element="dc.date.published" value="1996-10-21"/>
<dc element="dc.source" value="Reuters"/>
<dc element="dc.creator.location" value="PARIS"/>
<dc element="dc.creator.location.country.name" value="FRANCE"/>
<dc element="dc.source" value="Reuters"/>
</metadata>
</newsitem>
