<?xml version="1.0" encoding="iso-8859-1" ?>
<newsitem itemid="131690" id="root" date="1996-10-21" xml:lang="en">
<title>DENMARK: SAS unworried by strike threat.</title>
<headline>SAS unworried by strike threat.</headline>
<dateline>COPENHAGEN 1996-10-21</dateline>
<text>
<p>Ground staff at Scandinavian Airlines System (SAS) are threatening to strike this week and next but airline management is unpeturbed, the Danish news agency Ritzau reported on Monday.</p>
<p>&quot;No action has been taken as yet and we expect normal working, both this week and next,&quot; it quoted company spokesman Jens Peter Skaarup as saying.</p>
<p>The 1300-member LFF union, grouping check-in, ticket sales and other non-technical ground staff, issued a strike warning after its chairman was reprimanded by management for allegedly entering a training area without authorisation.</p>
<p>SAS suffered successive waves of strikes last year, increasing passenger dissatisfaction with punctuality and service. --Soeren Linding Jakobsen, Copenhagen newsroom +45 33969653 said on Monday that it planned to open a regional freight depot on western Denmark's Jutland peninsula next year.</p>
<p>An SAS statement said that the new centre would open in August 1997, to coincide with the opening of a road and rail bridge linking Jutland and continental Europe to the island of Zealand, where the capital, Copenhagen, is situated.</p>
<p>SAS freight would continue to enter and leave Denmark through Copenhagen airport and be fowarded by land to provincial destinations, but the new depot would speed delivery, SAS said.</p>
<p>The statement did not give the handling capacity of the new depot nor its cost. --Steve Weizman, Copenhagen newsroom +45 33969650</p>
</text>
<copyright>(c) Reuters Limited 1996</copyright>
<metadata>
<codes class="bip:countries:1.0">
  <code code="DEN">
    <editdetail attribution="Reuters BIP Coding Group" action="confirmed" date="1996-10-21"/>
  </code>
</codes>
<codes class="bip:industries:1.0">
  <code code="I75000">
    <editdetail attribution="Reuters BIP Coding Group" action="confirmed" date="1996-10-21"/>
  </code>
</codes>
<codes class="bip:topics:1.0">
  <code code="C42">
    <editdetail attribution="Reuters BIP Coding Group" action="confirmed" date="1996-10-21"/>
  </code>
  <code code="CCAT">
    <editdetail attribution="Reuters BIP Coding Group" action="confirmed" date="1996-10-21"/>
  </code>
  <code code="E41">
    <editdetail attribution="Reuters BIP Coding Group" action="confirmed" date="1996-10-21"/>
  </code>
  <code code="ECAT">
    <editdetail attribution="Reuters BIP Coding Group" action="confirmed" date="1996-10-21"/>
  </code>
  <code code="GCAT">
    <editdetail attribution="Reuters BIP Coding Group" action="confirmed" date="1996-10-21"/>
  </code>
  <code code="GJOB">
    <editdetail attribution="Reuters BIP Coding Group" action="confirmed" date="1996-10-21"/>
  </code>
</codes>
<dc element="dc.date.created" value="1996-10-21"/>
<dc element="dc.publisher" value="Reuters Holdings Plc"/>
<dc element="dc.date.published" value="1996-10-21"/>
<dc element="dc.source" value="Reuters"/>
<dc element="dc.creator.location" value="COPENHAGEN"/>
<dc element="dc.creator.location.country.name" value="DENMARK"/>
<dc element="dc.source" value="Reuters"/>
</metadata>
</newsitem>
