<?xml version="1.0" encoding="iso-8859-1" ?>
<newsitem itemid="131698" id="root" date="1996-10-21" xml:lang="en">
<title>NETHERLANDS: Heineken declines comment on Pripps talk.</title>
<headline>Heineken declines comment on Pripps talk.</headline>
<dateline>AMSTERDAM 1996-10-21</dateline>
<text>
<p>Dutch brewer Heineken declined comment on talks it was among main candidates to buy a majority stake in Swedish brewer Pripps-Ringnes from Volvo.</p>
<p>&quot;We're always interested in everything, but do not comment on a specific deal until it is closed,&quot; a spokeswoman said.</p>
<p>Volvo earlier declined to comment on a report in Swedish newspaper Dagens Industri that it was selling its 55 percent stake to a foreign brewery.</p>
<p>The Swedish auto maker said in June it regarded Pripps a non-core activity which it aimed to sell before the year-end.</p>
<p>Pripps is 45-percent owned by Norwegian food group Orkla, which also has an option to acquire Volvo's holding in Pripps although it is believed to have insufficient financial muscle to do so.</p>
<p>Pripps makes an operating margin of over 10 percent on annual sales of over 1.5 billion guilders. It has strong market positions in Sweden and Norway, while it is expanding in the Baltic region and in Ukraine.</p>
<p>Heineken said it has growth ambitions in all of Europe, including Scandinavia where it has a small market share with imported premium brands Heineken and Murphy's Irish Stout.</p>
<p>Heineken also targets expansion in Eastern European countries.</p>
<p>In Amsterdam, Heineken shares traded 2.50 guilders higher at 312.80, tracking an upbeat market in mild volume.</p>
<p>Traders on the Amsterdam Stock Exchange said the re-emerged talk of a possible Pripps buy had not triggered many deals.</p>
<p>But a transaction could breathe some life into the Dutch blue chip stock which was hit hard last month after Heineken warned that full year net profit would be lower than in 1995.</p>
<p>Belgian Interbrew, one of the other possible takeover candidates mentioned in the Dagens Industri report, said it was &quot;still looking at...and investigating&quot; Pripps.</p>
<p>-- Amsterdam newsroom +31 20 504 5000, Fax +31 20 504 5040</p>
</text>
<copyright>(c) Reuters Limited 1996</copyright>
<metadata>
<codes class="bip:countries:1.0">
  <code code="NETH">
    <editdetail attribution="Reuters BIP Coding Group" action="confirmed" date="1996-10-21"/>
  </code>
  <code code="SWED">
    <editdetail attribution="Reuters BIP Coding Group" action="confirmed" date="1996-10-21"/>
  </code>
</codes>
<codes class="bip:industries:1.0">
  <code code="I35000">
    <editdetail attribution="Reuters BIP Coding Group" action="confirmed" date="1996-10-21"/>
  </code>
  <code code="I42700">
    <editdetail attribution="Reuters BIP Coding Group" action="confirmed" date="1996-10-21"/>
  </code>
  <code code="I83960">
    <editdetail attribution="Reuters BIP Coding Group" action="confirmed" date="1996-10-21"/>
  </code>
</codes>
<codes class="bip:topics:1.0">
  <code code="C18">
    <editdetail attribution="Reuters BIP Coding Group" action="confirmed" date="1996-10-21"/>
  </code>
  <code code="C181">
    <editdetail attribution="Reuters BIP Coding Group" action="confirmed" date="1996-10-21"/>
  </code>
  <code code="CCAT">
    <editdetail attribution="Reuters BIP Coding Group" action="confirmed" date="1996-10-21"/>
  </code>
</codes>
<dc element="dc.date.created" value="1996-10-21"/>
<dc element="dc.publisher" value="Reuters Holdings Plc"/>
<dc element="dc.date.published" value="1996-10-21"/>
<dc element="dc.source" value="Reuters"/>
<dc element="dc.creator.location" value="AMSTERDAM"/>
<dc element="dc.creator.location.country.name" value="NETHERLANDS"/>
<dc element="dc.source" value="Reuters"/>
</metadata>
</newsitem>
