<?xml version="1.0" encoding="iso-8859-1" ?>
<newsitem itemid="131689" id="root" date="1996-10-21" xml:lang="en">
<title>BELGIUM: Belgium allots 11.08 bln bfr on 7-day advances.</title>
<headline>Belgium allots 11.08 bln bfr on 7-day advances.</headline>
<dateline>BRUSSELS 1996-10-21</dateline>
<text>
<p>The Belgian National Bank said it allocated 11,075 million Belgian francs in seven-day advances at 3.00 percent expiring on October 30.  </p>
<p>The advances rate was unchanged from last week.</p>
<p>-- Brussels Newsroom +32 2 287 6810, Fax +32 2 230 7710</p>
</text>
<copyright>(c) Reuters Limited 1996</copyright>
<metadata>
<codes class="bip:countries:1.0">
  <code code="BELG">
    <editdetail attribution="Reuters BIP Coding Group" action="confirmed" date="1996-10-21"/>
  </code>
</codes>
<codes class="bip:topics:1.0">
  <code code="M13">
    <editdetail attribution="Reuters BIP Coding Group" action="confirmed" date="1996-10-21"/>
  </code>
  <code code="M131">
    <editdetail attribution="Reuters BIP Coding Group" action="confirmed" date="1996-10-21"/>
  </code>
  <code code="MCAT">
    <editdetail attribution="Reuters BIP Coding Group" action="confirmed" date="1996-10-21"/>
  </code>
</codes>
<dc element="dc.date.created" value="1996-10-21"/>
<dc element="dc.publisher" value="Reuters Holdings Plc"/>
<dc element="dc.date.published" value="1996-10-21"/>
<dc element="dc.source" value="Reuters"/>
<dc element="dc.creator.location" value="BRUSSELS"/>
<dc element="dc.creator.location.country.name" value="BELGIUM"/>
<dc element="dc.source" value="Reuters"/>
</metadata>
</newsitem>
