<?xml version="1.0" encoding="iso-8859-1" ?>
<newsitem itemid="131675" id="root" date="1996-10-21" xml:lang="en">
<title>SPAIN: Spain's TISA rejects selling stake to other group.</title>
<headline>Spain's TISA rejects selling stake to other group.</headline>
<dateline>MADRID 1996-10-21</dateline>
<text>
<p>Spain's Telefonica International (TISA) on Monday rejected the possibility of selling a stake in the company to another telecommunications firm, but did not rule out an alliance.</p>
<p>&quot;We do not want another operator in Telefonica's capital because we believe they would not contribute anything and besides it may become complicated if their interests are different from ours,&quot; Marcial Portela, managing director of Telefonica International, told Reuters in an interview.</p>
<p>But he added that TISA would not rule out an alliance with other communications firms. &quot;In fact, we are currently studying a possible deal with a U.S. firm,&quot; Portela said.</p>
<p>The company would also be interested in an international financial institution holding a stake in Telefonica Internacional.</p>
<p>&quot;We would find it attractive to involve an international financial institution in the company's capital and one, at least, would be from the United States,&quot; Portela said. &quot;It would be a similar model to that which Telefonica Espana has now.&quot;</p>
<p>The government plans to sell its 23.78 percent stake in TISA, the international arm of Spanish telecommunications group Telefonica.</p>
<p>Telefonica owns the rest of TISA, whose principal business areas are in Argentina, Peru, Chile, Columbia, Venezuela and Puerto Rico.</p>
<p>-- Madrid newsroom + 34 1 585 2152</p>
</text>
<copyright>(c) Reuters Limited 1996</copyright>
<metadata>
<codes class="bip:countries:1.0">
  <code code="SPAIN">
    <editdetail attribution="Reuters BIP Coding Group" action="confirmed" date="1996-10-21"/>
  </code>
</codes>
<codes class="bip:industries:1.0">
  <code code="I79020">
    <editdetail attribution="Reuters BIP Coding Group" action="confirmed" date="1996-10-21"/>
  </code>
</codes>
<codes class="bip:topics:1.0">
  <code code="C18">
    <editdetail attribution="Reuters BIP Coding Group" action="confirmed" date="1996-10-21"/>
  </code>
  <code code="C181">
    <editdetail attribution="Reuters BIP Coding Group" action="confirmed" date="1996-10-21"/>
  </code>
  <code code="C183">
    <editdetail attribution="Reuters BIP Coding Group" action="confirmed" date="1996-10-21"/>
  </code>
  <code code="CCAT">
    <editdetail attribution="Reuters BIP Coding Group" action="confirmed" date="1996-10-21"/>
  </code>
</codes>
<dc element="dc.date.created" value="1996-10-21"/>
<dc element="dc.publisher" value="Reuters Holdings Plc"/>
<dc element="dc.date.published" value="1996-10-21"/>
<dc element="dc.source" value="Reuters"/>
<dc element="dc.creator.location" value="MADRID"/>
<dc element="dc.creator.location.country.name" value="SPAIN"/>
<dc element="dc.source" value="Reuters"/>
</metadata>
</newsitem>
