<?xml version="1.0" encoding="iso-8859-1" ?>
<newsitem itemid="131683" id="root" date="1996-10-21" xml:lang="en">
<title>SWEDEN: S&amp;P rates NIB medium-term note issue at AAA.</title>
<headline>S&amp;P rates NIB medium-term note issue at AAA.</headline>
<dateline>STOCKHOLM 1996-10-21</dateline>
<text>
<p>U.S. credit ratings agency Standard &amp; Poor's said on Monday that it has rated  Nordic Investment Bank's four billion crown medium-term note programme at AAA.</p>
<p>It affirmed its issuer credit rating for the bank at AAA and the short term debt rating at A-1+ and said the outlook was stable.  </p>
<p>&quot;The rating reflects prudent statutory and policy limits on the bank's operations, gearing and liquidity, as well as strong membership support and excellent asset and capital quality,&quot; S&amp;P said in a statement.</p>
<p>The state-owned Nordic Investment Bank (NIB) provides medium and long-term financing for projects and exports that encourage economic cooperation among member countries.</p>
<p>&quot;The bank's prudent and selective credit policies have largely insulated it from the asset quality problems that have plagued commercial banks in the Nordic region,&quot; S&amp;P said.</p>
<p>The agency said the bank's solid membership support and cautious credit policies would were expected to safeguard the bank's excellent asset quality and financial profile.</p>
<p>-- Stockholm newsroom +46-8-700 1006</p>
</text>
<copyright>(c) Reuters Limited 1996</copyright>
<metadata>
<codes class="bip:countries:1.0">
  <code code="NORW">
    <editdetail attribution="Reuters BIP Coding Group" action="confirmed" date="1996-10-21"/>
  </code>
  <code code="SWED">
    <editdetail attribution="Reuters BIP Coding Group" action="confirmed" date="1996-10-21"/>
  </code>
</codes>
<codes class="bip:industries:1.0">
  <code code="I81501">
    <editdetail attribution="Reuters BIP Coding Group" action="confirmed" date="1996-10-21"/>
  </code>
  <code code="I8150106">
    <editdetail attribution="Reuters BIP Coding Group" action="confirmed" date="1996-10-21"/>
  </code>
</codes>
<codes class="bip:topics:1.0">
  <code code="C17">
    <editdetail attribution="Reuters BIP Coding Group" action="confirmed" date="1996-10-21"/>
  </code>
  <code code="C174">
    <editdetail attribution="Reuters BIP Coding Group" action="confirmed" date="1996-10-21"/>
  </code>
  <code code="CCAT">
    <editdetail attribution="Reuters BIP Coding Group" action="confirmed" date="1996-10-21"/>
  </code>
</codes>
<dc element="dc.date.created" value="1996-10-21"/>
<dc element="dc.publisher" value="Reuters Holdings Plc"/>
<dc element="dc.date.published" value="1996-10-21"/>
<dc element="dc.source" value="Reuters"/>
<dc element="dc.creator.location" value="STOCKHOLM"/>
<dc element="dc.creator.location.country.name" value="SWEDEN"/>
<dc element="dc.source" value="Reuters"/>
</metadata>
</newsitem>
