<?xml version="1.0" encoding="iso-8859-1" ?>
<newsitem itemid="131684" id="root" date="1996-10-21" xml:lang="en">
<title>NETHERLANDS: India oilseeds expansion hard to achieve - bank.</title>
<headline>India oilseeds expansion hard to achieve - bank.</headline>
<dateline>AMSTERDAM 1996-10-21</dateline>
<text>
<p>India's plan to produce 26 million tonnes of oilseeds from 18 million in 1994/95 looks very ambitious, Dutch agri-bank Rabobank said in a report on the country's agribusiness.</p>
<p>The main way for the country to raise output was through an increase in productivity rather than by expanding area.</p>
<p>But here two factors were likely to limit growth.</p>
<p>The first related to climate, with production highly dependent on the monsoon. &quot;More than 75 percent of India's oilseed is grown in rainfed areas, which makes the production susceptible to weather fluctuations,&quot; it said.</p>
<p>Secondly, high prices for inputs such as phosphates would also limit their use and curb productivity.</p>
<p>But the report said the industry offered potential for foregn investors, particularly in upgrading and modernising facilities.</p>
<p>&quot;Since quality has become a key feature of world market trade, this is what India should focus on in the production and processing of oilseeds....possibly with the help of foreign investors,&quot; it said.</p>
<p>India also needed to tackle the bottlenecks that have restricted exports and limited efficient use of processing capacity.</p>
<p>&quot;The problems that Indian exporters face concern high transportation costs and time delays because of deficient transport facilities. This situation has been aggravated by the congestion in the major ports,&quot; the report said.</p>
<p>--David Evans, Amsterdam Newsroom +31 20 504 5000</p>
</text>
<copyright>(c) Reuters Limited 1996</copyright>
<metadata>
<codes class="bip:countries:1.0">
  <code code="INDIA">
    <editdetail attribution="Reuters BIP Coding Group" action="confirmed" date="1996-10-21"/>
  </code>
  <code code="NETH">
    <editdetail attribution="Reuters BIP Coding Group" action="confirmed" date="1996-10-21"/>
  </code>
</codes>
<codes class="bip:industries:1.0">
  <code code="I01002">
    <editdetail attribution="Reuters BIP Coding Group" action="confirmed" date="1996-10-21"/>
  </code>
  <code code="I41100">
    <editdetail attribution="Reuters BIP Coding Group" action="confirmed" date="1996-10-21"/>
  </code>
</codes>
<codes class="bip:topics:1.0">
  <code code="C21">
    <editdetail attribution="Reuters BIP Coding Group" action="confirmed" date="1996-10-21"/>
  </code>
  <code code="CCAT">
    <editdetail attribution="Reuters BIP Coding Group" action="confirmed" date="1996-10-21"/>
  </code>
  <code code="M14">
    <editdetail attribution="Reuters BIP Coding Group" action="confirmed" date="1996-10-21"/>
  </code>
  <code code="M141">
    <editdetail attribution="Reuters BIP Coding Group" action="confirmed" date="1996-10-21"/>
  </code>
  <code code="MCAT">
    <editdetail attribution="Reuters BIP Coding Group" action="confirmed" date="1996-10-21"/>
  </code>
</codes>
<dc element="dc.date.created" value="1996-10-21"/>
<dc element="dc.publisher" value="Reuters Holdings Plc"/>
<dc element="dc.date.published" value="1996-10-21"/>
<dc element="dc.source" value="Reuters"/>
<dc element="dc.creator.location" value="AMSTERDAM"/>
<dc element="dc.creator.location.country.name" value="NETHERLANDS"/>
<dc element="dc.source" value="Reuters"/>
</metadata>
</newsitem>
