<?xml version="1.0" encoding="iso-8859-1" ?>
<newsitem itemid="131674" id="root" date="1996-10-21" xml:lang="en">
<title>BELGIUM: EU Commission sets ewe premium advance.</title>
<headline>EU Commission sets ewe premium advance.</headline>
<dateline>BRUSSELS 1996-10-21</dateline>
<text>
<p>The European Commission set the second annual ewe premium advance for farmers on Friday at 5.462 Ecus per ewe, an European Union (EU) official said on Monday.</p>
<p>&quot;The first ewe premium -- paid in June -- was 6.902 Ecus per ewe and the estimated figure for the year now stands at 18.206 Ecus per ewe,&quot; the official said.</p>
<p>The premium is currently based on an average price of 355 Ecus per 100 kilo for lamb meat which is 21 percent higher than last year when the final premium figure paid in February was 24.821 Ecus per ewe.</p>
<p>-- Chris White, Brussels Newsroom +32 2 287 6800</p>
</text>
<copyright>(c) Reuters Limited 1996</copyright>
<metadata>
<codes class="bip:countries:1.0">
  <code code="EEC">
    <editdetail attribution="Reuters BIP Coding Group" action="confirmed" date="1996-10-21"/>
  </code>
</codes>
<codes class="bip:industries:1.0">
  <code code="I01001">
    <editdetail attribution="Reuters BIP Coding Group" action="confirmed" date="1996-10-21"/>
  </code>
  <code code="I0100124">
    <editdetail attribution="Reuters BIP Coding Group" action="confirmed" date="1996-10-21"/>
  </code>
</codes>
<codes class="bip:topics:1.0">
  <code code="C13">
    <editdetail attribution="Reuters BIP Coding Group" action="confirmed" date="1996-10-21"/>
  </code>
  <code code="C17">
    <editdetail attribution="Reuters BIP Coding Group" action="confirmed" date="1996-10-21"/>
  </code>
  <code code="C24">
    <editdetail attribution="Reuters BIP Coding Group" action="confirmed" date="1996-10-21"/>
  </code>
  <code code="CCAT">
    <editdetail attribution="Reuters BIP Coding Group" action="confirmed" date="1996-10-21"/>
  </code>
  <code code="G15">
    <editdetail attribution="Reuters BIP Coding Group" action="confirmed" date="1996-10-21"/>
  </code>
  <code code="G153">
    <editdetail attribution="Reuters BIP Coding Group" action="confirmed" date="1996-10-21"/>
  </code>
  <code code="GCAT">
    <editdetail attribution="Reuters BIP Coding Group" action="confirmed" date="1996-10-21"/>
  </code>
</codes>
<dc element="dc.date.created" value="1996-10-21"/>
<dc element="dc.publisher" value="Reuters Holdings Plc"/>
<dc element="dc.date.published" value="1996-10-21"/>
<dc element="dc.source" value="Reuters"/>
<dc element="dc.creator.location" value="BRUSSELS"/>
<dc element="dc.creator.location.country.name" value="BELGIUM"/>
<dc element="dc.source" value="Reuters"/>
</metadata>
</newsitem>
