<?xml version="1.0" encoding="iso-8859-1" ?>
<newsitem itemid="131682" id="root" date="1996-10-21" xml:lang="en">
<title>FRANCE: Bank of France holds intervention rate unchanged.</title>
<headline>Bank of France holds intervention rate unchanged.</headline>
<dateline>PARIS 1996-10-21</dateline>
<text>
<p>The Bank of France said on Monday it was leaving its intervention rate unchanged at 3.25 percent at a money market tender.</p>
<p>Economists had not expected a cut. Call money, an unofficial rate closely steered by the Bank of France, was lowered on Monday morning.</p>
<p>The Bank continued to post its five-to-10 day rate at 4.75 percent.</p>
<p>The intervention rate, at which the central bank allocates repo funds, was last cut -- from 3.35 percent -- on September 19, 1996. On August 1 the Bank cut 15 basis points off its five-to-10 day rate from 4.90 percent.</p>
<p>-- Paris Newsroom +(33 1) 4221 5452</p>
</text>
<copyright>(c) Reuters Limited 1996</copyright>
<metadata>
<codes class="bip:countries:1.0">
  <code code="FRA">
    <editdetail attribution="Reuters BIP Coding Group" action="confirmed" date="1996-10-21"/>
  </code>
</codes>
<codes class="bip:topics:1.0">
  <code code="M13">
    <editdetail attribution="Reuters BIP Coding Group" action="confirmed" date="1996-10-21"/>
  </code>
  <code code="M131">
    <editdetail attribution="Reuters BIP Coding Group" action="confirmed" date="1996-10-21"/>
  </code>
  <code code="MCAT">
    <editdetail attribution="Reuters BIP Coding Group" action="confirmed" date="1996-10-21"/>
  </code>
</codes>
<dc element="dc.date.created" value="1996-10-21"/>
<dc element="dc.publisher" value="Reuters Holdings Plc"/>
<dc element="dc.date.published" value="1996-10-21"/>
<dc element="dc.source" value="Reuters"/>
<dc element="dc.creator.location" value="PARIS"/>
<dc element="dc.creator.location.country.name" value="FRANCE"/>
<dc element="dc.source" value="Reuters"/>
</metadata>
</newsitem>
