<?xml version="1.0" encoding="iso-8859-1" ?>
<newsitem itemid="131686" id="root" date="1996-10-21" xml:lang="en">
<title>SWEDEN: FORECAST - Trelleborg 9 mo profit seen 891 mln SKR.</title>
<headline>FORECAST - Trelleborg 9 mo profit seen 891 mln SKR.</headline>
<dateline>STOCKHOLM 1996-10-21</dateline>
<text>
<p>Swedish mining group Trelleborg was expected to post a profit after financial items of 891 million crown for the first nine months of 1996, a Reuters poll of eight analysts found on Monday.</p>
<p>In the same period a year ago Trelleborg reported a profit of 3.17 billion crown but this result included a capital gain on the sale of shares in Falconbridge and Munksjo as well as interests in the profit from both these companies.</p>
<p>For full year 1996 analysts expected Trelleborg to report a profit of 1.18 billion crowns.</p>
<p>The company's profit for the full year 1995 was 3.51 billion crowns, corrected for restructuring costs of 1.55 billion crowns.</p>
<p>Next year's profit was forecast at 1.30 billion crowns.</p>
<p>The forecasts came in at an interval between 1.01 billion crowns and 1.58 billion crowns.</p>
<p>For 1998 the average forecast from six analysts was for a profit after financial items of 1.48 billion crowns.</p>
<p>The forecast ranged from 1.37-1.60 billion crowns.</p>
<p>The analysts polled by Reuters said they had downwardly adjusted their forecasts due moves in metal prices.</p>
<p>&quot;Copper prices have been a cause for concern,&quot; one analyst said. &quot;The levels are very low now and I don't think there will be any big improvement in price levels during the coming year.&quot;</p>
<p>Trelleborg's nine-month report is due to be released on October 25.</p>
<p> (Million crown)	 AVGE	     RANGE	ANALYSTS</p>
<p> 9-mth 1996		  891	   790-972	 8</p>
<p> Full yr 1996	    1,182	 1,038-1,323     8</p>
<p> Full yr 1997	    1,300	 1,010-1,583     8</p>
<p> Full yr 1998	    1,483	 1,370-1,599     6</p>
<p>- Jorgen Osterberg, Stockholm newsroom +46-8-700 1008</p>
</text>
<copyright>(c) Reuters Limited 1996</copyright>
<metadata>
<codes class="bip:countries:1.0">
  <code code="SWED">
    <editdetail attribution="Reuters BIP Coding Group" action="confirmed" date="1996-10-21"/>
  </code>
</codes>
<codes class="bip:industries:1.0">
  <code code="I21000">
    <editdetail attribution="Reuters BIP Coding Group" action="confirmed" date="1996-10-21"/>
  </code>
</codes>
<codes class="bip:topics:1.0">
  <code code="C15">
    <editdetail attribution="Reuters BIP Coding Group" action="confirmed" date="1996-10-21"/>
  </code>
  <code code="C152">
    <editdetail attribution="Reuters BIP Coding Group" action="confirmed" date="1996-10-21"/>
  </code>
  <code code="CCAT">
    <editdetail attribution="Reuters BIP Coding Group" action="confirmed" date="1996-10-21"/>
  </code>
</codes>
<dc element="dc.date.created" value="1996-10-21"/>
<dc element="dc.publisher" value="Reuters Holdings Plc"/>
<dc element="dc.date.published" value="1996-10-21"/>
<dc element="dc.source" value="Reuters"/>
<dc element="dc.creator.location" value="STOCKHOLM"/>
<dc element="dc.creator.location.country.name" value="SWEDEN"/>
<dc element="dc.source" value="Reuters"/>
</metadata>
</newsitem>
