<?xml version="1.0" encoding="iso-8859-1" ?>
<newsitem itemid="131677" id="root" date="1996-10-21" xml:lang="en">
<title>PORTUGAL: Lisbon bourse apathy due to rise of other markets.</title>
<headline>Lisbon bourse apathy due to rise of other markets.</headline>
<dateline>LISBON 1996-10-21</dateline>
<text>
<p>Apathetic trade on Lisbon bourse in recent sessions is explained by the rise of foreign markets and the forthcoming flotation of Deutsche Telekom, dealers said.</p>
<p>&quot;The rise of foreign markets means investors are ignoring the local market in order to make more money elsewhere, and the flotation of Deutsche Telekom is cutting back trade in Portugal Telecom (PT),&quot; said Jose Freire, analyst with broker Eser.</p>
<p>PT, traditionally one of the most liquid stocks on Lisbon bourse, could trade heavily again after the flotation of Deutsche Telekom due on November 18, analysts said.</p>
<p>Carlos Peixoto of broker Ascor-Dealer said many investors were studying the 1997 budget proposals before taking further decisions on share investments. Parliament is expected to pass the budget in a vote on December 11.</p>
<p>&quot;I think the budget has weighed on share volume. Foreign investors are absent,&quot; Peixoto said.</p>
<p>Analysts said the announcement of third quarter bank results from next week could animate the Lisbon market.</p>
<p>-- Paula Cordeiro, Lisbon newsroom +351-1-3538254</p>
</text>
<copyright>(c) Reuters Limited 1996</copyright>
<metadata>
<codes class="bip:countries:1.0">
  <code code="PORL">
    <editdetail attribution="Reuters BIP Coding Group" action="confirmed" date="1996-10-21"/>
  </code>
</codes>
<codes class="bip:topics:1.0">
  <code code="M11">
    <editdetail attribution="Reuters BIP Coding Group" action="confirmed" date="1996-10-21"/>
  </code>
  <code code="MCAT">
    <editdetail attribution="Reuters BIP Coding Group" action="confirmed" date="1996-10-21"/>
  </code>
</codes>
<dc element="dc.date.created" value="1996-10-21"/>
<dc element="dc.publisher" value="Reuters Holdings Plc"/>
<dc element="dc.date.published" value="1996-10-21"/>
<dc element="dc.source" value="Reuters"/>
<dc element="dc.creator.location" value="LISBON"/>
<dc element="dc.creator.location.country.name" value="PORTUGAL"/>
<dc element="dc.source" value="Reuters"/>
</metadata>
</newsitem>
