<?xml version="1.0" encoding="iso-8859-1" ?>
<newsitem itemid="13167" id="root" date="1996-08-25" xml:lang="en">
<title>AUSTRALIA: RTRS-Australian Explorers Index down in mixed week.</title>
<headline>RTRS-Australian Explorers Index down in mixed week.</headline>
<dateline>PERTH 1996-08-26</dateline>
<text>
<p>Stockbroker Eyres Reed Ltd said its Australian Explorers Index fell 17.10 points or 0.62 percent last week. The All Ordinaries index rose 2.35 percent.</p>
<p>Changes, in percent:</p>
<p>	    Aug 23  Aug 16 pct     1 Month	   1 Year  pct</p>
<p>Explorers 2760.2  2777.3 (-0.62) 2726.8 (+1.22)  2009.3 (+37.37) ASX Gold  1995.2  1949.3 (+2.36) 1857.6 (+7.41)  1896.4  (+5.21) All Ords  2285.6  2233.3 (+2.35) 2135.9 (+7.01)  2101.5  (+8.76) Oil &amp; Gas 1286.6  1247.5 (+3.14) 1242.3 (+3.57)   951.6 (+35.21)</p>
<p>NOTE: The explorers index (base 500, March 1992) tracks the performance of 88 small capitalisation exploration companies.</p>
<p>&quot;The Eyres Reed Explorers Index had a mixed week with many small runners failing to follow through and hold their gains by week's end,&quot; Eyres Reed analyst Glen Colgan said in a commentary.</p>
<p>Falls outnumbered rises five to four.</p>
<p>Diamin Resources NL rose 0.5 cents to 4.3 cents as the company prepares to drill a possible kimberlite pipe in the Mad Gap project northwest of Halls Creek in the Kimberley region of Western Australia, Julia Mines NL edged up 1.5 cents to 18 cents after announcing several high grade RC drill intercepts from its Lady Irene prospect, North Menzies, WA, and Alliance Gold Mines NL responded positively to the increase in gold resources at its Union Hill North prospect, up 3.0 cents to 19.5 cents.</p>
<p>Other strong performances included Troy Resources NL up 8.0 cents to 60 cents, Sipa Resources Internationl NL up 2.0 cents to 24 cents, Roebuck Resources NL off recent lows, up 7.0 cents to 55 cents, and Central Bore Nickel NL up 0.9 cents to 4.2 cents after trading as high as 4.7 cents.</p>
<p>Planned merger partners General Gold Resources NL and Great Southern Mines NL both lost ground post their merger announcement. General Gold fell 4.0 cents to 53 cents and Great Southern fell 15 cents to 95 cents.</p>
<p>Other falls included Golden Tiger Resources NL , down 5.0 cents to 90 cents, Noble Resources NL off 1.5 cents to 7.5 cents, Amalg Resources NL off 5.5 cents to 47.5 cents and Venture Exploration NL, off 4.0 cents to 24 cents.</p>
<p>-- Sydney newsroom 61-2 9373-1800</p>
</text>
<copyright>(c) Reuters Limited 1996</copyright>
<metadata>
<codes class="bip:countries:1.0">
  <code code="AUSTR">
    <editdetail attribution="Reuters BIP Coding Group" action="confirmed" date="1996-08-25"/>
  </code>
</codes>
<codes class="bip:industries:1.0">
  <code code="I21000">
    <editdetail attribution="Reuters BIP Coding Group" action="confirmed" date="1996-08-25"/>
  </code>
  <code code="I23000">
    <editdetail attribution="Reuters BIP Coding Group" action="confirmed" date="1996-08-25"/>
  </code>
</codes>
<codes class="bip:topics:1.0">
  <code code="C15">
    <editdetail attribution="Reuters BIP Coding Group" action="confirmed" date="1996-08-25"/>
  </code>
  <code code="C152">
    <editdetail attribution="Reuters BIP Coding Group" action="confirmed" date="1996-08-25"/>
  </code>
  <code code="CCAT">
    <editdetail attribution="Reuters BIP Coding Group" action="confirmed" date="1996-08-25"/>
  </code>
  <code code="M11">
    <editdetail attribution="Reuters BIP Coding Group" action="confirmed" date="1996-08-25"/>
  </code>
  <code code="MCAT">
    <editdetail attribution="Reuters BIP Coding Group" action="confirmed" date="1996-08-25"/>
  </code>
</codes>
<dc element="dc.date.created" value="1996-08-26"/>
<dc element="dc.publisher" value="Reuters Holdings Plc"/>
<dc element="dc.date.published" value="1996-08-25"/>
<dc element="dc.source" value="Reuters"/>
<dc element="dc.creator.location" value="PERTH"/>
<dc element="dc.creator.location.country.name" value="AUSTRALIA"/>
<dc element="dc.source" value="Reuters"/>
</metadata>
</newsitem>
