<?xml version="1.0" encoding="iso-8859-1" ?>
<newsitem itemid="131688" id="root" date="1996-10-21" xml:lang="en">
<title>FRANCE: Nantes airfreight traffic up 11.3 pct Jan-Sept.</title>
<headline>Nantes airfreight traffic up 11.3 pct Jan-Sept.</headline>
<dateline>PARIS 1996-10-21</dateline>
<text>
<p>Nantes-Atlantique airport said air cargo traffic in the first eight months of the year totalled 1,561 tonnes up 11.3 percent on the same period in 1995.</p>
<p>Since mid-September 1996, United Parcel Service, has operated a weekday Paris/CDG- Nantes cargo feeder rotation using a two-tonne capacity Beechcraft 1900 aircraft.</p>
<p>Nantes is also linked to DHL Worldwide Express' European hub at Brussels via an overnight all-cargo service operated by a six-tonne capacity Convair aircraft.</p>
<p>In addition, freight is also carried in the bellyholds of airlines passenger schedules from Nantes.</p>
<p>The airlines include Air France Europe and Alitalia.</p>
<p>KLM operates daily trucking services to Amsterdam and Paris from Nantes.</p>
<p>The airport is also part of Air France Europe's trucking network.</p>
<p>January-August 1996 postal traffic handled at Nantes totalled 4,130 tonnes, up 6.9 percent on the first eight months of last year.</p>
<p>French airline, L'Aeropostale, carries overnight mail between its Paris-CDG hub and Nantes on a regular basis, using Boeing 737C (quick-change) aircraft. - Air Cargo Newsroom Tel+44 171 542 7706 Fax+44 171 542 5017</p>
</text>
<copyright>(c) Reuters Limited 1996</copyright>
<metadata>
<codes class="bip:countries:1.0">
  <code code="FRA">
    <editdetail attribution="Reuters BIP Coding Group" action="confirmed" date="1996-10-21"/>
  </code>
</codes>
<codes class="bip:industries:1.0">
  <code code="I76400">
    <editdetail attribution="Reuters BIP Coding Group" action="confirmed" date="1996-10-21"/>
  </code>
  <code code="I77002">
    <editdetail attribution="Reuters BIP Coding Group" action="confirmed" date="1996-10-21"/>
  </code>
</codes>
<codes class="bip:topics:1.0">
  <code code="C24">
    <editdetail attribution="Reuters BIP Coding Group" action="confirmed" date="1996-10-21"/>
  </code>
  <code code="C31">
    <editdetail attribution="Reuters BIP Coding Group" action="confirmed" date="1996-10-21"/>
  </code>
  <code code="CCAT">
    <editdetail attribution="Reuters BIP Coding Group" action="confirmed" date="1996-10-21"/>
  </code>
</codes>
<dc element="dc.date.created" value="1996-10-21"/>
<dc element="dc.publisher" value="Reuters Holdings Plc"/>
<dc element="dc.date.published" value="1996-10-21"/>
<dc element="dc.source" value="Reuters"/>
<dc element="dc.creator.location" value="PARIS"/>
<dc element="dc.creator.location.country.name" value="FRANCE"/>
<dc element="dc.source" value="Reuters"/>
</metadata>
</newsitem>
