<?xml version="1.0" encoding="iso-8859-1" ?>
<newsitem itemid="131745" id="root" date="1996-10-21" xml:lang="en">
<title>REPUBLIC OF IRELAND: Guinness Ireland unveils marketing campaign.</title>
<headline>Guinness Ireland unveils marketing campaign.</headline>
<dateline>DUBLIN 1996-10-21</dateline>
<text>
<p>Guinness Ireland on Monday launched a 12 million punt integrated marketing campaign for Guinness stout based on the theme The Big Pint'.</p>
<p>This is the first integrated campaign for Guinness Plc's Irish division and will include television, radio, outdoor and press advertising in conjunction with trade communications and consumer promotions.</p>
<p>The campaign is directed at younger drinkers aged 18-24 years and further stages of the campaign are planned for Christmas and early 1997.</p>
<p>The television advertising campaign comprises three 60 second commercials in which three wisemen, a Chinese man, an Indian and an American Indian, ponder how the Big Pint of Guinness can fit in a human hand.</p>
<p>They conclude &quot;Don't ponder it, just drink it&quot;.</p>
<p>-- Dublin Newsroom +353 1 676 9775</p>
</text>
<copyright>(c) Reuters Limited 1996</copyright>
<metadata>
<codes class="bip:countries:1.0">
  <code code="IRE">
    <editdetail attribution="Reuters BIP Coding Group" action="confirmed" date="1996-10-21"/>
  </code>
</codes>
<codes class="bip:topics:1.0">
  <code code="C32">
    <editdetail attribution="Reuters BIP Coding Group" action="confirmed" date="1996-10-21"/>
  </code>
</codes>
<dc element="dc.date.created" value="1996-10-21"/>
<dc element="dc.publisher" value="Reuters Holdings Plc"/>
<dc element="dc.date.published" value="1996-10-21"/>
<dc element="dc.source" value="Reuters"/>
<dc element="dc.creator.location" value="DUBLIN"/>
<dc element="dc.creator.location.country.name" value="REPUBLIC OF IRELAND"/>
<dc element="dc.source" value="Reuters"/>
</metadata>
</newsitem>
