<?xml version="1.0" encoding="iso-8859-1" ?>
<newsitem itemid="131710" id="root" date="1996-10-21" xml:lang="en">
<title>GERMANY: Gehe silent on bid plans, shares steady.</title>
<headline>Gehe silent on bid plans, shares steady.</headline>
<dateline>STUTTGART 1996-10-21</dateline>
<text>
<p>German pharmaceuctical wholesaler Gehe AG on Monday kept silent on its possible plans to launch a new bid for U.K. group Lloyds Chemists Plc, a move that initially pushed shares down over two percent in early trade.</p>
<p>By 1008 GMT however Gehe shares had recovered all losses to trade up one mark at 109 after testing a session low of 106 marks. The broader market was down 0.30 percent at 2,726.54 points.</p>
<p>Gehe, locked in a bitter 10-month takeover battle with U.K. group UniChem, on Monday again refused to comment on its specific future plans after saying it was still generally interested in taking over the British pharmacy chain.</p>
<p>&quot;We will inform the public when a decision is reached,&quot; a Gehe official said in answer to a Reuter enquiry on when another bid might be announced. The company had almost three weeks to consider its next step, it said.</p>
<p>All along Gehe executives have hinted that a future bid for Lloyds Chemists would have to be lower after British monopoly authorities demanded that a number of Lloyds units be sold off before a merger.</p>
<p>But now analysts speculate that Gehe has little room to submit a much lower bid as such a move would risk it being beaten to the prize by rival UniChem's new 638.8 million sterling bid.</p>
<p>Gehe earlier this year submitted a 650 million sterling cash offer for the group.</p>
<p>--Svea Herbst-Bayliss, Frankfurt Newsroom, +49 69 756525</p>
</text>
<copyright>(c) Reuters Limited 1996</copyright>
<metadata>
<codes class="bip:countries:1.0">
  <code code="GFR">
    <editdetail attribution="Reuters BIP Coding Group" action="confirmed" date="1996-10-21"/>
  </code>
  <code code="UK">
    <editdetail attribution="Reuters BIP Coding Group" action="confirmed" date="1996-10-21"/>
  </code>
</codes>
<codes class="bip:industries:1.0">
  <code code="I61000">
    <editdetail attribution="Reuters BIP Coding Group" action="confirmed" date="1996-10-21"/>
  </code>
  <code code="I64300">
    <editdetail attribution="Reuters BIP Coding Group" action="confirmed" date="1996-10-21"/>
  </code>
</codes>
<codes class="bip:topics:1.0">
  <code code="C15">
    <editdetail attribution="Reuters BIP Coding Group" action="confirmed" date="1996-10-21"/>
  </code>
  <code code="C152">
    <editdetail attribution="Reuters BIP Coding Group" action="confirmed" date="1996-10-21"/>
  </code>
  <code code="C18">
    <editdetail attribution="Reuters BIP Coding Group" action="confirmed" date="1996-10-21"/>
  </code>
  <code code="C181">
    <editdetail attribution="Reuters BIP Coding Group" action="confirmed" date="1996-10-21"/>
  </code>
  <code code="CCAT">
    <editdetail attribution="Reuters BIP Coding Group" action="confirmed" date="1996-10-21"/>
  </code>
</codes>
<dc element="dc.date.created" value="1996-10-21"/>
<dc element="dc.publisher" value="Reuters Holdings Plc"/>
<dc element="dc.date.published" value="1996-10-21"/>
<dc element="dc.source" value="Reuters"/>
<dc element="dc.creator.location" value="STUTTGART"/>
<dc element="dc.creator.location.country.name" value="GERMANY"/>
<dc element="dc.source" value="Reuters"/>
</metadata>
</newsitem>
