<?xml version="1.0" encoding="iso-8859-1" ?>
<newsitem itemid="131730" id="root" date="1996-10-21" xml:lang="en">
<title>UK: Key stock and currency market movements at 1600 GMT.</title>
<headline>Key stock and currency market movements at 1600 GMT.</headline>
<dateline>LONDON 1996-10-21</dateline>
<text>
<p>The following table shows the latest close of key indices* on major world stock exchanges, the day's change in points and the indices' 1996 closing highs and lows (with dates). Also shown are the London closing values of the German mark, the Japanese yen, the British pound and gold bullion (previous day's closes in brackets):</p>
<p>		  OCT 21     DAY'S CHANGE    1996 HIGH   1996 LOW</p>
<p>		  CLOSE	 IN POINTS</p>
<p> NEW YORK    6,116.96	+22.73	 6,059.20    5,032.94</p>
<p>		 (midday)			 (Oct 17)     (Jan 10)</p>
<p> LONDON	4,073.1	 +20.0	  4,073.1     3,632.3</p>
<p>						    (Oct 21)     (Jul 16)</p>
<p> TOKYO	21,302.95     -309.35	22,666.80   19,734.70</p>
<p>						    (Jun 26)     (Mar 13)</p>
<p> FRANKFURT   2,729.03	 -5.79	 2,734.82    2,284.86</p>
<p>						    (Oct 18)     (Jan 2)</p>
<p> PARIS	 2,180.22	 -5.01	 2,185.23    1,897.85</p>
<p>						    (Oct 18)     (Jan 11)</p>
<p> SYDNEY	2,363.20	 +8.20	 2,366.20    2,096.10</p>
<p>						    (Oct 15)     (Jul 17)</p>
<p> HONG KONG     MARKET HOLIDAY	    12,510.05   10,204.87</p>
<p>						    (Oct 18)     (Jan 2)</p>
<p>- - - - FOREIGN EXCHANGE/GOLD BULLION CLOSE IN LONDON  Dollar/mark... 1.5357   (1.5431)</p>
<p> Dollar/yen.... 112.72   (112.59)</p>
<p>Pound/dollar.. $1.5915  ($1.5915) Gold (ounce).. $381.75  ($380.15) - - - - *INDICES USED AND THEIR ALL-TIME CLOSING HIGHS New York Dow Jones industrial average -- 6,059.20 (Oct 17/96) London FTSE-100 index -- 4,073.1 (Oct 21/96) Tokyo Nikkei average -- 38,915.87 (Dec 29/89) Frankfurt DAX-3O index -- 2,734.82 (Oct 18/96) Paris CAC-40 General index -- 2,355.93 (Feb 2/94) Sydney Australian All-Ordinaries index -- 2,366.20 (Oct 15/94) Hong Kong Hang Seng index -- 12,510.05 (Oct 18/96)</p>
</text>
<copyright>(c) Reuters Limited 1996</copyright>
<metadata>
<codes class="bip:countries:1.0">
  <code code="FRA">
    <editdetail attribution="Reuters BIP Coding Group" action="confirmed" date="1996-10-21"/>
  </code>
  <code code="GFR">
    <editdetail attribution="Reuters BIP Coding Group" action="confirmed" date="1996-10-21"/>
  </code>
  <code code="HKONG">
    <editdetail attribution="Reuters BIP Coding Group" action="confirmed" date="1996-10-21"/>
  </code>
  <code code="JAP">
    <editdetail attribution="Reuters BIP Coding Group" action="confirmed" date="1996-10-21"/>
  </code>
  <code code="UK">
    <editdetail attribution="Reuters BIP Coding Group" action="confirmed" date="1996-10-21"/>
  </code>
</codes>
<codes class="bip:topics:1.0">
  <code code="M11">
    <editdetail attribution="Reuters BIP Coding Group" action="confirmed" date="1996-10-21"/>
  </code>
  <code code="M132">
    <editdetail attribution="Reuters BIP Coding Group" action="confirmed" date="1996-10-21"/>
  </code>
</codes>
<dc element="dc.date.created" value="1996-10-21"/>
<dc element="dc.publisher" value="Reuters Holdings Plc"/>
<dc element="dc.date.published" value="1996-10-21"/>
<dc element="dc.source" value="Reuters"/>
<dc element="dc.creator.location" value="LONDON"/>
<dc element="dc.creator.location.country.name" value="UK"/>
<dc element="dc.source" value="Reuters"/>
</metadata>
</newsitem>
