<?xml version="1.0" encoding="iso-8859-1" ?>
<newsitem itemid="13170" id="root" date="1996-08-25" xml:lang="en">
<title>AUSTRALIA: RTRS-CONSENSUS-Australian economic forecasts.</title>
<headline>RTRS-CONSENSUS-Australian economic forecasts.</headline>
<dateline>SYDNEY 1996-08-26</dateline>
<text>
<p>The following Australian economic indicators and events are scheduled for this week.</p>
<p>    DAY   GMT    Indicator	    Period  Forecast   Previous</p>
<p>    Mon  0130  Stocks (inventories)     Q2   n/a	 +0.7 pct</p>
<p>    Tue  0130  Net exports		  Q2  -0.9(act)  flat</p>
<p>    Wed  0130  Foreign debt		 Q2   185.9 bln 184.8 bln</p>
<p>    Thu  0130  Balance of payments     Jul   1.3 bln  -1,291 bln</p>
<p>    Thu  2245  DEET skilled vacancies  Aug   n/f	 -2.1 pct</p>
<p>    Fri  0130  Retail trade		Jul   +0.3 pct  +0.1 pct</p>
<p>    Fri  0130  Building approvals	Jul   +4.0 pct  -7.9 pct</p>
<p>--------------Calendar for Sept 2 Week---------------------- </p>
<p>Mon  0230  Treasury Sec Evans at business economists lunch</p>
<p>Tue  ----  Reserve Bank Board meeting</p>
<p>------------------------------------------------------------</p>
<p>QUESTION OF THE WEEK - In the aftermath of this week's budget and the revised outlook on Australia to positive by Standard &amp; Poor's, economists were asked for their forecasts for the 10-year bond yield, the 10-year yield spread to the U.S., and the Australian dollar versus the U.S. at end-December.</p>
<p>Economists generally expect bond yields to retrace their steps slightly by year-end, but primarily on the back of a weakening U.S. Treasury market, which is seen facing tighter monetary policy amid a rebounding economy.</p>
<p>However, Australia's positive outlook on inflation, international confidence in the the country post-budget and S&amp;P's revised outlook, and the prospect of a further cut in official interest rates should see the local market's outperformance against the U.S. continue and see the yield spread compress further.</p>
<p>The 10-year bond yield touched its lowest level since March 1994 on Wednesday at just below 7.80 percent following the budget and S&amp;P's report, while the spread currently stands at around 125 basis points, its lowest level in over two years and half the level seen last April.</p>
<p>Meanwhile, the Australian dollar will be underpinned by a global economic rebound, stronger commodity prices and through demand for Australian debt for the reasons above.</p>
<p>However, the possibility of another rate cut and a further erosion of the yield diffential, particularly if the U.S. does tighten, could weigh on the currency.</p>
<p>The AUD was trading just over US$79 cents on Friday.</p>
<p>		    Net Foreign   Balance of   Retail   Building</p>
<p>		     Debt Q2	Payments     Trade    Approvals</p>
<p>		     (A$bln)	 (A$bln)     (pct)	(pct)</p>
<p>ABN Amro	     n/f	    1.2	  +0.5	  n/f</p>
<p>AMP		   184.00	  1.6	  +0.5	 +3.0</p>
<p>Access		187.5	   n/a	   n/a	  n/a</p>
<p>ANZ Banking	  n/f	    1.1	  -0.3	 +8.0</p>
<p>ANZ Securities    184.0	   1.45	 -0.5	 +5.0</p>
<p>Bain		  186.0	   1.4	  flat	 +2.0</p>
<p>BT Australia	185.9	   1.2	  +0.5	 +6.0</p>
<p>BZW Australia     185.6	   1.6	  +0.1	 +2.3</p>
<p>Citibank	    182-186     1.2-1.6   flat-+0.4     +3-6</p>
<p>Commonwealth	186.0	   1.4	  +0.5	 +5.0</p>
<p>County Natwest    187.0	   1.5	  +0.4	 +2.0</p>
<p>CS 1st Boston     185.0	   1.2	  +1.0	 +3.5</p>
<p>Dresdner	    187.0	   1.4	  -0.25	flat</p>
<p>GIO Australia     184.2	   1.2	  +0.4	+10.0</p>
<p>HongKong	     n/f	    1.3	  +0.2	 +4.5</p>
<p>JB Were	     185.5	   1.1	  flat	 +3.0</p>
<p>JP Morgan	    n/f	    1.15	 +0.3	 +7.0</p>
<p>Macquarie	   188.0	   1.3	  +0.4	 +2.0</p>
<p>McIntosh	    187.5	   1.4	  flat	 +5.0</p>
<p>Merrills	    186.0	   1.3	  +0.3	 +5.0</p>
<p>NAB		   187.8	   1.5	  +0.5	 -2.0</p>
<p>Nomura		n/a	     1.3	  flat	 n/a</p>
<p>Pru Bache	   182.00	  1.2	  +0.4	 +3.5</p>
<p>Rothschild	  178.00	  1.2	  +0.5	 +6.0</p>
<p>SBC Warburg	 187.00	  1.4	  +0.5	 +6.0</p>
<p>State Bank	  184.5	   1.35	 +0.3	 +4.5</p>
<p>UBS		   186.00	  1.35	 +0.8	 +3.0</p>
<p>Westpac	     185.00	  1.40	 flat	 +5.0</p>
<p>---------------------------------------------------------------</p>
<p>    Low	     178.00	  1.1	  -0.5	 -2.0</p>
<p>    High	    188.00	  1.6	  +1.0	+10.0</p>
<p>    Average	 185.40	  1.3	  +0.3	 +4.0</p>
<p>    Median	  185.90	  1.3	  +0.4	 +4.0</p>
<p>----------------------------------------------------------------</p>
<p>BY END 1996	     10-yr	  AU/US	   A$</p>
<p>			    yields	 Spread     (US cents)</p>
<p>ABN Amro		  7.50	   120	    79.00</p>
<p>Access		    8.00	    90	    79.10</p>
<p>ANZ Banking	     8.40	   130	    79.00</p>
<p>ANZ Securities	  8.00	   110	    79.00</p>
<p>Bain			7.60	   100	    80.00</p>
<p>BT Australia	   7.5-8.0	 125	    77.00</p>
<p>BZW Australia	   8.25	   130-150	78.50</p>
<p>Citibank		  7.50	   100	    80.00</p>
<p>Commonwealth	    8.20	   140	    79.00</p>
<p>County Natwest	  7.50	   120	    77.00</p>
<p>CS 1st Boston	   7.85	   135	    79.00</p>
<p>Dresdner		  7.80	   150	    80.00</p>
<p>GIO Australia	   n/f	    n/f	    80.00</p>
<p>HongKong		  8.0	    140	    79.50</p>
<p>JB Were		   8.2	    100	    77.00</p>
<p>JP Morgan		 8.8	    150	    77.00</p>
<p>Macquarie		 7.75	 100/125	  80.00</p>
<p>McIntosh		  8.0	    130	    76.00</p>
<p>Merrills		  8.0	    100	    77.00</p>
<p>Nomura		    7.60	    90	    78.00</p>
<p>Pru Bache		 7.75	   120	    80.00</p>
<p>Rothschild		7.25	   125	    76.00</p>
<p>SBC Warburg	     8.50	    70	    76.00</p>
<p>State Bank		7.90	   140	    78.00</p>
<p>UBS			 7.50	   110	    77.00</p>
<p>Westpac		   7.80	   100	    75.00</p>
<p>---------------------------------------------------------------</p>
<p>    Low		   7.25	    70	    75.00</p>
<p>    High		  8.80	   150	    80.00</p>
<p>    Average	     7.90	   118	    78.20</p>
<p>    Median		7.85	   120	    78.75</p>
<p>----------------------------------------------------------------</p>
<p>June Quarter stocks and net exports were largely reduced to irrelevance by the early release June quarter GDP data and few analysts bothered to forecast either.</p>
<p>NET FOREIGN DEBT</p>
<p>Net foreign debt is seen widening a little to around A$186 billion from A$184.8 in the March quarter as the monthly run of current account deficits are only partly compensated for by the appreciation of the A$ in the quarter -- that automatically  </p>
<p>reduces the nominal value of debt denominated in foreign currencies. The figure may reinforce some analysts suspicions that the level of debt may have finally plateaued in a A$180/185 bln range after more than doubling between 1986/87 and 1994/95.</p>
<p>CURRENT ACCOUNT DEFICIT</p>
<p>The July's current account deficit looks like being close to June's surprisingly low A$1.29 billion thanks to an already reported three percent fall in merchandise imports in July. However, the net income deficit is something of an unknown since the ABS will have the first details from the June qtr Survey of  </p>
<p>Foreign Investment. These more up-to-date figures could also prompt a revision of past net income defcits.</p>
<p>RETAIL TRADE</p>
<p>Retail trade was seen recording a small gain in July in line with a flattening trend in recent months and only modest employment growth. Cuts in mortgage interest rates that month might have helped sentiment but borrowers' bills would not have reflected the easing for a month or so. Consumers might also have been intimidated by growing negative press speculation ahead of the August budget.</p>
<p>BUILDING APPROVALS</p>
<p>Building approvals should show a reasonable rise for July but only because June's 7.9 percent fall was far sharper than expected. The trend should remain flat to slightly negative and analysts see little prospect of a pickup until mortgage commitments show some sustained growth and the overhang of surplus property declines.</p>
<p>-- Sydney Newsroom 61-2 9373 1800</p>
</text>
<copyright>(c) Reuters Limited 1996</copyright>
<metadata>
<codes class="bip:countries:1.0">
  <code code="AUSTR">
    <editdetail attribution="Reuters BIP Coding Group" action="confirmed" date="1996-08-25"/>
  </code>
</codes>
<codes class="bip:topics:1.0">
  <code code="E71">
    <editdetail attribution="Reuters BIP Coding Group" action="confirmed" date="1996-08-25"/>
  </code>
  <code code="ECAT">
    <editdetail attribution="Reuters BIP Coding Group" action="confirmed" date="1996-08-25"/>
  </code>
</codes>
<dc element="dc.date.created" value="1996-08-26"/>
<dc element="dc.publisher" value="Reuters Holdings Plc"/>
<dc element="dc.date.published" value="1996-08-25"/>
<dc element="dc.source" value="Reuters"/>
<dc element="dc.creator.location" value="SYDNEY"/>
<dc element="dc.creator.location.country.name" value="AUSTRALIA"/>
<dc element="dc.source" value="Reuters"/>
</metadata>
</newsitem>
