<?xml version="1.0" encoding="iso-8859-1" ?>
<newsitem itemid="131783" id="root" date="1996-10-21" xml:lang="en">
<title>FINLAND: FINLAND BANK OCT DAILY LIQUIDITY NEED FIM 6.11 BLN.</title>
<headline>FINLAND BANK OCT DAILY LIQUIDITY NEED FIM 6.11 BLN.</headline>
<dateline>HELSINKI 1996-10-21</dateline>
<text>
<p>The Bank of Finland said on</p>
<p>Monday the required daily money market liquidity balance for the</p>
<p>rest of the month was 6.11 billion markka.</p>
<p>The central bank gave the following figures (FIM mln):</p>
<p> Liquidity estimate for Oct 23			6,200</p>
<p> Minimum reserve requirement for Oct		6,469</p>
<p> Average reserves to Oct 20			   6,669</p>
<p> Required daily balance for remaining period    6,112</p>
<p>-- Helsinki newsroom, +358-9-680 50 245</p>
</text>
<copyright>(c) Reuters Limited 1996</copyright>
<metadata>
<codes class="bip:countries:1.0">
  <code code="FIN">
    <editdetail attribution="Reuters BIP Coding Group" action="confirmed" date="1996-10-21"/>
  </code>
</codes>
<codes class="bip:topics:1.0">
  <code code="M13">
    <editdetail attribution="Reuters BIP Coding Group" action="confirmed" date="1996-10-21"/>
  </code>
  <code code="M131">
    <editdetail attribution="Reuters BIP Coding Group" action="confirmed" date="1996-10-21"/>
  </code>
  <code code="MCAT">
    <editdetail attribution="Reuters BIP Coding Group" action="confirmed" date="1996-10-21"/>
  </code>
</codes>
<dc element="dc.date.created" value="1996-10-21"/>
<dc element="dc.publisher" value="Reuters Holdings Plc"/>
<dc element="dc.date.published" value="1996-10-21"/>
<dc element="dc.source" value="Reuters"/>
<dc element="dc.creator.location" value="HELSINKI"/>
<dc element="dc.creator.location.country.name" value="FINLAND"/>
<dc element="dc.source" value="Reuters"/>
</metadata>
</newsitem>
