<?xml version="1.0" encoding="iso-8859-1" ?>
<newsitem itemid="131775" id="root" date="1996-10-21" xml:lang="en">
<title>GREECE: ALPHA CREDIT BANK HOLDS PRIME RATE AT 17.25PCT.</title>
<headline>ALPHA CREDIT BANK HOLDS PRIME RATE AT 17.25PCT.</headline>
<dateline>ATHENS 1996-10-21</dateline>
<text>
<p>Greece's Alpha Credit Bank will keep its prime rate for working capital and fixed asset loans unchanged at 17.25 percent, it said in a statement.</p>
<p>Alpha Credit, which reviews its rates weekly, said the maximum add-on would remain unchanged at 3.5 percent.</p>
<p>Its adjustable-rate mortgages are set at 17.50 percent. The bank launched 15-year mortgages in October 1995 with rates set at 12.0 percent for the first five years. --George Georgiopoulos, Athens Newsroom +301 3311812-4</p>
</text>
<copyright>(c) Reuters Limited 1996</copyright>
<metadata>
<codes class="bip:countries:1.0">
  <code code="GREECE">
    <editdetail attribution="Reuters BIP Coding Group" action="confirmed" date="1996-10-21"/>
  </code>
</codes>
<codes class="bip:industries:1.0">
  <code code="I81402">
    <editdetail attribution="Reuters BIP Coding Group" action="confirmed" date="1996-10-21"/>
  </code>
</codes>
<codes class="bip:topics:1.0">
  <code code="C31">
    <editdetail attribution="Reuters BIP Coding Group" action="confirmed" date="1996-10-21"/>
  </code>
  <code code="CCAT">
    <editdetail attribution="Reuters BIP Coding Group" action="confirmed" date="1996-10-21"/>
  </code>
</codes>
<dc element="dc.date.created" value="1996-10-21"/>
<dc element="dc.publisher" value="Reuters Holdings Plc"/>
<dc element="dc.date.published" value="1996-10-21"/>
<dc element="dc.source" value="Reuters"/>
<dc element="dc.creator.location" value="ATHENS"/>
<dc element="dc.creator.location.country.name" value="GREECE"/>
<dc element="dc.source" value="Reuters"/>
</metadata>
</newsitem>
