<?xml version="1.0" encoding="iso-8859-1" ?>
<newsitem itemid="131795" id="root" date="1996-10-21" xml:lang="en">
<title>UK: KFW unit sets NZ$100 million five-year bond.</title>
<headline>KFW unit sets NZ$100 million five-year bond.</headline>
<dateline>LONDON 1996-10-21</dateline>
<text>
<p>The following bond was announced</p>
<p>by joint lead managers Toronto Dominion and Deutsche Morgan</p>
<p>Grenfell.</p>
<p> BORROWER   KFW INTERNATIONAL FINANCE</p>
<p>GUARANTOR  KREDITANSTALT FUER WEIDERAUFBAU</p>
<p> AMT    NZ$100 MLN    COUPON     7.50 PCT  MATURITY    08.NOV.01</p>
<p> TYPE	 STRAIGHT  ISS PRICE  101.46    PAY DATE    08.NOV.96</p>
<p> FULL FEES  2.0 PCT   REOFFER    =	   SPREAD	 =</p>
<p> MOODY	AAA	 LISTING    LUX</p>
<p> S&amp;P	  AAA	 DENOMS (K) 1-10-100</p>
<p>SALE LIMITS US/UK/NZ/DE</p>
<p> NEG PLG    NO	  CRS DEFLT  YES	 FORCE MAJ   YES</p>
<p> GOV LAW    NEW YORK  MGT/UND    0.50	SELL CONC   1.50</p>
<p>-- London Newsroom +44 171 542 7658</p>
</text>
<copyright>(c) Reuters Limited 1996</copyright>
<metadata>
<codes class="bip:countries:1.0">
  <code code="GFR">
    <editdetail attribution="Reuters BIP Coding Group" action="confirmed" date="1996-10-21"/>
  </code>
  <code code="UK">
    <editdetail attribution="Reuters BIP Coding Group" action="confirmed" date="1996-10-21"/>
  </code>
</codes>
<codes class="bip:industries:1.0">
  <code code="I81501">
    <editdetail attribution="Reuters BIP Coding Group" action="confirmed" date="1996-10-21"/>
  </code>
  <code code="I8150106">
    <editdetail attribution="Reuters BIP Coding Group" action="confirmed" date="1996-10-21"/>
  </code>
</codes>
<codes class="bip:topics:1.0">
  <code code="C17">
    <editdetail attribution="Reuters BIP Coding Group" action="confirmed" date="1996-10-21"/>
  </code>
  <code code="C172">
    <editdetail attribution="Reuters BIP Coding Group" action="confirmed" date="1996-10-21"/>
  </code>
  <code code="CCAT">
    <editdetail attribution="Reuters BIP Coding Group" action="confirmed" date="1996-10-21"/>
  </code>
</codes>
<dc element="dc.date.created" value="1996-10-21"/>
<dc element="dc.publisher" value="Reuters Holdings Plc"/>
<dc element="dc.date.published" value="1996-10-21"/>
<dc element="dc.source" value="Reuters"/>
<dc element="dc.creator.location" value="LONDON"/>
<dc element="dc.creator.location.country.name" value="UK"/>
<dc element="dc.source" value="Reuters"/>
</metadata>
</newsitem>
