<?xml version="1.0" encoding="iso-8859-1" ?>
<newsitem itemid="131714" id="root" date="1996-10-21" xml:lang="en">
<title>GERMANY: New Sanacorp shares priced at 35 marks.</title>
<headline>New Sanacorp shares priced at 35 marks.</headline>
<dateline>FRANKFURT 1996-10-21</dateline>
<text>
<p>New shares in German pharmaceutical wholesaler group Sanacorp Pharmahandel AG will be issued at 35 marks each, the top of their bookbuilding range, lead manager DG Bank said on Monday.</p>
<p>Roughly two million Sanacorp shares, each with a par value of five marks, are due to be listed from October 25 on the Frankfurt and Munich stock exchanges.</p>
<p>DG Bank said the share offer was oversubscribed 37-fold during the bookbuilding phase.</p>
<p>Sanacorp, Germany's fourth largest drugs wholesaler, has said the offering will help it equip itself better against its competitors in Germany and Europe.</p>
<p>The company plans to invest part of the capital generated by the offering in its existing operations and set aside some to finance future acquisitions in Europe.</p>
<p>--Frankfurt Newsroom, +49 69 756525</p>
</text>
<copyright>(c) Reuters Limited 1996</copyright>
<metadata>
<codes class="bip:countries:1.0">
  <code code="GFR">
    <editdetail attribution="Reuters BIP Coding Group" action="confirmed" date="1996-10-21"/>
  </code>
</codes>
<codes class="bip:industries:1.0">
  <code code="I61000">
    <editdetail attribution="Reuters BIP Coding Group" action="confirmed" date="1996-10-21"/>
  </code>
</codes>
<codes class="bip:topics:1.0">
  <code code="C17">
    <editdetail attribution="Reuters BIP Coding Group" action="confirmed" date="1996-10-21"/>
  </code>
  <code code="C171">
    <editdetail attribution="Reuters BIP Coding Group" action="confirmed" date="1996-10-21"/>
  </code>
  <code code="CCAT">
    <editdetail attribution="Reuters BIP Coding Group" action="confirmed" date="1996-10-21"/>
  </code>
</codes>
<dc element="dc.date.created" value="1996-10-21"/>
<dc element="dc.publisher" value="Reuters Holdings Plc"/>
<dc element="dc.date.published" value="1996-10-21"/>
<dc element="dc.source" value="Reuters"/>
<dc element="dc.creator.location" value="FRANKFURT"/>
<dc element="dc.creator.location.country.name" value="GERMANY"/>
<dc element="dc.source" value="Reuters"/>
</metadata>
</newsitem>
