<?xml version="1.0" encoding="iso-8859-1" ?>
<newsitem itemid="131761" id="root" date="1996-10-21" xml:lang="en">
<title>CZECH REPUBLIC: Bass to exercise option in Czech brewer PP.</title>
<headline>Bass to exercise option in Czech brewer PP.</headline>
<dateline>PRAGUE 1996-10-21</dateline>
<text>
<p>British brewer Bass Plc said on Monday it would probably exercise an option in Prazske Pivovary a.s. at the beginning of November to give it a majority stake in the Prague-based brewer.</p>
<p>&quot;We have 46 percent in Prazske Pivovary now and we also have a five percent option exercisable at the beginning of November...I think we'll exercise that option,&quot; said Mervyn Childs, Bass country manager for the Czech Republic.</p>
</text>
<copyright>(c) Reuters Limited 1996</copyright>
<metadata>
<codes class="bip:countries:1.0">
  <code code="CZREP">
    <editdetail attribution="Reuters BIP Coding Group" action="confirmed" date="1996-10-21"/>
  </code>
</codes>
<dc element="dc.date.created" value="1996-10-21"/>
<dc element="dc.publisher" value="Reuters Holdings Plc"/>
<dc element="dc.date.published" value="1996-10-21"/>
<dc element="dc.source" value="Reuters"/>
<dc element="dc.creator.location" value="PRAGUE"/>
<dc element="dc.creator.location.country.name" value="CZECH REPUBLIC"/>
<dc element="dc.source" value="Reuters"/>
</metadata>
</newsitem>
