<?xml version="1.0" encoding="iso-8859-1" ?>
<newsitem itemid="131749" id="root" date="1996-10-21" xml:lang="en">
<title>USA: U.S. stocks seen lower, IBM reports net.</title>
<headline>U.S. stocks seen lower, IBM reports net.</headline>
<dateline>NEW YORK 1996-10-21</dateline>
<text>
<p>Wall Street stocks were expected to come in for some profit-taking at the opening on Monday after reaching for 6100 last week, with most investors focusing on International Business Machines Corp earnings.</p>
<p>IBM reported third quarter net per share of $2.45, $0.02 above the the First Call estimate, and traded up 1/8 at 129-1/2 ahead of the opening.</p>
<p>But the stock had a strong run on Friday in anticipation of the earnings and analysts said they did not expect it to move sharply in trading on Monday.</p>
</text>
<copyright>(c) Reuters Limited 1996</copyright>
<metadata>
<codes class="bip:countries:1.0">
  <code code="USA">
    <editdetail attribution="Reuters BIP Coding Group" action="confirmed" date="1996-10-21"/>
  </code>
</codes>
<codes class="bip:topics:1.0">
  <code code="M11">
    <editdetail attribution="Reuters BIP Coding Group" action="confirmed" date="1996-10-21"/>
  </code>
</codes>
<dc element="dc.date.created" value="1996-10-21"/>
<dc element="dc.publisher" value="Reuters Holdings Plc"/>
<dc element="dc.date.published" value="1996-10-21"/>
<dc element="dc.source" value="Reuters"/>
<dc element="dc.creator.location" value="NEW YORK"/>
<dc element="dc.creator.location.country.name" value="USA"/>
<dc element="dc.source" value="Reuters"/>
</metadata>
</newsitem>
