<?xml version="1.0" encoding="iso-8859-1" ?>
<newsitem itemid="131752" id="root" date="1996-10-21" xml:lang="en">
<title>POLAND: UNDERWRITERS TAKE MOST NEW BYTOM SHARES.</title>
<headline>UNDERWRITERS TAKE MOST NEW BYTOM SHARES.</headline>
<dateline>WARSAW 1996-10-21</dateline>
<text>
<p>The Polish garment maker ZO Bytom SA sold its entire 250,000-share new offering, with uderwriters taking up 145,838 shares, the company said in a statement.</p>
<p>It said that during the October 2-16 subscription bids for 250,000 shares priced at 27 zlotys were placed and all 392 subscribers who placed bids have been alloted shares.</p>
<p>The state-owned Bank Handlowy SA underwrote the entire 250,000 share offering at a 13-percent discount and with a stand-by fee of five percent. The shares were offered in a large investor 150,000-share tranche and a 100,000-share retail tranche. -- Warsaw Newsroom +48 22 653 9700</p>
</text>
<copyright>(c) Reuters Limited 1996</copyright>
<metadata>
<codes class="bip:countries:1.0">
  <code code="POL">
    <editdetail attribution="Reuters BIP Coding Group" action="confirmed" date="1996-10-21"/>
  </code>
</codes>
<codes class="bip:industries:1.0">
  <code code="I45300">
    <editdetail attribution="Reuters BIP Coding Group" action="confirmed" date="1996-10-21"/>
  </code>
</codes>
<codes class="bip:topics:1.0">
  <code code="C17">
    <editdetail attribution="Reuters BIP Coding Group" action="confirmed" date="1996-10-21"/>
  </code>
  <code code="C171">
    <editdetail attribution="Reuters BIP Coding Group" action="confirmed" date="1996-10-21"/>
  </code>
  <code code="CCAT">
    <editdetail attribution="Reuters BIP Coding Group" action="confirmed" date="1996-10-21"/>
  </code>
</codes>
<dc element="dc.date.created" value="1996-10-21"/>
<dc element="dc.publisher" value="Reuters Holdings Plc"/>
<dc element="dc.date.published" value="1996-10-21"/>
<dc element="dc.source" value="Reuters"/>
<dc element="dc.creator.location" value="WARSAW"/>
<dc element="dc.creator.location.country.name" value="POLAND"/>
<dc element="dc.source" value="Reuters"/>
</metadata>
</newsitem>
