<?xml version="1.0" encoding="iso-8859-1" ?>
<newsitem itemid="131767" id="root" date="1996-10-21" xml:lang="en">
<title>SWITZERLAND: Swiss press nine-month advertising volume slumps.</title>
<headline>Swiss press nine-month advertising volume slumps.</headline>
<dateline>ZURICH 1996-10-21</dateline>
<text>
<p>Advertising pages in major Swiss newspapers fell 9.5 percent in the first three quarters of 1996 compared with the same period of 1995, according to figures compiled by the WEMF media tracking agency.   (pct change in pages vs year-ago)    1996	  1995</p>
<p> Daily/weekly newspapers		  - 9.5	 + 5.6</p>
<p>    Commercial ads			  - 8.1	 + 3.0</p>
<p>    Employment ads			 - 18.8	+ 25.6</p>
<p> Free newspapers			    - 9.1	 + 2.9</p>
<p>    Commercial ads			  - 6.7	 + 2.1</p>
<p>    Employment ads			 - 30.9	+ 11.0</p>
<p> Magazines				    - 1.6	+ 14.6</p>
<p>    Multicolour ads			 + 2.3	+ 20.6</p>
<p>    Black and white ads		  - 10.4	 + 3.1</p>
<p> Specialised publications		 - 9.1	 + 1.2</p>
<p>    Multicolour ads			 - 6.5	 + 6.8</p>
<p>    Black and white ads		  - 10.2	 - 1.1</p>
<p>-- Zurich newsroom +41 1 631 7340</p>
</text>
<copyright>(c) Reuters Limited 1996</copyright>
<metadata>
<codes class="bip:countries:1.0">
  <code code="SWITZ">
    <editdetail attribution="Reuters BIP Coding Group" action="confirmed" date="1996-10-21"/>
  </code>
</codes>
<codes class="bip:topics:1.0">
  <code code="C31">
    <editdetail attribution="Reuters BIP Coding Group" action="confirmed" date="1996-10-21"/>
  </code>
  <code code="C32">
    <editdetail attribution="Reuters BIP Coding Group" action="confirmed" date="1996-10-21"/>
  </code>
</codes>
<dc element="dc.date.created" value="1996-10-21"/>
<dc element="dc.publisher" value="Reuters Holdings Plc"/>
<dc element="dc.date.published" value="1996-10-21"/>
<dc element="dc.source" value="Reuters"/>
<dc element="dc.creator.location" value="ZURICH"/>
<dc element="dc.creator.location.country.name" value="SWITZERLAND"/>
<dc element="dc.source" value="Reuters"/>
</metadata>
</newsitem>
