<?xml version="1.0" encoding="iso-8859-1" ?>
<newsitem itemid="131798" id="root" date="1996-10-21" xml:lang="en">
<title>UK: BOE gives money mkt 470 mln stg help at set rates.</title>
<headline>BOE gives money mkt 470 mln stg help at set rates.</headline>
<dateline>LONDON 1996-10-21</dateline>
<text>
<p>The Bank of England said that it provided the UK money market with 470 million stg of assistance at established interest rates.  </p>
<p>			    EARLY	1100 GMT   1300 GMT   LATE</p>
<p> FORECAST SHORTAGE    1.3 BLN    =	    =	    =</p>
<p> CUMULATIVE SUPPLY    470 MLN!   =	    =	    =</p>
<p> DETAILS</p>
<p> BAND 2  BANK BILLS   81 MLN*    =	    =	    =</p>
<p> * INTEREST RATE - 5-11/16 PCT (INDICATES UNCHANGED BASE RATES)</p>
<p> ! INCLUDES 389 MLN STG REPO EXPIRING NOVEMBER 6 5-23/32 PCT</p>
<p> (INDICATES UNCHANGED BASE RATES)</p>
</text>
<copyright>(c) Reuters Limited 1996</copyright>
<metadata>
<codes class="bip:countries:1.0">
  <code code="UK">
    <editdetail attribution="Reuters BIP Coding Group" action="confirmed" date="1996-10-21"/>
  </code>
</codes>
<codes class="bip:topics:1.0">
  <code code="M13">
    <editdetail attribution="Reuters BIP Coding Group" action="confirmed" date="1996-10-21"/>
  </code>
  <code code="M131">
    <editdetail attribution="Reuters BIP Coding Group" action="confirmed" date="1996-10-21"/>
  </code>
  <code code="MCAT">
    <editdetail attribution="Reuters BIP Coding Group" action="confirmed" date="1996-10-21"/>
  </code>
</codes>
<dc element="dc.date.created" value="1996-10-21"/>
<dc element="dc.publisher" value="Reuters Holdings Plc"/>
<dc element="dc.date.published" value="1996-10-21"/>
<dc element="dc.source" value="Reuters"/>
<dc element="dc.creator.location" value="LONDON"/>
<dc element="dc.creator.location.country.name" value="UK"/>
<dc element="dc.source" value="Reuters"/>
</metadata>
</newsitem>
