<?xml version="1.0" encoding="iso-8859-1" ?>
<newsitem itemid="131786" id="root" date="1996-10-21" xml:lang="en">
<title>FINLAND: NOKIA ADR ENDS AT $46-7/8 (FIM 216.11).</title>
<headline>NOKIA ADR ENDS AT $46-7/8 (FIM 216.11).</headline>
<dateline>HELSINKI 1996-10-21</dateline>
<text>
<p>Nokia's A share ADR closed up $0-1/2 at $46-7/8 in New York on Friday.</p>
<p>Its Wall Street closing equals about 216.11 markka. In Helsinki on Friday, Nokia A closed up 6.40 markka at 219.20.</p>
<p>Valmet's ADR (two shares) closed unchanged at $32-3/4 on Wall Street. The price equals about 75.49 markka. In Helsinki, Valmet closed down 1.00 markka at 74.00.</p>
<p>Rauma's ADR fell $0-3/4 to $18 in New York on Friday. The price equals about 82.99 markka.</p>
<p>Rauma closed down 1.40 markka at 84.10 markka in Helsinki.</p>
<p>--Helsinki newsroom +358-0-680 50 240</p>
</text>
<copyright>(c) Reuters Limited 1996</copyright>
<metadata>
<codes class="bip:countries:1.0">
  <code code="FIN">
    <editdetail attribution="Reuters BIP Coding Group" action="confirmed" date="1996-10-21"/>
  </code>
  <code code="USA">
    <editdetail attribution="Reuters BIP Coding Group" action="confirmed" date="1996-10-21"/>
  </code>
</codes>
<codes class="bip:industries:1.0">
  <code code="I32000">
    <editdetail attribution="Reuters BIP Coding Group" action="confirmed" date="1996-10-21"/>
  </code>
  <code code="I32754">
    <editdetail attribution="Reuters BIP Coding Group" action="confirmed" date="1996-10-21"/>
  </code>
  <code code="I34400">
    <editdetail attribution="Reuters BIP Coding Group" action="confirmed" date="1996-10-21"/>
  </code>
</codes>
<codes class="bip:topics:1.0">
  <code code="C15">
    <editdetail attribution="Reuters BIP Coding Group" action="confirmed" date="1996-10-21"/>
  </code>
  <code code="C152">
    <editdetail attribution="Reuters BIP Coding Group" action="confirmed" date="1996-10-21"/>
  </code>
  <code code="CCAT">
    <editdetail attribution="Reuters BIP Coding Group" action="confirmed" date="1996-10-21"/>
  </code>
</codes>
<dc element="dc.date.created" value="1996-10-21"/>
<dc element="dc.publisher" value="Reuters Holdings Plc"/>
<dc element="dc.date.published" value="1996-10-21"/>
<dc element="dc.source" value="Reuters"/>
<dc element="dc.creator.location" value="HELSINKI"/>
<dc element="dc.creator.location.country.name" value="FINLAND"/>
<dc element="dc.source" value="Reuters"/>
</metadata>
</newsitem>
