<?xml version="1.0" encoding="iso-8859-1" ?>
<newsitem itemid="131703" id="root" date="1996-10-21" xml:lang="en">
<title>GREECE: Greek state telecom union opposes new advisors.</title>
<headline>Greek state telecom union opposes new advisors.</headline>
<dateline>ATHENS 1996-10-21</dateline>
<text>
<p>OME-OTE, the OTE state telecoms union, said on Monday it opposes a management decision last week to hire Bellcore, Telecom Italia and Price Waterhouse to advise on two major contracts on digital switching devices.</p>
<p>The advisers were retained to advise OTE on network design, procurement procedures for 2,000,000 digital switches for the period to 2000 and an overhaul of the OTE procurement system.</p>
<p>The group will also negotiate over the next month with local Intracom and Siemens Hellas, a subsidiary of Germany's Siemens AG, concerning an immediate order for 335,000 new digital switches for the first quarter of 1997.</p>
<p>OME OTE said it opposed the decision as studies on network development by Coopers &amp; Lybrant and NTT had been carried out and had cost OTE dearly during the conservative New Democracy administration.</p>
<p>It also stated that OTE had considerable know-how on such matters and had offered to design the basic network of other Balkan telecoms.</p>
<p>&quot;Given OTE management's and the government's position on collective procurement agreements we ask what purpose is being served by the retainment of foreign advisers who have relationships with OTE's foreign suppliers,&quot; OME OTE said in a statement.</p>
<p>Warning that it would actively oppose the decision, the Federation of Workers in Greek Telecommunications (OME-OTE) said the decision by OTE's management would waste public money and cause further delays in OTE's development plan.</p>
<p>OTE shares were trading down 15 drachmas at 4,055 in moderate volume.</p>
<p>--George Georgiopoulos, Athens Newsroom +301 3311812-4</p>
</text>
<copyright>(c) Reuters Limited 1996</copyright>
<metadata>
<codes class="bip:countries:1.0">
  <code code="GREECE">
    <editdetail attribution="Reuters BIP Coding Group" action="confirmed" date="1996-10-21"/>
  </code>
</codes>
<codes class="bip:industries:1.0">
  <code code="I34400">
    <editdetail attribution="Reuters BIP Coding Group" action="confirmed" date="1996-10-21"/>
  </code>
  <code code="I79020">
    <editdetail attribution="Reuters BIP Coding Group" action="confirmed" date="1996-10-21"/>
  </code>
  <code code="I83600">
    <editdetail attribution="Reuters BIP Coding Group" action="confirmed" date="1996-10-21"/>
  </code>
</codes>
<codes class="bip:topics:1.0">
  <code code="C33">
    <editdetail attribution="Reuters BIP Coding Group" action="confirmed" date="1996-10-21"/>
  </code>
  <code code="C42">
    <editdetail attribution="Reuters BIP Coding Group" action="confirmed" date="1996-10-21"/>
  </code>
  <code code="CCAT">
    <editdetail attribution="Reuters BIP Coding Group" action="confirmed" date="1996-10-21"/>
  </code>
  <code code="E41">
    <editdetail attribution="Reuters BIP Coding Group" action="confirmed" date="1996-10-21"/>
  </code>
  <code code="ECAT">
    <editdetail attribution="Reuters BIP Coding Group" action="confirmed" date="1996-10-21"/>
  </code>
  <code code="GCAT">
    <editdetail attribution="Reuters BIP Coding Group" action="confirmed" date="1996-10-21"/>
  </code>
  <code code="GJOB">
    <editdetail attribution="Reuters BIP Coding Group" action="confirmed" date="1996-10-21"/>
  </code>
</codes>
<dc element="dc.date.created" value="1996-10-21"/>
<dc element="dc.publisher" value="Reuters Holdings Plc"/>
<dc element="dc.date.published" value="1996-10-21"/>
<dc element="dc.source" value="Reuters"/>
<dc element="dc.creator.location" value="ATHENS"/>
<dc element="dc.creator.location.country.name" value="GREECE"/>
<dc element="dc.source" value="Reuters"/>
</metadata>
</newsitem>
