<?xml version="1.0" encoding="iso-8859-1" ?>
<newsitem itemid="131772" id="root" date="1996-10-21" xml:lang="en">
<title>GREECE: GREEK 1M ATHIBOR FIRMS TO 13.24 PCT.</title>
<headline>GREEK 1M ATHIBOR FIRMS TO 13.24 PCT.</headline>
<dateline>ATHENS 1996-10-18</dateline>
<text>
<p>The Athens Interbank Offered Rate</p>
<p>(Athibor) for one month rose to 13.24 percent and the bid rate</p>
<p>(Athibid) firmed to 12.74 percent.</p>
<p>ATHIBOR</p>
<p> DATE     1-MTH   2-MTH   3-MTH   6-MTH   9-MTH   12-MTH</p>
<p> Oct  21  13.24   13.21   13.20   13.19   13.21   13.21</p>
<p> Oct  17  13.00   13.01   13.01   13.06   13.12   13.18</p>
<p> Oct  16  12.85   12.88   12.92   13.00   13.09   13.15</p>
<p> Oct  15  12.87   12.89   12.92   12.99   13.09   13.15</p>
<p> Oct  14  12.94   12.96   12.97   13.04   13.11   13.18</p>
<p> Oct  11  12.94   12.96   12.96   13.02   13.08   13.16</p>
<p> Oct  10  12.86   12.91   12.94   13.01   13.09   13.17</p>
<p> Oct  09  12.87   12.91   12.94   12.99   13.08   13.16</p>
<p> Oct  08  12.91   12.95   12.96   13.03   13.12   13.19</p>
<p>ATHIBID</p>
<p> Oct  21  12.74   12.71   12.70   12.69   12.71   12.72</p>
<p> Oct  17  12.51   12.51   12.52   12.56   12.62   12.69</p>
<p> Oct  16  12.36   12.40   12.43   12.51   12.59   12.65</p>
<p> Oct  15  12.39   12.40   12.43   12.50   12.56   12.64</p>
<p> Oct  14  12.46   12.47   12.49   12.55   12.61   12.68</p>
<p> Oct  11  12.47   12.48   12.49   12.53   12.57   12.65</p>
<p> Oct  10  12.38   12.42   12.44   12.52   12.58   12.66</p>
<p> Oct  09  12.38   12.42   12.44   12.50   12.57   12.64</p>
<p> Oct  08  12.42   12.46   12.47   12.54   12.61   12.68</p>
<p>Note: ATHIBOR is Greece's official reference rate. It comprises</p>
<p>13 leading state and private banks committed to quoting their</p>
<p>rates by 0900 GMT every day.</p>
<p>--George Georgiopoulos, Athens Newsroom +301 3311812-4</p>
</text>
<copyright>(c) Reuters Limited 1996</copyright>
<metadata>
<codes class="bip:countries:1.0">
  <code code="GREECE">
    <editdetail attribution="Reuters BIP Coding Group" action="confirmed" date="1996-10-21"/>
  </code>
</codes>
<codes class="bip:topics:1.0">
  <code code="M13">
    <editdetail attribution="Reuters BIP Coding Group" action="confirmed" date="1996-10-21"/>
  </code>
  <code code="M131">
    <editdetail attribution="Reuters BIP Coding Group" action="confirmed" date="1996-10-21"/>
  </code>
  <code code="MCAT">
    <editdetail attribution="Reuters BIP Coding Group" action="confirmed" date="1996-10-21"/>
  </code>
</codes>
<dc element="dc.date.created" value="1996-10-18"/>
<dc element="dc.publisher" value="Reuters Holdings Plc"/>
<dc element="dc.date.published" value="1996-10-21"/>
<dc element="dc.source" value="Reuters"/>
<dc element="dc.creator.location" value="ATHENS"/>
<dc element="dc.creator.location.country.name" value="GREECE"/>
<dc element="dc.source" value="Reuters"/>
</metadata>
</newsitem>
