<?xml version="1.0" encoding="iso-8859-1" ?>
<newsitem itemid="131799" id="root" date="1996-10-21" xml:lang="en">
<title>UK: BAT, tobacco shares hit by new cancer-link study.</title>
<headline>BAT, tobacco shares hit by new cancer-link study.</headline>
<dateline>LONDON 1996-10-21</dateline>
<text>
<p>Tobacco industry shares were hit on Monday after U.S. scientists came up with new evidence to suggest a direct link between smoking and lung cancer.</p>
<p>Shares in BAT Industries and Imperial Tobacco fell in heavy early morning trade following the publication of the study in the prestigious Science journal on Friday.</p>
<p>BAT was down 6-1/2p at 423-1/2p and Imperial Tobacco was 1/2p lower at 378-1/2p.  </p>
<p>Scientists at the city of Hope cancer centre in Duarte and the M.D. Anderson Cancer Center in Texas said they had identified a substance in the tar of cigarette smoke that directly transforms human lung tissue.</p>
<p>It is the first direct link on a cellular level between smoking and cancer.</p>
<p>--Elaine Hardcastle, London Newsroom +44 171 542 4027</p>
</text>
<copyright>(c) Reuters Limited 1996</copyright>
<metadata>
<codes class="bip:countries:1.0">
  <code code="UK">
    <editdetail attribution="Reuters BIP Coding Group" action="confirmed" date="1996-10-21"/>
  </code>
  <code code="USA">
    <editdetail attribution="Reuters BIP Coding Group" action="confirmed" date="1996-10-21"/>
  </code>
</codes>
<codes class="bip:industries:1.0">
  <code code="I42900">
    <editdetail attribution="Reuters BIP Coding Group" action="confirmed" date="1996-10-21"/>
  </code>
  <code code="I83960">
    <editdetail attribution="Reuters BIP Coding Group" action="confirmed" date="1996-10-21"/>
  </code>
</codes>
<codes class="bip:topics:1.0">
  <code code="C15">
    <editdetail attribution="Reuters BIP Coding Group" action="confirmed" date="1996-10-21"/>
  </code>
  <code code="C152">
    <editdetail attribution="Reuters BIP Coding Group" action="confirmed" date="1996-10-21"/>
  </code>
  <code code="CCAT">
    <editdetail attribution="Reuters BIP Coding Group" action="confirmed" date="1996-10-21"/>
  </code>
</codes>
<dc element="dc.date.created" value="1996-10-21"/>
<dc element="dc.publisher" value="Reuters Holdings Plc"/>
<dc element="dc.date.published" value="1996-10-21"/>
<dc element="dc.source" value="Reuters"/>
<dc element="dc.creator.location" value="LONDON"/>
<dc element="dc.creator.location.country.name" value="UK"/>
<dc element="dc.source" value="Reuters"/>
</metadata>
</newsitem>
