<?xml version="1.0" encoding="iso-8859-1" ?>
<newsitem itemid="13175" id="root" date="1996-08-25" xml:lang="en">
<title>AUSTRALIA: RTRS-Australia, US tackle Europe on gluten dumping.</title>
<headline>RTRS-Australia, US tackle Europe on gluten dumping.</headline>
<dateline>CANBERRA 1996-08-25</dateline>
<text>
<p>Washington has agreed to join Canberra in protesting over European gluten dumping that has cut Australian exports and driven prices down, Australia said on Sunday.</p>
<p>Australian Primary Industries Minister John Anderson said he had raised concerns over gluten dumping in the United States by European Union countries during weekend talks with U.S. Agriculture Secretary Dan Glickman in Washington.</p>
<p>Glickman said Washington would join Australia in raising the issue with the union before a U.S.-EU meeting in Brussels next month, Anderson said in a statement.  </p>
<p>&quot;I am delighted he agreed with our approach and he clearly recognises the problems being inflicted on Australian gluten exports by the EU's actions,&quot; Anderson said.</p>
<p>&quot;The U.S. and Australia will send a joint delegation to meet the EU before the U.S.-EU consultations in Brussels next month, which will present the strongest possible case for a change to the EU's starch-gluten regime.&quot;</p>
<p>The dumping had seen Australian gluten export prices tumble to A$1,600 a tonne from A$2,400 over the past year, said Anderson, who is visiting the United States.  </p>
<p>&quot;All Australian companies are being affected by the cut-price EU competition, but the Manildra Group is the hardest hit, and has been forced to close starch-gluten plants in Australia and the U.S.,&quot; he said.</p>
<p>-- Canberra bureau 61-6 273-2730</p>
</text>
<copyright>(c) Reuters Limited 1996</copyright>
<metadata>
<codes class="bip:countries:1.0">
  <code code="AUSTR">
    <editdetail attribution="Reuters BIP Coding Group" action="confirmed" date="1996-08-25"/>
  </code>
  <code code="EEC">
    <editdetail attribution="Reuters BIP Coding Group" action="confirmed" date="1996-08-25"/>
  </code>
  <code code="USA">
    <editdetail attribution="Reuters BIP Coding Group" action="confirmed" date="1996-08-25"/>
  </code>
</codes>
<codes class="bip:industries:1.0">
  <code code="I01001">
    <editdetail attribution="Reuters BIP Coding Group" action="confirmed" date="1996-08-25"/>
  </code>
</codes>
<codes class="bip:topics:1.0">
  <code code="C31">
    <editdetail attribution="Reuters BIP Coding Group" action="confirmed" date="1996-08-25"/>
  </code>
  <code code="CCAT">
    <editdetail attribution="Reuters BIP Coding Group" action="confirmed" date="1996-08-25"/>
  </code>
  <code code="E51">
    <editdetail attribution="Reuters BIP Coding Group" action="confirmed" date="1996-08-25"/>
  </code>
  <code code="E512">
    <editdetail attribution="Reuters BIP Coding Group" action="confirmed" date="1996-08-25"/>
  </code>
  <code code="ECAT">
    <editdetail attribution="Reuters BIP Coding Group" action="confirmed" date="1996-08-25"/>
  </code>
  <code code="G15">
    <editdetail attribution="Reuters BIP Coding Group" action="confirmed" date="1996-08-25"/>
  </code>
  <code code="G158">
    <editdetail attribution="Reuters BIP Coding Group" action="confirmed" date="1996-08-25"/>
  </code>
  <code code="GCAT">
    <editdetail attribution="Reuters BIP Coding Group" action="confirmed" date="1996-08-25"/>
  </code>
</codes>
<dc element="dc.date.created" value="1996-08-25"/>
<dc element="dc.publisher" value="Reuters Holdings Plc"/>
<dc element="dc.date.published" value="1996-08-25"/>
<dc element="dc.source" value="Reuters"/>
<dc element="dc.creator.location" value="CANBERRA"/>
<dc element="dc.creator.location.country.name" value="AUSTRALIA"/>
<dc element="dc.source" value="Reuters"/>
</metadata>
</newsitem>
