<?xml version="1.0" encoding="iso-8859-1" ?>
<newsitem itemid="131723" id="root" date="1996-10-21" xml:lang="en">
<title>FINLAND: Aros trades large chunks in Pohjola.</title>
<headline>Aros trades large chunks in Pohjola.</headline>
<dateline>HELSINKI 1996-10-21</dateline>
<text>
<p>Brokerage Aros Securities on Monday traded 1,078,547 vote-strong A shares and 1,079,047 B shares in Pohjola at 101.50 markka (down 2.50) and 99.50 markka (up 0.50) respectively on the Helsinki Stock Exchange.</p>
<p>Aros and Pohjola declined to comment the deal.</p>
<p>A broker at another brokerage guessed that Kesko's Tuko would have sold its vote-strong but illiquid A shares -- it on September 4 held 1,078,147 A shares -- to one of the other large owners interest in votes rather than liquidity.</p>
<p>That owner would then have placed an about equivalent amount of liquid B shares with an international investor, he said.</p>
<p>Nobody at Tuko or Kesko was immediately avaible to comment.</p>
<p>Apart from Tuko, only mutual life insurer  Suomi which already has links with Pohjola, banking group Merita and Merita's pension fund UBF Pension Fund had enough A shares to make such a transaction alone on September 4, a Pohjola official said.</p>
<p>Of Pohjola's large owners, only Suomi and Pohjola's Swedish partner Skandia per September 4 owned as many B shares as were now traded, the official said.</p>
<p>-- Helsinki Newsroom +358 - 9 - 680 50 242</p>
</text>
<copyright>(c) Reuters Limited 1996</copyright>
<metadata>
<codes class="bip:countries:1.0">
  <code code="FIN">
    <editdetail attribution="Reuters BIP Coding Group" action="confirmed" date="1996-10-21"/>
  </code>
</codes>
<codes class="bip:industries:1.0">
  <code code="I61000">
    <editdetail attribution="Reuters BIP Coding Group" action="confirmed" date="1996-10-21"/>
  </code>
  <code code="I81402">
    <editdetail attribution="Reuters BIP Coding Group" action="confirmed" date="1996-10-21"/>
  </code>
  <code code="I82001">
    <editdetail attribution="Reuters BIP Coding Group" action="confirmed" date="1996-10-21"/>
  </code>
</codes>
<codes class="bip:topics:1.0">
  <code code="C18">
    <editdetail attribution="Reuters BIP Coding Group" action="confirmed" date="1996-10-21"/>
  </code>
  <code code="C181">
    <editdetail attribution="Reuters BIP Coding Group" action="confirmed" date="1996-10-21"/>
  </code>
  <code code="CCAT">
    <editdetail attribution="Reuters BIP Coding Group" action="confirmed" date="1996-10-21"/>
  </code>
</codes>
<dc element="dc.date.created" value="1996-10-21"/>
<dc element="dc.publisher" value="Reuters Holdings Plc"/>
<dc element="dc.date.published" value="1996-10-21"/>
<dc element="dc.source" value="Reuters"/>
<dc element="dc.creator.location" value="HELSINKI"/>
<dc element="dc.creator.location.country.name" value="FINLAND"/>
<dc element="dc.source" value="Reuters"/>
</metadata>
</newsitem>
