<?xml version="1.0" encoding="iso-8859-1" ?>
<newsitem itemid="131793" id="root" date="1996-10-21" xml:lang="en">
<title>UK: UK s/a M0 rose to 24.51 bln stg in week of Oct 16.</title>
<headline>UK s/a M0 rose to 24.51 bln stg in week of Oct 16.</headline>
<dateline>LONDON 1996-10-21</dateline>
<text>
<p>UK M0 money supply rose to 24.51 billion stg on a seasonally adjusted basis, in the week of October 16, the Bank of England said on Monday.</p>
<p>Last week, M0 totalled 24.40 billion stg.</p>
<p>Notes and coins totalled 24.424 billion stg in the latest week, on a seasonally adjusted basis, up from 24.362 billion in the week of October 9.</p>
<p>On an unadjusted basis, M0 fell slightly to 24.332 billion stg in the week of October 16, from 24.352 billion the week before.</p>
<p>-- London Newsroom +44 171 542 5109</p>
</text>
<copyright>(c) Reuters Limited 1996</copyright>
<metadata>
<codes class="bip:countries:1.0">
  <code code="UK">
    <editdetail attribution="Reuters BIP Coding Group" action="confirmed" date="1996-10-21"/>
  </code>
</codes>
<codes class="bip:topics:1.0">
  <code code="E12">
    <editdetail attribution="Reuters BIP Coding Group" action="confirmed" date="1996-10-21"/>
  </code>
  <code code="E121">
    <editdetail attribution="Reuters BIP Coding Group" action="confirmed" date="1996-10-21"/>
  </code>
  <code code="ECAT">
    <editdetail attribution="Reuters BIP Coding Group" action="confirmed" date="1996-10-21"/>
  </code>
</codes>
<dc element="dc.date.created" value="1996-10-21"/>
<dc element="dc.publisher" value="Reuters Holdings Plc"/>
<dc element="dc.date.published" value="1996-10-21"/>
<dc element="dc.source" value="Reuters"/>
<dc element="dc.creator.location" value="LONDON"/>
<dc element="dc.creator.location.country.name" value="UK"/>
<dc element="dc.source" value="Reuters"/>
</metadata>
</newsitem>
