<?xml version="1.0" encoding="iso-8859-1" ?>
<newsitem itemid="131711" id="root" date="1996-10-21" xml:lang="en">
<title>AUSTRIA: OMV sees 1996 earnings, dividend up.</title>
<headline>OMV sees 1996 earnings, dividend up.</headline>
<dateline>VIENNA 1996-10-21</dateline>
<text>
<p>Austrian oil and chemicals group OMV should improve on 1995's record earnings this year but the increase will not be &quot;dramatic&quot;, chief executive Richard Schenz said on Monday.</p>
<p>&quot;We expect a satisfactory increase but not a dramatic increase,&quot; Schenz told Reuters. &quot;I would expect the dividend to be in line with the better result.&quot;</p>
<p>Last year OMV, Austria's biggest industrial group, posted net earnings of 1.73 billion schillings and a pre-tax profit of 2.1 billion. It paid a 20 schillings dividend.  </p>
<p>He traced this year's expected improvement to strong gains in the price of crude oil and a better than forecast performance in polyolefins.</p>
<p>Crude oil prices raced to six-year highs last week. &quot;Our cautious planning had not budgeted for the highest crude prices since the Gulf War,&quot; Schenz said.</p>
<p>An expected second half downturn in polyolefins had also failed to materialise, he added.</p>
<p>Schenz cautioned that recent dynamic growth may not be sustainable next year. &quot;We assume that 1997 will be a more difficult year than 1996,&quot; he said.</p>
<p>-- Janet McBride, Vienna Newsroom 43-1-531 12 254</p>
</text>
<copyright>(c) Reuters Limited 1996</copyright>
<metadata>
<codes class="bip:countries:1.0">
  <code code="AUST">
    <editdetail attribution="Reuters BIP Coding Group" action="confirmed" date="1996-10-21"/>
  </code>
</codes>
<codes class="bip:industries:1.0">
  <code code="I14000">
    <editdetail attribution="Reuters BIP Coding Group" action="confirmed" date="1996-10-21"/>
  </code>
</codes>
<codes class="bip:topics:1.0">
  <code code="C15">
    <editdetail attribution="Reuters BIP Coding Group" action="confirmed" date="1996-10-21"/>
  </code>
  <code code="C152">
    <editdetail attribution="Reuters BIP Coding Group" action="confirmed" date="1996-10-21"/>
  </code>
  <code code="CCAT">
    <editdetail attribution="Reuters BIP Coding Group" action="confirmed" date="1996-10-21"/>
  </code>
</codes>
<dc element="dc.date.created" value="1996-10-21"/>
<dc element="dc.publisher" value="Reuters Holdings Plc"/>
<dc element="dc.date.published" value="1996-10-21"/>
<dc element="dc.source" value="Reuters"/>
<dc element="dc.creator.location" value="VIENNA"/>
<dc element="dc.creator.location.country.name" value="AUSTRIA"/>
<dc element="dc.source" value="Reuters"/>
</metadata>
</newsitem>
