<?xml version="1.0" encoding="iso-8859-1" ?>
<newsitem itemid="131787" id="root" date="1996-10-21" xml:lang="en">
<title>UK: FORECAST - Consensus of U.K. economic indicators.</title>
<headline>FORECAST - Consensus of U.K. economic indicators.</headline>
<text>
<p>GMT -----------KEY INDICATORS----------FORECAST---RANGE---PREVS</p>
<p> 1030  TUE   U.K. CBI INDUSTRIAL TRENDS SURVEY - OCTOBER</p>
<p> 0830  WED   U.K. RETAIL SALES    SEP  -0.1  PCT -0.6/+0.5  +1.0</p>
<p> 0830  WED   U.K. RETAIL SLS  Y/Y SEP  +3.9  PCT +3.4/+4.5  +4.4</p>
<p> 0830  FRI   U.K. GDP (PREL)  Q/Q Q3   +0.7  PCT +0.5/+0.8  +0.5</p>
<p> 0830  FRI   U.K. GDP (PREL)  Y/Y Q3   +2.3  PCT +1.7/+3.0  +2.2</p>
<p> 0830  FRI   U.K. GDP EX OIL  Q/Q Q3    N/F  PCT    N/A     +0.5</p>
<p> 0830  FRI   U.K. GDP EX OIL  Y/Y Q3    N/F  PCT    N/A     +2.1</p>
<p> 0830  FRI   U.K. NON-EU TRADE    SEP  -730 MLN -1000/-600  -499</p>
<p> 0830  FRI   U.K. TRADE IN GOODS  AUG -1000 MLN -1200/-700 -1229</p>
<p> 0830  FRI   U.K. TRADE EX OIL    AUG   N/F  MLN    N/A    -1694</p>
<p>* ECONOMIC FORECASTS WEEK COMMENCING OCTOBER 28</p>
<p> 0930  TUE   U.K. CREDIT BUSINES  SEP   N/F  MLN    N/A     +997</p>
<p> 0930  TUE   U.K. M4 (FINAL)	SEP   N/F  PCT    N/A     +0.8</p>
<p> 0930  TUE   U.K. M4 (FINAL)  Y/Y SEP   N/F  PCT    N/A     +9.8</p>
<p> 0930  TUE   U.K. M4 LENDING	SEP   N/F  BLN    N/A     +3.5</p>
<p> 0930  FRI   U.K. PURCH MNGRS IND OCT   N/F  PCT    N/A     53.4</p>
<p>* ECONOMIC FORECASTS WEEK COMMENCING NOVEMBER 4</p>
<p> 0930  MON   U.K. HOUSING COMPLTS SEP   N/F  K	N/A     +7.0</p>
<p> 0930  MON   U.K. HOUSING STARTS  SEP   N/F  K	N/A     +2.0</p>
<p> 0930  MON   U.K. M0 (PROV)	 OCT   N/F  PCT    N/A     +0.2</p>
<p> 0930  MON   U.K. M0 (PROV)   Y/Y OCT   N/F  PCT    N/A     +7.0</p>
<p> 0930  MON   U.K. OFFICIAL RSRVS  OCT   N/F  MLN    N/A     -113</p>
<p> 0930  TUE   U.K. INDUSTRIAL PROD SEP   N/F  PCT    N/A     -0.4</p>
<p> 0930  TUE   U.K. INDUSTRIAL  Y/Y SEP   N/F  PCT    N/A     UNCH</p>
<p> 0930  TUE   U.K. MANUF OUTPUT    SEP   N/F  PCT    N/A     -0.3</p>
<p> 0930  TUE   U.K. MANUFACT    Y/Y SEP   N/F  PCT    N/A     -0.9</p>
<p> 0930  WED   U.K. CYCLICAL INDICATORS (1st estimate) - OCTOBER</p>
<p> 0030  THU   U.K. CBI SURVEY OF DISTRIBUTIVE TRADES - OCTOBER</p>
<p>* ECONOMIC FORECASTS WEEK COMMENCING NOVEMBER 11</p>
<p> 0930  MON   U.K. PPI (INPUT) SA  OCT   N/F  PCT    N/A     +0.3</p>
<p> 0930  MON   U.K. PPI (INPUT) Y/Y OCT   N/F  PCT    N/A     -2.9</p>
<p> 0930  MON   U.K. PPI(OUTPUT) NSA OCT   N/F  PCT    N/A     +0.4</p>
<p> 0930  MON   U.K. PPI(OUTPUT) Y/Y OCT   N/F  PCT    N/A     +2.2</p>
<p> 0930  MON   U.K. EX FOOD ....... OCT   N/F  PCT    N/A     +0.1</p>
<p> 0930  MON   U.K. EX FOOD ....Y/Y OCT   N/F  PCT    N/A     +0.9</p>
<p> 0930  TUE   U.K. CNSTRCT NEW ORD SEP   N/F  PCT    N/A     -2.0</p>
<p> 0930  WED   U.K. AVERAGE EARNS   SEP   N/F  PCT    N/A	N/A</p>
<p> 0930  WED   U.K. UNEMPLOYMENT    SEP   N/F  PCT    N/A	N/A</p>
<p> 0930  WED   U.K. UNEMPLOYMENT    SEP   N/F  K	N/A	N/A</p>
<p> 0930  WED   U.K. UNIT WAGE COSTS SEP   N/F  K	N/A	N/A</p>
<p> 0930  THU   U.K. RETAIL PRICES   OCT   N/F  PCT    N/A     +0.5</p>
<p> 0930  THU   U.K. RETAIL PRI  Y/Y OCT   N/F  PCT    N/A     +2.1</p>
<p> 0930  THU   U.K. RPI-X	 Y/Y OCT   N/F  PCT    N/A     +2.9</p>
<p> 0930  THU   U.K. RPI-Y	 Y/Y OCT   N/F  PCT    N/A     +2.5</p>
<p> 1100  FRI   U.K. CBI REGIONAL TRENDS SURVEY - NOVEMBER</p>
<p>* ECONOMIC FORECASTS WEEK COMMENCING NOVEMBER 18</p>
<p> 0930  MON   U.K. PSBR		OCT   N/F  BLN    N/A	N/A</p>
<p> 0930  WED   U.K. BLDG SOC NN APP OCT   N/F  BLN    N/A	N/A</p>
<p> 0930  WED   U.K. M4 (PROV)	 NOV   N/F  PCT    N/A	N/A</p>
<p> 0930  WED   U.K. M4 (PROV)   Y/Y NOV   N/F  PCT    N/A	N/A</p>
<p> 0930  WED   U.K. M4 LENDING	NOV   N/F  BLN    N/A	N/A</p>
<p> 0930  WED   U.K. MTR VEHICL PROD OCT   N/F  PCT    N/A	N/A</p>
<p> 0930  WED   U.K. RETAIL SALES    OCT   N/F  PCT    N/A	N/A</p>
<p> 0930  WED   U.K. RETAIL SLS  Y/Y OCT   N/F  PCT    N/A	N/A</p>
<p> 0930  THU   U.K. C/ACCOUNT (REV) Q2   -1.2  BLN -1.6/-0.8  -1.1</p>
<p> 0930  THU   U.K. GDP (FINAL) Q/Q Q3    N/F  PCT    N/A     +0.5</p>
<p> 0930  THU   U.K. GDP (FINAL) Y/Y Q3    N/F  PCT    N/A     +2.2</p>
<p> 0930  THU   U.K. GDP EX OIL  Q/Q Q3    N/F  PCT    N/A     +0.5</p>
<p> 0930  THU   U.K. GDP EX OIL  Y/Y Q3    N/F  PCT    N/A     +2.1</p>
<p> 0930  THU   U.K. TRADE IN GOODS  Q2    N/F  BLN    N/A     -3.5</p>
<p> 0030  FRI   U.K. CBI MONTHLY TRENDS SURVEY - NOVEMBER</p>
<p>* ECONOMIC FORECASTS WEEK COMMENCING NOVEMBER 25</p>
<p> 0930  WED   U.K. NON-EU TRADE    OCT   N/F  BLN    N/A	N/A</p>
<p> 0930  WED   U.K. NON-EU EX OIL   OCT   N/F  BLN    N/A	N/A</p>
<p> 0930  WED   U.K. TRADE IN GOODS  SEP   N/F  BLN    N/A	N/A</p>
<p> 0930  FRI   U.K. CREDIT BUSINESS OCT   N/F  MLN    N/A	N/A</p>
<p> 0930  FRI   U.K. M4 (FINAL)	OCT   N/F  PCT    N/A	N/A</p>
<p> 0930  FRI   U.K. M4 (FINAL)  Y/Y OCT   N/F  PCT    N/A	N/A</p>
<p> 0930  FRI   U.K. M4 LENDING	OCT   N/F  BLN    N/A	N/A</p>
<p>* ECONOMIC FORECASTS WEEK COMMENCING DECEMBER 2</p>
<p> 0930  MON   U.K. M0 (PROV)	 NOV   N/F  PCT    N/A	N/A</p>
<p> 0930  MON   U.K. M0 (PROV)   Y/Y NOV   N/F  PCT    N/A	N/A</p>
<p> 0930  MON   U.K. PURCH MNGRS INX NOV   N/F  PCT    N/A	N/A</p>
<p> 0930  TUE   U.K. OFFICIAL RSRVS  NOV   N/F  MLN    N/A	N/A</p>
<p> 0030  THU   U.K. CBI SURVEY OF DISTRIBUTIVE TRADES - NOVEMBER</p>
<p> 0930  THU   U.K. HOUSING COMPLTS OCT   N/F  K	N/A	N/A</p>
<p> 0930  THU   U.K. HOUSING STARTS  OCT   N/F  K	N/A	N/A</p>
<p> 0930  FRI   U.K. CONSTRCTN OUTPUT Q3   N/F  PCT    N/A	N/A</p>
<p> 0930  FRI   U.K. INDUSTRIAL PROD OCT   N/F  PCT    N/A	N/A</p>
<p> 0930  FRI   U.K. INDUSTRIAL  Y/Y OCT   N/F  PCT    N/A	N/A</p>
<p> 0930  FRI   U.K. MANUF OUTPUT    OCT   N/F  PCT    N/A	N/A</p>
<p> 0930  FRI   U.K. MANUFACT    Y/Y OCT   N/F  PCT    N/A	N/A</p>
<p>* ECONOMIC FORECASTS WEEK COMMENCING DECEMBER 9</p>
<p> 0930  MON   U.K. CYCLICAL INDICATORS (2nd estimate) - OCTOBER</p>
<p> 0930  MON   U.K. PPI (INPUT) NSA NOV   N/F  PCT    N/A	N/A</p>
<p> 0930  MON   U.K. PPI (INPUT)  SA NOV   N/F  PCT    N/A	N/A</p>
<p> 0930  MON   U.K. PPI (INPUT) Y/Y NOV   N/F  PCT    N/A	N/A</p>
<p> 0930  MON   U.K. PPI (OUTPUT)    NOV   N/F  PCT    N/A	N/A</p>
<p> 0930  MON   U.K. PPI (OUTPUT)Y/Y NOV   N/F  PCT    N/A	N/A</p>
<p> 0930  MON   U.K. EX FD DRNK TBCC NOV   N/F  PCT    N/A	N/A</p>
<p> 0930  MON   U.K. EX FD DRNK  Y/Y NOV   N/F  PCT    N/A	N/A</p>
<p> 0930  TUE   U.K. CNSTRCTN NEW ORDOCT   N/F  PCT    N/A	N/A</p>
<p> 0930  THU   U.K. RETAIL PRICES   NOV   N/F  PCT    N/A	N/A</p>
<p> 0930  THU   U.K. RETAIL PRI  Y/Y NOV   N/F  PCT    N/A	N/A</p>
<p> 0930  THU   U.K. RPI-X	 Y/Y NOV   N/F  PCT    N/A	N/A</p>
<p> 0930  THU   U.K. RPI-Y	 Y/Y NOV   N/F  PCT    N/A	N/A</p>
<p> 0030  FRI   U.K. CBI MONTHLY TRENDS SURVEY - DECEMBER</p>
<p>* ECONOMIC FORECASTS WEEK COMMENCING DECEMBER 16</p>
<p> 0930  TUE   U.K. PSBR		NOV   N/F  BLN    N/A	N/A</p>
<p> 0930  WED   U.K. AVERAGE EARNS   OCT   N/F  PCT    N/A	N/A</p>
<p> 0930  WED   U.K. RETAIL SALES    NOV   N/F  PCT    N/A	N/A</p>
<p> 0930  WED   U.K. RETAIL SLS  Y/Y NOV   N/F  PCT    N/A	N/A</p>
<p> 0930  WED   U.K. UNEMPLOYMENT    NOV   N/F  PCT    N/A	N/A</p>
<p> 0930  WED   U.K. UNEMPLOYMENT    NOV   N/F  K	N/A	N/A</p>
<p> 0930  WED   U.K. UNIT WAGE COSTS OCT   N/F  PCT    N/A	N/A</p>
<p> 0930  THU   U.K. B/SOC NN APPRVL NOV   N/F  BLN    N/A	N/A</p>
<p> 0930  THU   U.K. M4 (PROV)	 DEC   N/F  PCT    N/A	N/A</p>
<p> 0930  THU   U.K. M4 (PROV)   Y/Y DEC   N/F  PCT    N/A	N/A</p>
<p> 0930  THU   U.K. M4 LENDING	DEC   N/F  BLN    N/A	N/A</p>
<p> 0930  THU   U.K. MTR VEHICL PROD NOV   N/F  PCT    N/A	N/A</p>
<p> 0930  FRI   U.K. CURRENT ACCOUNT Q3   -0.6  BLN -2.5/+1.7  -2.1</p>
<p> 0930  FRI   U.K. TRADE IN GOODS  Q3   -3.1  BLN -4.0/-1.5  -3.6</p>
<p>* ECONOMIC FORECASTS WEEK COMMENCING DECEMBER 23</p>
<p> 0930  TUE   U.K. NON-EU TRADE    NOV   N/F  MLN    N/A	N/A</p>
<p> 0930  TUE   U.K. NON-EU EX OIL   NOV   N/F  MLN    N/A	N/A</p>
<p> 0930  TUE   U.K. TRADE IN GOODS  OCT   N/F  MLN    N/A	N/A</p>
<p> 0930  TUE   U.K. TRADE EX OIL    OCT   N/F  MLN    N/A	N/A</p>
<p>* ECONOMIC FORECASTS WEEK COMMENCING DECEMBER 30</p>
<p> 0930  TUE   U.K. M0 (PROV)	 DEC   N/F  PCT    N/A	N/A</p>
<p> 0930  TUE   U.K. M0 (PROV)   Y/Y DEC   N/F  PCT    N/A	N/A</p>
<p> 0930  THU   U.K. PURCH MNGRS INX DEC   N/F  PCT    N/A	N/A</p>
<p> 0930  FRI   U.K. CONSUMER CREDIT NOV   N/F  MLN    N/A	N/A</p>
<p> 0930  FRI   U.K. M4 (FINAL)	NOV   N/F  PCT    N/A	N/A</p>
<p> 0930  FRI   U.K. M4 (FINAL)  Y/Y NOV   N/F  PCT    N/A	N/A</p>
<p> 0930  FRI   U.K. M4 LENDING	NOV   N/F  BLN    N/A	N/A</p>
<p> 0930  FRI   U.K. OFFICIAL RSRVS  DEC   N/F  MLN    N/A	N/A</p>
<p>** Danielle Gann London newsroom +44 171 542 6425 **</p>
</text>
<copyright>(c) Reuters Limited 1996</copyright>
<metadata>
<codes class="bip:countries:1.0">
  <code code="UK">
    <editdetail attribution="Reuters BIP Coding Group" action="confirmed" date="1996-10-21"/>
  </code>
</codes>
<codes class="bip:topics:1.0">
  <code code="E71">
    <editdetail attribution="Reuters BIP Coding Group" action="confirmed" date="1996-10-21"/>
  </code>
  <code code="ECAT">
    <editdetail attribution="Reuters BIP Coding Group" action="confirmed" date="1996-10-21"/>
  </code>
</codes>
<dc element="dc.publisher" value="Reuters Holdings Plc"/>
<dc element="dc.date.published" value="1996-10-21"/>
<dc element="dc.source" value="Reuters"/>
<dc element="dc.creator.location.country.name" value="UK"/>
<dc element="dc.source" value="Reuters"/>
</metadata>
</newsitem>
