<?xml version="1.0" encoding="iso-8859-1" ?>
<newsitem itemid="131704" id="root" date="1996-10-21" xml:lang="en">
<title>FINLAND: Skandia ups Pohjola stake - agency.</title>
<headline>Skandia ups Pohjola stake - agency.</headline>
<dateline>HELSINKI 1996-10-21</dateline>
<text>
<p>Swedish insurer Skandia Insurance Co has increased its stake in Finnish insurer Vakuutusosakeyhtio Pohjola by changing about a million B shares for vote-strong A shares, Finnish STT news agency reported on Monday.</p>
<p>The transaction upped Skandia's stake of votes to 7.8 percent from 3.5 percent, the agency said.</p>
<p>Wholesaler Kesko's Tuko had confirmed selling an equivalent amount of A shares, the agency said.  </p>
<p>A Pohjola spokesman said he could not confirm the report.</p>
<p>Brokerage Aros Securities earlier traded 1,078,547 vote-strong A shares and 1,079,047 B shares in Pohjola at 101.50 markka (down 2.50) and 99.50 markka (up 0.50) respectively on the Helsinki Stock Exchange.</p>
<p>A Tuko spokesman said it had sold 1,078,147 shares but he declined to give any further details.</p>
<p>A broker at another brokerage earlier said Tuko may have sold its vote-strong but illiquid A shares -- it on September 4 held 1,078,147 A shares -- to one of the other large owners interest in votes rather than liquidity. @</p>
<p>That owner would then have placed an about equivalent amount of liquid B shares with an international investor, he said.</p>
<p>Of Pohjola's large owners, only Suomi and Pohjola's Swedish partner Skandia per September 4 owned as many B shares as were now traded, the official said.</p>
<p>-- Helsinki Newsroom +358 - 9 - 680 50 242</p>
</text>
<copyright>(c) Reuters Limited 1996</copyright>
<metadata>
<codes class="bip:countries:1.0">
  <code code="FIN">
    <editdetail attribution="Reuters BIP Coding Group" action="confirmed" date="1996-10-21"/>
  </code>
</codes>
<codes class="bip:industries:1.0">
  <code code="I61000">
    <editdetail attribution="Reuters BIP Coding Group" action="confirmed" date="1996-10-21"/>
  </code>
  <code code="I82001">
    <editdetail attribution="Reuters BIP Coding Group" action="confirmed" date="1996-10-21"/>
  </code>
</codes>
<codes class="bip:topics:1.0">
  <code code="C18">
    <editdetail attribution="Reuters BIP Coding Group" action="confirmed" date="1996-10-21"/>
  </code>
  <code code="C181">
    <editdetail attribution="Reuters BIP Coding Group" action="confirmed" date="1996-10-21"/>
  </code>
  <code code="CCAT">
    <editdetail attribution="Reuters BIP Coding Group" action="confirmed" date="1996-10-21"/>
  </code>
</codes>
<dc element="dc.date.created" value="1996-10-21"/>
<dc element="dc.publisher" value="Reuters Holdings Plc"/>
<dc element="dc.date.published" value="1996-10-21"/>
<dc element="dc.source" value="Reuters"/>
<dc element="dc.creator.location" value="HELSINKI"/>
<dc element="dc.creator.location.country.name" value="FINLAND"/>
<dc element="dc.source" value="Reuters"/>
</metadata>
</newsitem>
