<?xml version="1.0" encoding="iso-8859-1" ?>
<newsitem itemid="131744" id="root" date="1996-10-21" xml:lang="en">
<title>UK: LONDON CURRENCY AND GOLD BULLION RATES.</title>
<headline>LONDON CURRENCY AND GOLD BULLION RATES.</headline>
<text>
<p>LONDON, Reuter - Following are the buying and selling rates for leading world currencies and gold against the dollar on the London foreign exchange and bullion markets today. (Tourist rates will differ from those quoted) US$1.00 COSTS    1.3480/84  Canadian Dollars</p>
<p>		     1.5364/69  German Marks</p>
<p>		     1.7235/40  Dutch Guilders</p>
<p>		     1.2657/62  Swiss Francs</p>
<p>		     31.65/66   Belgian Francs</p>
<p>		     5.1923/43  French Francs</p>
<p>		     1534.1/5.6 Italian Lire</p>
<p>		     112.80/85  Japanese Yen</p>
<p>		     6.6160/35  Swedish Crowns</p>
<p>		     6.5112/49  Norwegian Crowns</p>
<p>		     5.8830/50  Danish Crowns</p>
<p>		     1.4145/52  Singapore Dollars</p>
<p>		     0.7978/83  Australian Dollars</p>
<p>		     7.7320/23  Hong Kong Dollars</p>
<p>One Sterling     US$1.5898/08</p>
<p>Gold (ounce)     US$381.20/381.70</p>
</text>
<copyright>(c) Reuters Limited 1996</copyright>
<metadata>
<codes class="bip:countries:1.0">
  <code code="FRA">
    <editdetail attribution="Reuters BIP Coding Group" action="confirmed" date="1996-10-21"/>
  </code>
  <code code="GFR">
    <editdetail attribution="Reuters BIP Coding Group" action="confirmed" date="1996-10-21"/>
  </code>
  <code code="JAP">
    <editdetail attribution="Reuters BIP Coding Group" action="confirmed" date="1996-10-21"/>
  </code>
  <code code="SINGP">
    <editdetail attribution="Reuters BIP Coding Group" action="confirmed" date="1996-10-21"/>
  </code>
  <code code="UK">
    <editdetail attribution="Reuters BIP Coding Group" action="confirmed" date="1996-10-21"/>
  </code>
</codes>
<dc element="dc.publisher" value="Reuters Holdings Plc"/>
<dc element="dc.date.published" value="1996-10-21"/>
<dc element="dc.source" value="Reuters"/>
<dc element="dc.creator.location.country.name" value="UK"/>
<dc element="dc.source" value="Reuters"/>
</metadata>
</newsitem>
