<?xml version="1.0" encoding="iso-8859-1" ?>
<newsitem itemid="131713" id="root" date="1996-10-21" xml:lang="en">
<title>BELGIUM: Belgian Interbrew says looking at Ringnes Pripps.</title>
<headline>Belgian Interbrew says looking at Ringnes Pripps.</headline>
<dateline>BRUSSELS 1996-10-21</dateline>
<text>
<p>Belgium's privately owned brewery Interbrew NV said it was investigating the possible purchase of a stake in brewer Ringnes Pripps.</p>
<p>&quot;We are still looking at it. As we're still investigating the possibility, we've got no further comment at this stage,&quot; Interbrew spokesman Gerard Fauchey said on Monday.</p>
</text>
<copyright>(c) Reuters Limited 1996</copyright>
<metadata>
<codes class="bip:countries:1.0">
  <code code="BELG">
    <editdetail attribution="Reuters BIP Coding Group" action="confirmed" date="1996-10-21"/>
  </code>
</codes>
<codes class="bip:industries:1.0">
  <code code="I42700">
    <editdetail attribution="Reuters BIP Coding Group" action="confirmed" date="1996-10-21"/>
  </code>
</codes>
<codes class="bip:topics:1.0">
  <code code="C18">
    <editdetail attribution="Reuters BIP Coding Group" action="confirmed" date="1996-10-21"/>
  </code>
  <code code="C181">
    <editdetail attribution="Reuters BIP Coding Group" action="confirmed" date="1996-10-21"/>
  </code>
  <code code="CCAT">
    <editdetail attribution="Reuters BIP Coding Group" action="confirmed" date="1996-10-21"/>
  </code>
</codes>
<dc element="dc.date.created" value="1996-10-21"/>
<dc element="dc.publisher" value="Reuters Holdings Plc"/>
<dc element="dc.date.published" value="1996-10-21"/>
<dc element="dc.source" value="Reuters"/>
<dc element="dc.creator.location" value="BRUSSELS"/>
<dc element="dc.creator.location.country.name" value="BELGIUM"/>
<dc element="dc.source" value="Reuters"/>
</metadata>
</newsitem>
