<?xml version="1.0" encoding="iso-8859-1" ?>
<newsitem itemid="131709" id="root" date="1996-10-21" xml:lang="en">
<title>GERMANY: German cocoa imports up at 135,036 T in Jan-June.</title>
<headline>German cocoa imports up at 135,036 T in Jan-June.</headline>
<dateline>WIESBADEN, Germany 1996-10-21</dateline>
<text>
<p>German January-June 1996 cocoa bean imports from third countries totalled 135,036 tonnes compared with 115,216 in January-June 1995, federal statistics offica data showed on Monday.</p>
<p>Leading suppliers in the six months included Ivory Coast with 74,460 tonnes, Ghana with 21,039, Indonesia 14,250 and Nigeria with 9,194, excluding beans for toll grinding.</p>
<p>Imports in June alone were 19,115 tonnes after 19,215 a year earlier and compared with May 1996 imports of 21,269 tonnes. June import value was 41.95 million marks against 42.05 million a year earlier.  -- Hamburg newsroom, +49-40-41903275</p>
</text>
<copyright>(c) Reuters Limited 1996</copyright>
<metadata>
<codes class="bip:countries:1.0">
  <code code="GFR">
    <editdetail attribution="Reuters BIP Coding Group" action="confirmed" date="1996-10-21"/>
  </code>
</codes>
<codes class="bip:industries:1.0">
  <code code="I01001">
    <editdetail attribution="Reuters BIP Coding Group" action="confirmed" date="1996-10-21"/>
  </code>
  <code code="I0100144">
    <editdetail attribution="Reuters BIP Coding Group" action="confirmed" date="1996-10-21"/>
  </code>
  <code code="I42100">
    <editdetail attribution="Reuters BIP Coding Group" action="confirmed" date="1996-10-21"/>
  </code>
</codes>
<codes class="bip:topics:1.0">
  <code code="C31">
    <editdetail attribution="Reuters BIP Coding Group" action="confirmed" date="1996-10-21"/>
  </code>
  <code code="C311">
    <editdetail attribution="Reuters BIP Coding Group" action="confirmed" date="1996-10-21"/>
  </code>
  <code code="CCAT">
    <editdetail attribution="Reuters BIP Coding Group" action="confirmed" date="1996-10-21"/>
  </code>
  <code code="M14">
    <editdetail attribution="Reuters BIP Coding Group" action="confirmed" date="1996-10-21"/>
  </code>
  <code code="M141">
    <editdetail attribution="Reuters BIP Coding Group" action="confirmed" date="1996-10-21"/>
  </code>
  <code code="MCAT">
    <editdetail attribution="Reuters BIP Coding Group" action="confirmed" date="1996-10-21"/>
  </code>
</codes>
<dc element="dc.date.created" value="1996-10-21"/>
<dc element="dc.publisher" value="Reuters Holdings Plc"/>
<dc element="dc.date.published" value="1996-10-21"/>
<dc element="dc.source" value="Reuters"/>
<dc element="dc.creator.location" value="WIESBADEN, Germany"/>
<dc element="dc.creator.location.country.name" value="GERMANY"/>
<dc element="dc.source" value="Reuters"/>
</metadata>
</newsitem>
