<?xml version="1.0" encoding="iso-8859-1" ?>
<newsitem itemid="131796" id="root" date="1996-10-21" xml:lang="en">
<title>UK: SmithKline says Germany clears multi-vaccine.</title>
<headline>SmithKline says Germany clears multi-vaccine.</headline>
<dateline>LONDON 1996-10-21</dateline>
<text>
<p>Anglo-American drugs group SmithKline Beecham Plc (SB) said on Monday Germany had become the first country to approve a combined vaccine which offers protection against diptheria, tetanus, whooping cough and bacterial meningitis.</p>
<p>In a statement the company said the approval of the multi-vaccine, which is based on SB's new anti-whooping cough injection Infanrix, &quot;is a milestone for the development of major combination vaccines and a significant step forward in childhood vaccination.&quot;  </p>
<p>The key ingredient in Infanrix, Pertactin, was licensed from British drugs group Medeva Plc.</p>
<p>A simpler version of the vaccine which protects against diptheria, whooping cough and tetanus is already approved in 11 countries, including Germany, Sweden, Switzerland and Belgium.</p>
<p>--Jonathan Birt London Newsroom +44 171 542 7717</p>
</text>
<copyright>(c) Reuters Limited 1996</copyright>
<metadata>
<codes class="bip:countries:1.0">
  <code code="GFR">
    <editdetail attribution="Reuters BIP Coding Group" action="confirmed" date="1996-10-21"/>
  </code>
  <code code="UK">
    <editdetail attribution="Reuters BIP Coding Group" action="confirmed" date="1996-10-21"/>
  </code>
</codes>
<codes class="bip:industries:1.0">
  <code code="I25700">
    <editdetail attribution="Reuters BIP Coding Group" action="confirmed" date="1996-10-21"/>
  </code>
</codes>
<codes class="bip:topics:1.0">
  <code code="C13">
    <editdetail attribution="Reuters BIP Coding Group" action="confirmed" date="1996-10-21"/>
  </code>
  <code code="C22">
    <editdetail attribution="Reuters BIP Coding Group" action="confirmed" date="1996-10-21"/>
  </code>
  <code code="CCAT">
    <editdetail attribution="Reuters BIP Coding Group" action="confirmed" date="1996-10-21"/>
  </code>
</codes>
<dc element="dc.date.created" value="1996-10-21"/>
<dc element="dc.publisher" value="Reuters Holdings Plc"/>
<dc element="dc.date.published" value="1996-10-21"/>
<dc element="dc.source" value="Reuters"/>
<dc element="dc.creator.location" value="LONDON"/>
<dc element="dc.creator.location.country.name" value="UK"/>
<dc element="dc.source" value="Reuters"/>
</metadata>
</newsitem>
