<?xml version="1.0" encoding="iso-8859-1" ?>
<newsitem itemid="131716" id="root" date="1996-10-21" xml:lang="en">
<title>SWITZERLAND: Swissair shares face selling pressure.</title>
<headline>Swissair shares face selling pressure.</headline>
<dateline>ZURICH 1996-10-21</dateline>
<text>
<p>Swissair-Schweizerische Luftverkehr AG shares fell below 1,000 Swiss francs and stayed under pressure on worries about higher fuel prices, fare wars and its partner Delta's link-up with Air France, dealers said.</p>
<p>At 0940 GMT, Swissair registered shares were off 27 francs, or 2.65 percent, at 990 in a slightly easier overall market.</p>
<p>&quot;I think the shares are more likely to head toward 900 francs than return quickly above 1,000,&quot; one dealer said.</p>
<p>A Swissair spokesman said it had made no new decisions on changing fares and reiterated that Delta 's cooperation with Air France would not hurt business.</p>
<p>-- Zurich +41 1 631 7340</p>
</text>
<copyright>(c) Reuters Limited 1996</copyright>
<metadata>
<codes class="bip:countries:1.0">
  <code code="SWITZ">
    <editdetail attribution="Reuters BIP Coding Group" action="confirmed" date="1996-10-21"/>
  </code>
</codes>
<codes class="bip:industries:1.0">
  <code code="I75000">
    <editdetail attribution="Reuters BIP Coding Group" action="confirmed" date="1996-10-21"/>
  </code>
</codes>
<codes class="bip:topics:1.0">
  <code code="C15">
    <editdetail attribution="Reuters BIP Coding Group" action="confirmed" date="1996-10-21"/>
  </code>
  <code code="C152">
    <editdetail attribution="Reuters BIP Coding Group" action="confirmed" date="1996-10-21"/>
  </code>
  <code code="CCAT">
    <editdetail attribution="Reuters BIP Coding Group" action="confirmed" date="1996-10-21"/>
  </code>
</codes>
<dc element="dc.date.created" value="1996-10-21"/>
<dc element="dc.publisher" value="Reuters Holdings Plc"/>
<dc element="dc.date.published" value="1996-10-21"/>
<dc element="dc.source" value="Reuters"/>
<dc element="dc.creator.location" value="ZURICH"/>
<dc element="dc.creator.location.country.name" value="SWITZERLAND"/>
<dc element="dc.source" value="Reuters"/>
</metadata>
</newsitem>
