<?xml version="1.0" encoding="iso-8859-1" ?>
<newsitem itemid="131728" id="root" date="1996-10-21" xml:lang="en">
<title>NETHERLANDS: Dutch credit insurer NCM, Japan's EID/MITI in pact.</title>
<headline>Dutch credit insurer NCM, Japan's EID/MITI in pact.</headline>
<dateline>AMSTERDAM 1996-10-21</dateline>
<text>
<p>Dutch credit insurer Nederlandsche Credietverzekering Maatschappij NV (NCM) said on Monday it had signed a cooperation agreement with the Export, Import and Investment Insurance Department of Japan's Ministry of International Trade and Industry (EID/MITI).</p>
<p>&quot;This enables Dutch exporters of capital goods and internationally active construction firms, which cooperate with Japanese firms as suppliers or partners in joint ventures, to insure their payment risks with EID/MITI,&quot; the unlisted Dutch group said in a statement.</p>
<p>EID/MITI will insure a maximum of 70 percent of the payment risks that Dutch firms have.</p>
<p>NCM said the agreement with its Japanese counterpart was an important incentive for further cooperation between Dutch and Japanese companies.</p>
<p>-- Amsterdam newsroom +31 20 504 5000, Fax +31 20 504 5040</p>
</text>
<copyright>(c) Reuters Limited 1996</copyright>
<metadata>
<codes class="bip:countries:1.0">
  <code code="JAP">
    <editdetail attribution="Reuters BIP Coding Group" action="confirmed" date="1996-10-21"/>
  </code>
  <code code="NETH">
    <editdetail attribution="Reuters BIP Coding Group" action="confirmed" date="1996-10-21"/>
  </code>
</codes>
<codes class="bip:industries:1.0">
  <code code="I82003">
    <editdetail attribution="Reuters BIP Coding Group" action="confirmed" date="1996-10-21"/>
  </code>
</codes>
<codes class="bip:topics:1.0">
  <code code="C11">
    <editdetail attribution="Reuters BIP Coding Group" action="confirmed" date="1996-10-21"/>
  </code>
  <code code="CCAT">
    <editdetail attribution="Reuters BIP Coding Group" action="confirmed" date="1996-10-21"/>
  </code>
</codes>
<dc element="dc.date.created" value="1996-10-21"/>
<dc element="dc.publisher" value="Reuters Holdings Plc"/>
<dc element="dc.date.published" value="1996-10-21"/>
<dc element="dc.source" value="Reuters"/>
<dc element="dc.creator.location" value="AMSTERDAM"/>
<dc element="dc.creator.location.country.name" value="NETHERLANDS"/>
<dc element="dc.source" value="Reuters"/>
</metadata>
</newsitem>
