<?xml version="1.0" encoding="iso-8859-1" ?>
<newsitem itemid="131776" id="root" date="1996-10-21" xml:lang="en">
<title>GREECE: CITIBANK HIKES BASE LOAN RATES FOR BUSINESS BY 50 BPS.</title>
<headline>CITIBANK HIKES BASE LOAN RATES FOR BUSINESS BY 50 BPS.</headline>
<dateline>ATHENS 1996-10-21</dateline>
<text>
<p>Citibank will raise its base</p>
<p>lending rates for freely investible funds and business and</p>
<p>professional loans by 50 basis points effective Tuesday, it said</p>
<p>in a statement. All other lending rates were unchanged.</p>
<p>Citibank, which reviews its rates weekly, offers the</p>
<p>following rate structure:</p>
<p>** Base rate for working capital loans at 17.25 percent</p>
<p>** Business and professional base lending rate at 18.50 percent</p>
<p>** Special base rate for public enterprises and organisations</p>
<p>(DEKO) at 18.25 percent</p>
<p>** Base rate for freely investible funds at 18.50 percent</p>
<p>** Mortgage rate at 17.25 percent</p>
<p>** Personal installment loans at 24 percent</p>
<p>** Personal installment loans with invoices at 23 percent</p>
<p>** Auto loans at 19.75 percent</p>
<p>Contribution under Law 128 is not included in the rates</p>
<p>quoted, it said.</p>
<p>Rates on working capital loans denominated in foreign</p>
<p>currency for the coming week will be:</p>
<p>    US Dollars     :  8.03 percent</p>
<p>    Marks	    :  5.69 percent</p>
<p>    Yen		:  2.92 percent</p>
<p>    Guilders	 :  5.41 percent</p>
<p>    Ecu		:  6.71 percent</p>
<p>    Pounds Sterling:  8.59 percent</p>
<p>    French francs  :  5.99 percent</p>
<p>--George Georgiopoulos, Athens Newsroom +301 3311812-4</p>
</text>
<copyright>(c) Reuters Limited 1996</copyright>
<metadata>
<codes class="bip:countries:1.0">
  <code code="GREECE">
    <editdetail attribution="Reuters BIP Coding Group" action="confirmed" date="1996-10-21"/>
  </code>
</codes>
<codes class="bip:industries:1.0">
  <code code="I81402">
    <editdetail attribution="Reuters BIP Coding Group" action="confirmed" date="1996-10-21"/>
  </code>
</codes>
<codes class="bip:topics:1.0">
  <code code="C31">
    <editdetail attribution="Reuters BIP Coding Group" action="confirmed" date="1996-10-21"/>
  </code>
  <code code="CCAT">
    <editdetail attribution="Reuters BIP Coding Group" action="confirmed" date="1996-10-21"/>
  </code>
</codes>
<dc element="dc.date.created" value="1996-10-21"/>
<dc element="dc.publisher" value="Reuters Holdings Plc"/>
<dc element="dc.date.published" value="1996-10-21"/>
<dc element="dc.source" value="Reuters"/>
<dc element="dc.creator.location" value="ATHENS"/>
<dc element="dc.creator.location.country.name" value="GREECE"/>
<dc element="dc.source" value="Reuters"/>
</metadata>
</newsitem>
