<?xml version="1.0" encoding="iso-8859-1" ?>
<newsitem itemid="131771" id="root" date="1996-10-21" xml:lang="en">
<title>FINLAND: RAUTARUUKKI TO CUT RAAHE AND FUNDIA STAFF.</title>
<headline>RAUTARUUKKI TO CUT RAAHE AND FUNDIA STAFF.</headline>
<dateline>HELSINKI 1996-10-21</dateline>
<text>
<p>Finnish steel group Rautaruukki Oy said on Monday its current investment programme would enable the group to cut the number of employees at its main works in Raahe and in its Fundia unit, despite increased capacity.</p>
<p>Kivimaki declined to give exact figures or a schedule for the planned staff cuts but Rautaruukki has earlier announced plans to cut the number of employees at Fundia to 3,000 next year from the current 3,500.</p>
<p>The Raahe steel works had 3,688 employees at the end-1995.</p>
<p>&quot;There will be a lot of new capacity, and the cost of (running) this new capacity is low since for example the wage impact of this new capacity is positive,&quot; Rautaruukki CEO Mikko Kivimaki told a news conference.</p>
<p>The acquisitions of the remaining 50 percent stake in Fundia and of steel wholesaler Keskometalli lifted Rautaruukki's total payroll to 12,768 in January-August on average from 9,488 in the first eight months of 1995.</p>
<p>Capital expenditure was also boosted by the acquisitions and Rautaruukki's eight-month gross investments rose to 1.6 billion markka from 550 million in January-August 1995.</p>
<p>Rautaruukki expected the investments to start paying off gradually from 1997.</p>
<p>&quot;The capital expenditures will begin to yield a return step-by-step beginning in 1997,&quot; it said in its January-August interim report.</p>
<p>Rautaruukki said its steel output in Raahe would increase 25 percent per man-year through the investments, but the company did not give the absolute output figures.</p>
<p>The output of cold rolled production at its Hameenlinna works would increase to 1,250,000 tonnes from 930,000 tonnes and productivity would rise by over 30 percent, it said.</p>
<p>-- Ilkka Virtanen, Helsinki newsroom +358-0-6805 0248</p>
</text>
<copyright>(c) Reuters Limited 1996</copyright>
<metadata>
<codes class="bip:countries:1.0">
  <code code="FIN">
    <editdetail attribution="Reuters BIP Coding Group" action="confirmed" date="1996-10-21"/>
  </code>
  <code code="SWED">
    <editdetail attribution="Reuters BIP Coding Group" action="confirmed" date="1996-10-21"/>
  </code>
</codes>
<codes class="bip:industries:1.0">
  <code code="I22100">
    <editdetail attribution="Reuters BIP Coding Group" action="confirmed" date="1996-10-21"/>
  </code>
</codes>
<codes class="bip:topics:1.0">
  <code code="C42">
    <editdetail attribution="Reuters BIP Coding Group" action="confirmed" date="1996-10-21"/>
  </code>
  <code code="CCAT">
    <editdetail attribution="Reuters BIP Coding Group" action="confirmed" date="1996-10-21"/>
  </code>
  <code code="E41">
    <editdetail attribution="Reuters BIP Coding Group" action="confirmed" date="1996-10-21"/>
  </code>
  <code code="ECAT">
    <editdetail attribution="Reuters BIP Coding Group" action="confirmed" date="1996-10-21"/>
  </code>
  <code code="GCAT">
    <editdetail attribution="Reuters BIP Coding Group" action="confirmed" date="1996-10-21"/>
  </code>
  <code code="GJOB">
    <editdetail attribution="Reuters BIP Coding Group" action="confirmed" date="1996-10-21"/>
  </code>
</codes>
<dc element="dc.date.created" value="1996-10-21"/>
<dc element="dc.publisher" value="Reuters Holdings Plc"/>
<dc element="dc.date.published" value="1996-10-21"/>
<dc element="dc.source" value="Reuters"/>
<dc element="dc.creator.location" value="HELSINKI"/>
<dc element="dc.creator.location.country.name" value="FINLAND"/>
<dc element="dc.source" value="Reuters"/>
</metadata>
</newsitem>
