<?xml version="1.0" encoding="iso-8859-1" ?>
<newsitem itemid="131779" id="root" date="1996-10-21" xml:lang="en">
<title>FINLAND: LANSIVOIMA SEES SUBSTANTIAL 1996 EPS RISE.</title>
<headline>LANSIVOIMA SEES SUBSTANTIAL 1996 EPS RISE.</headline>
<dateline>HELSINKI 1996-10-21</dateline>
<text>
<p>Finnish electricity grid operator Lansivoima Oy said on Monday it expected full-year 1996 earnings per share to rise substantially compared to 1995.</p>
<p>&quot;Net sales for the financial year are expected to exceed one billion markka and earnings per share are, according to the current outlook, expected to rise substantially on last year,&quot; Lansivoima said in a statement with its January-August interim report.  </p>
<p>In 1995, Lansivoima's net sales were 922.6 million markka and earnings per share 12.19 markka.</p>
<p>--Helsinki Newsroom  +358 - 9 - 680 50 245</p>
</text>
<copyright>(c) Reuters Limited 1996</copyright>
<metadata>
<codes class="bip:countries:1.0">
  <code code="FIN">
    <editdetail attribution="Reuters BIP Coding Group" action="confirmed" date="1996-10-21"/>
  </code>
</codes>
<codes class="bip:industries:1.0">
  <code code="I16100">
    <editdetail attribution="Reuters BIP Coding Group" action="confirmed" date="1996-10-21"/>
  </code>
</codes>
<codes class="bip:topics:1.0">
  <code code="C15">
    <editdetail attribution="Reuters BIP Coding Group" action="confirmed" date="1996-10-21"/>
  </code>
  <code code="C152">
    <editdetail attribution="Reuters BIP Coding Group" action="confirmed" date="1996-10-21"/>
  </code>
  <code code="CCAT">
    <editdetail attribution="Reuters BIP Coding Group" action="confirmed" date="1996-10-21"/>
  </code>
</codes>
<dc element="dc.date.created" value="1996-10-21"/>
<dc element="dc.publisher" value="Reuters Holdings Plc"/>
<dc element="dc.date.published" value="1996-10-21"/>
<dc element="dc.source" value="Reuters"/>
<dc element="dc.creator.location" value="HELSINKI"/>
<dc element="dc.creator.location.country.name" value="FINLAND"/>
<dc element="dc.source" value="Reuters"/>
</metadata>
</newsitem>
