<?xml version="1.0" encoding="iso-8859-1" ?>
<newsitem itemid="131700" id="root" date="1996-10-21" xml:lang="en">
<title>NETHERLANDS: Vietnam urged to add value to coffee production.</title>
<headline>Vietnam urged to add value to coffee production.</headline>
<dateline>AMSTERDAM 1996-10-21</dateline>
<text>
<p>Vietnam should seek to add value to its coffee production and expand further into the arabica sector, Dutch agri-bank Rabobank said.</p>
<p>&quot;To guarantee a constant quality of the coffee, substantial investments in harvesting techniques and processing facilities are a must. With the present undercapitalisation of most Vietnamese companies, the industry will have to rely heavily on foreign investors,&quot; a study on the country's agribusiness said.</p>
<p>The report noted that some inroads had been made by western firms into the sector, but Rabobank said most had been cautious.</p>
<p>Britain's E.D. and F. Man and New York-based McCullagh are involved in upgrading coffee processing in the province of Dulak, and Switzerland's Nestle SA is setting up a plant to produce instant coffee for domestic and export markets.</p>
<p>Exports have risen sharply in the past five years, showing an annual growth of more than 120 percent, making coffee one of the country's major foreign currency earners.</p>
<p>Rabobank said the relatively young tree population would take another five years to reach peak production and that further export growth was likely.</p>
<p>The government objective is to expand area from a current 155,000 hectares to about 260,000 ha in 2000, which should give an output of 250,000 tonnes.</p>
<p>By the same date, the government aims to raise the cultivated area devoted to arabica to 20 percent from five, mainly in the north. Rabobank noted the variety fetched higher prices on world markets.</p>
<p>The country also had to tackle a negative image problem arising out of defaults.</p>
<p>Rabobank said a number of foreign coffee traders are allowed to export coffee through a Vietnamese trader with a certified export licence. These foreign enterprises are Germany's Neuman, Switzerland's Volcafe and Thailands JF Trading.</p>
<p>&quot;Confidence in the Vietnamese market is becoming more and more important, indeed critical in keeping its position in relation to Indonesia, its major competitor,&quot; the report said.</p>
<p>--David Evans, Amsterdam Newsroom +31 20 504 5000</p>
</text>
<copyright>(c) Reuters Limited 1996</copyright>
<metadata>
<codes class="bip:countries:1.0">
  <code code="NETH">
    <editdetail attribution="Reuters BIP Coding Group" action="confirmed" date="1996-10-21"/>
  </code>
  <code code="VIETN">
    <editdetail attribution="Reuters BIP Coding Group" action="confirmed" date="1996-10-21"/>
  </code>
</codes>
<codes class="bip:industries:1.0">
  <code code="I01001">
    <editdetail attribution="Reuters BIP Coding Group" action="confirmed" date="1996-10-21"/>
  </code>
  <code code="I0100137">
    <editdetail attribution="Reuters BIP Coding Group" action="confirmed" date="1996-10-21"/>
  </code>
</codes>
<codes class="bip:topics:1.0">
  <code code="C13">
    <editdetail attribution="Reuters BIP Coding Group" action="confirmed" date="1996-10-21"/>
  </code>
  <code code="C21">
    <editdetail attribution="Reuters BIP Coding Group" action="confirmed" date="1996-10-21"/>
  </code>
  <code code="C24">
    <editdetail attribution="Reuters BIP Coding Group" action="confirmed" date="1996-10-21"/>
  </code>
  <code code="CCAT">
    <editdetail attribution="Reuters BIP Coding Group" action="confirmed" date="1996-10-21"/>
  </code>
  <code code="M14">
    <editdetail attribution="Reuters BIP Coding Group" action="confirmed" date="1996-10-21"/>
  </code>
  <code code="M141">
    <editdetail attribution="Reuters BIP Coding Group" action="confirmed" date="1996-10-21"/>
  </code>
  <code code="MCAT">
    <editdetail attribution="Reuters BIP Coding Group" action="confirmed" date="1996-10-21"/>
  </code>
</codes>
<dc element="dc.date.created" value="1996-10-21"/>
<dc element="dc.publisher" value="Reuters Holdings Plc"/>
<dc element="dc.date.published" value="1996-10-21"/>
<dc element="dc.source" value="Reuters"/>
<dc element="dc.creator.location" value="AMSTERDAM"/>
<dc element="dc.creator.location.country.name" value="NETHERLANDS"/>
<dc element="dc.source" value="Reuters"/>
</metadata>
</newsitem>
