<?xml version="1.0" encoding="iso-8859-1" ?>
<newsitem itemid="131777" id="root" date="1996-10-21" xml:lang="en">
<title>FINLAND: HANDELSBANKEN APPOINTS ERAKALLIO CHIEF STRATEGIST.</title>
<headline>HANDELSBANKEN APPOINTS ERAKALLIO CHIEF STRATEGIST.</headline>
<dateline>HELSINKI 1996-10-21</dateline>
<text>
<p>Swedish bank Handelsbanken said in a statement on Monday Handelsbanken Markets Finland chief economist Carlo Erakallio had been appointed chief strategist at Handelsbanken Markets based in Stockholm.</p>
<p>The appointment will take effect on November 1, the bank said.</p>
<p>--Helsinki Newsroom  +358 - 9 - 680 50 245</p>
</text>
<copyright>(c) Reuters Limited 1996</copyright>
<metadata>
<codes class="bip:countries:1.0">
  <code code="FIN">
    <editdetail attribution="Reuters BIP Coding Group" action="confirmed" date="1996-10-21"/>
  </code>
  <code code="SWED">
    <editdetail attribution="Reuters BIP Coding Group" action="confirmed" date="1996-10-21"/>
  </code>
</codes>
<codes class="bip:industries:1.0">
  <code code="I81402">
    <editdetail attribution="Reuters BIP Coding Group" action="confirmed" date="1996-10-21"/>
  </code>
</codes>
<codes class="bip:topics:1.0">
  <code code="C41">
    <editdetail attribution="Reuters BIP Coding Group" action="confirmed" date="1996-10-21"/>
  </code>
  <code code="C411">
    <editdetail attribution="Reuters BIP Coding Group" action="confirmed" date="1996-10-21"/>
  </code>
  <code code="CCAT">
    <editdetail attribution="Reuters BIP Coding Group" action="confirmed" date="1996-10-21"/>
  </code>
</codes>
<dc element="dc.date.created" value="1996-10-21"/>
<dc element="dc.publisher" value="Reuters Holdings Plc"/>
<dc element="dc.date.published" value="1996-10-21"/>
<dc element="dc.source" value="Reuters"/>
<dc element="dc.creator.location" value="HELSINKI"/>
<dc element="dc.creator.location.country.name" value="FINLAND"/>
<dc element="dc.source" value="Reuters"/>
</metadata>
</newsitem>
