<?xml version="1.0" encoding="iso-8859-1" ?>
<newsitem itemid="131797" id="root" date="1996-10-21" xml:lang="en">
<title>UK: Venantius sets $200 million four-year bond.</title>
<headline>Venantius sets $200 million four-year bond.</headline>
<dateline>LONDON 1996-10-21</dateline>
<text>
<p>The following bond was announced</p>
<p>by lead manager Yamaichi International Europe.</p>
<p> BORROWER   VENANTIUS AB</p>
<p>GUARANTOR  KINGDOM OF SWEDEN</p>
<p> AMT    $200 MLN	COUPON     6.25 PCT  MATURITY    20.NOV.00</p>
<p> TYPE	 STRAIGHT  ISS PRICE  101.1325  PAY DATE    20.NOV.96</p>
<p> FULL FEES  1.625 PCT REOFFER    99.7325   SPREAD	+11 BP</p>
<p> MOODY	AA3	 LISTING    LONDON    PAY FREQ    ANNUAL</p>
<p> S&amp;P	  AA+	 DENOMS (K) 1-10-100  SALE LIMITS US/UK/JP</p>
<p> NEG PLG    YES	 CRS DEFLT  NO	  FORCE MAJ   YES</p>
<p> GOV LAW    ENGLISH   MGT/UND    0.225 PCT SELL CONC   1.40 PCT</p>
<p>UNDERLYING GOVT BOND INTERPOLATED 3 AND 5 U.S. TREASURY CURVE</p>
<p> NOTES	ISSUED OFF THE EMTN PROGRAMME</p>
<p>-- London Newsroom +44 171 542 7658</p>
</text>
<copyright>(c) Reuters Limited 1996</copyright>
<metadata>
<codes class="bip:countries:1.0">
  <code code="SWED">
    <editdetail attribution="Reuters BIP Coding Group" action="confirmed" date="1996-10-21"/>
  </code>
  <code code="UK">
    <editdetail attribution="Reuters BIP Coding Group" action="confirmed" date="1996-10-21"/>
  </code>
</codes>
<codes class="bip:industries:1.0">
  <code code="I83960">
    <editdetail attribution="Reuters BIP Coding Group" action="confirmed" date="1996-10-21"/>
  </code>
</codes>
<codes class="bip:topics:1.0">
  <code code="C17">
    <editdetail attribution="Reuters BIP Coding Group" action="confirmed" date="1996-10-21"/>
  </code>
  <code code="C172">
    <editdetail attribution="Reuters BIP Coding Group" action="confirmed" date="1996-10-21"/>
  </code>
  <code code="CCAT">
    <editdetail attribution="Reuters BIP Coding Group" action="confirmed" date="1996-10-21"/>
  </code>
</codes>
<dc element="dc.date.created" value="1996-10-21"/>
<dc element="dc.publisher" value="Reuters Holdings Plc"/>
<dc element="dc.date.published" value="1996-10-21"/>
<dc element="dc.source" value="Reuters"/>
<dc element="dc.creator.location" value="LONDON"/>
<dc element="dc.creator.location.country.name" value="UK"/>
<dc element="dc.source" value="Reuters"/>
</metadata>
</newsitem>
