<?xml version="1.0" encoding="iso-8859-1" ?>
<newsitem itemid="131719" id="root" date="1996-10-21" xml:lang="en">
<title>FRANCE: Cr. Lyonnais foreign business cut 25-30 pct - paper.</title>
<headline>Cr. Lyonnais foreign business cut 25-30 pct - paper.</headline>
<dateline>PARIS 1996-10-21</dateline>
<text>
<p>Credit Lyonnais chairman Jean Peyrelevade said the bank had reduced its international employees and branches by between 25 and 30 percent, financial daily La Tribune Desfosses reported on Monday.</p>
<p>Responding to criticism from EU Competition Commissioner Karel Van Miert that Lyonnais was not respecting the conditions imposed on the bank as part of a state restructuring, Peyrelevade said the bank was losing no time complying.</p>
<p>&quot;Compared to the Commission's decision to force us to cut our international presence by 35 percent by the end of 1998, we are today, in terms of employees and branches outside of France, between minus 25 and minus 30,&quot; he said.</p>
<p>Credit Lyonnais has received two state bailouts and will need another before the bank is in shape for privatisation.</p>
<p>Peyrelevade said he believed he should have been consulted about the bailouts and added he hoped to be allowed to present his plan to prepare Credit Lyonnais for privatisation in person to authorities in Brussels.</p>
<p>He said the plan would be ready by the end of this year.</p>
<p>He did not say when he thought the bank would be privatised but said it needed to make progress on three fronts first -- improving its profitability, its credit rating, and restructuring and refocussing the bank's operations.</p>
<p>-- Paris Newsroom +331 4221 5071</p>
</text>
<copyright>(c) Reuters Limited 1996</copyright>
<metadata>
<codes class="bip:countries:1.0">
  <code code="FRA">
    <editdetail attribution="Reuters BIP Coding Group" action="confirmed" date="1996-10-21"/>
  </code>
</codes>
<codes class="bip:industries:1.0">
  <code code="I81402">
    <editdetail attribution="Reuters BIP Coding Group" action="confirmed" date="1996-10-21"/>
  </code>
</codes>
<codes class="bip:topics:1.0">
  <code code="C11">
    <editdetail attribution="Reuters BIP Coding Group" action="confirmed" date="1996-10-21"/>
  </code>
  <code code="C42">
    <editdetail attribution="Reuters BIP Coding Group" action="confirmed" date="1996-10-21"/>
  </code>
  <code code="CCAT">
    <editdetail attribution="Reuters BIP Coding Group" action="confirmed" date="1996-10-21"/>
  </code>
  <code code="E41">
    <editdetail attribution="Reuters BIP Coding Group" action="confirmed" date="1996-10-21"/>
  </code>
  <code code="ECAT">
    <editdetail attribution="Reuters BIP Coding Group" action="confirmed" date="1996-10-21"/>
  </code>
  <code code="G15">
    <editdetail attribution="Reuters BIP Coding Group" action="confirmed" date="1996-10-21"/>
  </code>
  <code code="G152">
    <editdetail attribution="Reuters BIP Coding Group" action="confirmed" date="1996-10-21"/>
  </code>
  <code code="GCAT">
    <editdetail attribution="Reuters BIP Coding Group" action="confirmed" date="1996-10-21"/>
  </code>
  <code code="GJOB">
    <editdetail attribution="Reuters BIP Coding Group" action="confirmed" date="1996-10-21"/>
  </code>
</codes>
<dc element="dc.date.created" value="1996-10-21"/>
<dc element="dc.publisher" value="Reuters Holdings Plc"/>
<dc element="dc.date.published" value="1996-10-21"/>
<dc element="dc.source" value="Reuters"/>
<dc element="dc.creator.location" value="PARIS"/>
<dc element="dc.creator.location.country.name" value="FRANCE"/>
<dc element="dc.source" value="Reuters"/>
</metadata>
</newsitem>
