<?xml version="1.0" encoding="iso-8859-1" ?>
<newsitem itemid="131770" id="root" date="1996-10-21" xml:lang="en">
<title>SPAIN: PRESS DIGEST - SPAIN - OCTOBER 21.</title>
<headline>PRESS DIGEST - SPAIN - OCTOBER 21.</headline>
<text>
<p>Headlines from major national newspapers. Reuters has not verified these stories and does not vouch for their accuracy.</p>
<p>EL PAIS</p>
<p>- Crown prosecution service starts inspection on Supreme Court special division</p>
<p>- Lopera forbids Canal Sur cameras at Betis-Rayo</p>
<p>- Wislawa Szymborska: &quot;Surprise is an important category in life&quot;</p>
<p>EL MUNDO</p>
<p>- Judge discovers that Galindo's assets substantially exceed what he has declared</p>
<p>- Belgium mobilises against failure of its institutions</p>
<p>DIARIO 16</p>
<p>- Pujol allies with PNV over ETA prisoners</p>
<p>ABC</p>
<p>- The pressure on ETA with the arrest of &quot;Pototo&quot; forces the mafia bank to diminish the activity of its commanders</p>
<p>- Gonzalez doesn't dare participate in budget debate</p>
<p>CINCO DIAS</p>
<p>- A crisis as big as a truck -- The price of gasoline and the reduction of margins puts truck freight in hard times.</p>
<p>- The PP government imposes electric model designed by Fuster and initiated by PSOE</p>
<p>- Repsol will invest 66 billion pesetas in Egypt</p>
<p>EXPANSION</p>
<p>- Government will buy majority of electric network from sector businesses</p>
<p>- European commission opposes reduction in VAT on toll highways</p>
<p>GACETA DE LOS NEGOCIOS</p>
<p>-Hidrocantabrico studies purchase of Viesgo from Endesa</p>
<p>- Patrimonio earned 275 billion pesetas in 1995 thanks to Telefonica and Argentaria</p>
<p>- BBV will use its assets in Latin America to enter U.S.</p>
<p>- &quot;The regional financing scheme can create fiscal paradises&quot;</p>
</text>
<copyright>(c) Reuters Limited 1996</copyright>
<metadata>
<codes class="bip:countries:1.0">
  <code code="SPAIN">
    <editdetail attribution="Reuters BIP Coding Group" action="confirmed" date="1996-10-21"/>
  </code>
</codes>
<codes class="bip:topics:1.0">
  <code code="GCAT">
    <editdetail attribution="Reuters BIP Coding Group" action="confirmed" date="1996-10-21"/>
  </code>
</codes>
<dc element="dc.publisher" value="Reuters Holdings Plc"/>
<dc element="dc.date.published" value="1996-10-21"/>
<dc element="dc.source" value="Reuters"/>
<dc element="dc.creator.location.country.name" value="SPAIN"/>
<dc element="dc.source" value="Reuters"/>
</metadata>
</newsitem>
