<?xml version="1.0" encoding="iso-8859-1" ?>
<newsitem itemid="131835" id="root" date="1996-10-21" xml:lang="en">
<title>Australia: RTRS-Australian bonds back to outperforming ways.</title>
<headline>RTRS-Australian bonds back to outperforming ways.</headline>
<dateline>SYDNEY 1996-10-21</dateline>
<text>
<p>---------------------------------------------------------</p>
<p> AUD VS   3-YR	   10-YR	* AUD 3-YR/10-YR SPREAD</p>
<p> USD	 83 (- 08)   102 (- 06) * FUTURES   61   (+ 01)</p>
<p> CAD	195 (- 12)    99 (- 05) * CASH	66   (+ 01)</p>
<p> NZD	-56 (+ 01)   +07 (- 02) *</p>
<p>---------------------------------------------------------</p>
<p>Australian bonds went back into their outperforming ways against U.S. bonds, which have featured since April, as the local market started to build the expectation of a subdued inflation report this week.</p>
<p>The Australian/U.S. 10-year spread was heading towards 100 basis points, a level it briefly broke before last week's hawkish RBA quarterly Bulletin when it subsequently widened out to some around 115 basis points.</p>
<p>&quot;We expect spreads to come back in this week and certainly in the run-up to the CPI number, but it will probably be a bit more defensive after CPI becuase of the relative risk on the wages being higher than expected,&quot; said Bruce Hockman, senior economist at Bain and Co.</p>
<p>The September quarter headline CPI and underlying inflation reports are due on Wednesday, while the August quarter average weekly ordinary time earnings (AWOTE) are due Thursday.</p>
<p>Traders said that given the emphasis of concern that the RBA put on its concerns over wages, AWOTE could prove to be the key data of the week.</p>
<p>Today's spread tightening was more apparent against the U.S. and Canada, but the market was narrowly mixed against New Zealand debt, which continued last week's strong post-election rally, spurred on by strong New Zealand dollar.</p>
<p>-- Colin Brinsden 61-2 9373-1800</p>
</text>
<copyright>(c) Reuters Limited 1996</copyright>
<metadata>
<codes class="bip:countries:1.0">
  <code code="AUSTR">
    <editdetail attribution="Reuters BIP Coding Group" action="confirmed" date="1996-10-21"/>
  </code>
</codes>
<codes class="bip:topics:1.0">
  <code code="M12">
    <editdetail attribution="Reuters BIP Coding Group" action="confirmed" date="1996-10-21"/>
  </code>
  <code code="M13">
    <editdetail attribution="Reuters BIP Coding Group" action="confirmed" date="1996-10-21"/>
  </code>
  <code code="M131">
    <editdetail attribution="Reuters BIP Coding Group" action="confirmed" date="1996-10-21"/>
  </code>
  <code code="MCAT">
    <editdetail attribution="Reuters BIP Coding Group" action="confirmed" date="1996-10-21"/>
  </code>
</codes>
<dc element="dc.date.created" value="1996-10-21"/>
<dc element="dc.publisher" value="Reuters Holdings Plc"/>
<dc element="dc.date.published" value="1996-10-21"/>
<dc element="dc.source" value="Reuters"/>
<dc element="dc.creator.location" value="SYDNEY"/>
<dc element="dc.creator.location.country.name" value="AUSTRALIA"/>
<dc element="dc.source" value="Reuters"/>
</metadata>
</newsitem>
