<?xml version="1.0" encoding="iso-8859-1" ?>
<newsitem itemid="131800" id="root" date="1996-10-21" xml:lang="en">
<title>UK: BOE forecasts 1.3 bln stg shortage, offers help.</title>
<headline>BOE forecasts 1.3 bln stg shortage, offers help.</headline>
<dateline>LONDON 1996-10-21</dateline>
<text>
<p>The Bank of England offered the UK money market an early round of assistance after forecasting a liquidity shortage of around 1.3 billion stg.</p>
<p>The Bank invited money market operators to offer band 1 and 2 bills and an unrestricted bill/frg repo to November 6.</p>
</text>
<copyright>(c) Reuters Limited 1996</copyright>
<metadata>
<codes class="bip:countries:1.0">
  <code code="UK">
    <editdetail attribution="Reuters BIP Coding Group" action="confirmed" date="1996-10-21"/>
  </code>
</codes>
<codes class="bip:topics:1.0">
  <code code="M13">
    <editdetail attribution="Reuters BIP Coding Group" action="confirmed" date="1996-10-21"/>
  </code>
  <code code="M131">
    <editdetail attribution="Reuters BIP Coding Group" action="confirmed" date="1996-10-21"/>
  </code>
  <code code="MCAT">
    <editdetail attribution="Reuters BIP Coding Group" action="confirmed" date="1996-10-21"/>
  </code>
</codes>
<dc element="dc.date.created" value="1996-10-21"/>
<dc element="dc.publisher" value="Reuters Holdings Plc"/>
<dc element="dc.date.published" value="1996-10-21"/>
<dc element="dc.source" value="Reuters"/>
<dc element="dc.creator.location" value="LONDON"/>
<dc element="dc.creator.location.country.name" value="UK"/>
<dc element="dc.source" value="Reuters"/>
</metadata>
</newsitem>
