<?xml version="1.0" encoding="iso-8859-1" ?>
<newsitem itemid="131822" id="root" date="1996-10-21" xml:lang="en">
<title>UK: New BZW Endowment Fund aims to raise 20 mln stg.</title>
<headline>New BZW Endowment Fund aims to raise 20 mln stg.</headline>
<dateline>LONDON 1996-10-21</dateline>
<text>
<p>Barclays Global Investors said it aims to raise up to 20 million pounds from the launch of a new fund, which will invest in traded endowment assurance policies.</p>
<p>It said in a statement the fund will be modelled on the existing BZW Endowment Fund Ltd (BZWEF), whose shares have traded up from 100 pence at launch in September 1993 to 141 pence and trades at a 14.9 percent premium to net asset value.</p>
<p>&quot;Judging from the share price performance of BZWEF, there is clearly a demand for this uniquely structured product, which is an ideal investment for school fees or retirement,&quot; said Dan Nathanson of Barclays Global Investors.</p>
<p>The issue is expected to take place in November.</p>
<p>-- David Chance, London Newsroom 44 171 542 5887</p>
</text>
<copyright>(c) Reuters Limited 1996</copyright>
<metadata>
<codes class="bip:countries:1.0">
  <code code="UK">
    <editdetail attribution="Reuters BIP Coding Group" action="confirmed" date="1996-10-21"/>
  </code>
</codes>
<codes class="bip:industries:1.0">
  <code code="I81402">
    <editdetail attribution="Reuters BIP Coding Group" action="confirmed" date="1996-10-21"/>
  </code>
  <code code="I81502">
    <editdetail attribution="Reuters BIP Coding Group" action="confirmed" date="1996-10-21"/>
  </code>
  <code code="I8150206">
    <editdetail attribution="Reuters BIP Coding Group" action="confirmed" date="1996-10-21"/>
  </code>
</codes>
<codes class="bip:topics:1.0">
  <code code="C17">
    <editdetail attribution="Reuters BIP Coding Group" action="confirmed" date="1996-10-21"/>
  </code>
  <code code="C171">
    <editdetail attribution="Reuters BIP Coding Group" action="confirmed" date="1996-10-21"/>
  </code>
  <code code="C22">
    <editdetail attribution="Reuters BIP Coding Group" action="confirmed" date="1996-10-21"/>
  </code>
  <code code="CCAT">
    <editdetail attribution="Reuters BIP Coding Group" action="confirmed" date="1996-10-21"/>
  </code>
</codes>
<dc element="dc.date.created" value="1996-10-21"/>
<dc element="dc.publisher" value="Reuters Holdings Plc"/>
<dc element="dc.date.published" value="1996-10-21"/>
<dc element="dc.source" value="Reuters"/>
<dc element="dc.creator.location" value="LONDON"/>
<dc element="dc.creator.location.country.name" value="UK"/>
<dc element="dc.source" value="Reuters"/>
</metadata>
</newsitem>
