<?xml version="1.0" encoding="iso-8859-1" ?>
<newsitem itemid="131819" id="root" date="1996-10-21" xml:lang="en">
<title>UK: KfW unit sets $200 million six-year bond.</title>
<headline>KfW unit sets $200 million six-year bond.</headline>
<dateline>LONDON 1996-10-21</dateline>
<text>
<p>The following bond was announced by joint lead managers CIBC Wood Gundy, DKB International and Merrill Lynch.</p>
<p> BORROWER   KFW INTERNATIONAL FINANCE</p>
<p> GUARANTOR  KREDITANSTALT FUER WIEDERAUFBAU</p>
<p> AMT    $200 MLN	COUPON     6.375     MATURITY    21.NOV.02</p>
<p> TYPE	 STRAIGHT  ISS PRICE  101.17    PAY DATE    21.NOV.96</p>
<p> FULL FEES  1.875     REOFFER    99.57     SPREAD	+12 BP</p>
<p> MOODY    * AAA	 LISTING    LUX	 PAY FREQ    =</p>
<p> S&amp;P	* AAA	 DENOMS (K) 1-10-100  SALE LIMITS US/UK/DE</p>
<p> NEG PLG    NO	  CRS DEFLT  YES	 FORCE MAJ   YES</p>
<p> GOV LAW    NEW YORK  HOME CTRY  GERMANY   TAX PROVS   STANDARD</p>
<p> MGT/UND    0.275     SELL CONC  1.60	PRAECIPUUM  =</p>
<p> UNDERLYING GOVT BOND WHEN-ISSUED FIVE-YEAR U.S. TREASURY</p>
<p> NOTES    * RATING OF GUARANTOR</p>
<p>-- London Newsroom +44 171 542 7658</p>
</text>
<copyright>(c) Reuters Limited 1996</copyright>
<metadata>
<codes class="bip:countries:1.0">
  <code code="GFR">
    <editdetail attribution="Reuters BIP Coding Group" action="confirmed" date="1996-10-21"/>
  </code>
  <code code="UK">
    <editdetail attribution="Reuters BIP Coding Group" action="confirmed" date="1996-10-21"/>
  </code>
</codes>
<codes class="bip:industries:1.0">
  <code code="I81501">
    <editdetail attribution="Reuters BIP Coding Group" action="confirmed" date="1996-10-21"/>
  </code>
  <code code="I8150106">
    <editdetail attribution="Reuters BIP Coding Group" action="confirmed" date="1996-10-21"/>
  </code>
</codes>
<codes class="bip:topics:1.0">
  <code code="C17">
    <editdetail attribution="Reuters BIP Coding Group" action="confirmed" date="1996-10-21"/>
  </code>
  <code code="C172">
    <editdetail attribution="Reuters BIP Coding Group" action="confirmed" date="1996-10-21"/>
  </code>
  <code code="CCAT">
    <editdetail attribution="Reuters BIP Coding Group" action="confirmed" date="1996-10-21"/>
  </code>
</codes>
<dc element="dc.date.created" value="1996-10-21"/>
<dc element="dc.publisher" value="Reuters Holdings Plc"/>
<dc element="dc.date.published" value="1996-10-21"/>
<dc element="dc.source" value="Reuters"/>
<dc element="dc.creator.location" value="LONDON"/>
<dc element="dc.creator.location.country.name" value="UK"/>
<dc element="dc.source" value="Reuters"/>
</metadata>
</newsitem>
