<?xml version="1.0" encoding="iso-8859-1" ?>
<newsitem itemid="131881" id="root" date="1996-10-21" xml:lang="en">
<title>AUSTRALIA: RTRS - Red Back Mining expects to list on ASX Oct 24.</title>
<headline>RTRS - Red Back Mining expects to list on ASX Oct 24.</headline>
<dateline>KALGOORLIE, Western Australia 1996-10-21</dateline>
<text>
<p>Nickel and gold explorer Red Back Mining NL said it expects to list on the Australian Stock Exchange (ASX) on October 24.</p>
<p>The plan to list under the ASX code  RBK.AX follows an oversubscribed capital raising of A$5 million, Ross Ashton, managing director of Red Back, told Reuters.  </p>
<p>After listing, Red Back will have acquired 100 percent equity in six projects, with an option to acquire 100 percent of a seventh, Ashton said. All of the projects are located in Western Australia, mostly an the Eastern Goldfields district.</p>
<p>Ashton said WMC Ltd plans to start exploration test work this week on a farm-in basis over the strike zone of the Irwin Hills nickel sulphide prospect, 90 km southeast of Laverton.</p>
<p>&quot;WMC is just waiting for us to list before starting work,&quot; Ashton said.  </p>
<p>Among its non-nickel projects, Ashton said it expects to start test drilling of the Deep Well prospect, 175 km northeast of Kalgoorlie, in about two weeks.</p>
<p>The project contains a measured and indicated resource of 34,700 tonnes of ore, grading 2.9 grams of gold per tonne, with untested potential over 1.1 km of strike and at depth, Ashton said.</p>
<p>Red Back also is getting ready to start testing of the 97 square km Balagundi prospect.  </p>
<p>Balagundi has the potential to contain sulphide mineralisation similar to the Nimbus gold, silver and base metal deposit, eight km to the north, Ashton said.</p>
<p>-- Sydney Newsroom 61-2 9373-1800</p>
</text>
<copyright>(c) Reuters Limited 1996</copyright>
<metadata>
<codes class="bip:countries:1.0">
  <code code="AUSTR">
    <editdetail attribution="Reuters BIP Coding Group" action="confirmed" date="1996-10-21"/>
  </code>
</codes>
<codes class="bip:industries:1.0">
  <code code="I21000">
    <editdetail attribution="Reuters BIP Coding Group" action="confirmed" date="1996-10-21"/>
  </code>
</codes>
<codes class="bip:topics:1.0">
  <code code="C14">
    <editdetail attribution="Reuters BIP Coding Group" action="confirmed" date="1996-10-21"/>
  </code>
  <code code="CCAT">
    <editdetail attribution="Reuters BIP Coding Group" action="confirmed" date="1996-10-21"/>
  </code>
</codes>
<dc element="dc.date.created" value="1996-10-21"/>
<dc element="dc.publisher" value="Reuters Holdings Plc"/>
<dc element="dc.date.published" value="1996-10-21"/>
<dc element="dc.source" value="Reuters"/>
<dc element="dc.creator.location" value="KALGOORLIE, Western Australia"/>
<dc element="dc.creator.location.country.name" value="AUSTRALIA"/>
<dc element="dc.source" value="Reuters"/>
</metadata>
</newsitem>
