<?xml version="1.0" encoding="iso-8859-1" ?>
<newsitem itemid="131841" id="root" date="1996-10-21" xml:lang="en">
<title>AUSTRALIA: RTRS-Aussie Home Loans yr pre-tax profit A$4.5 mln.</title>
<headline>RTRS-Aussie Home Loans yr pre-tax profit A$4.5 mln.</headline>
<dateline>SYDNEY 1996-10-21</dateline>
<text>
<p>Mortgage originator Aussie Home Loans said on Monday that its pre-tax profit rose to A$4.52 million in 1995/96 from A$639,000 a year earlier.</p>
<p>The unlisted company, which has taken market share from the major and regional banks in the last few years, said revenue rose to A$39 million from $19.6 million.</p>
<p>Managing director John Symond said the company had achieved record lending levels in the last financial year with average monthly loans written doubling to A$220 million.</p>
<p>-- Sydney Newsroom 61-2 373-1800</p>
</text>
<copyright>(c) Reuters Limited 1996</copyright>
<metadata>
<codes class="bip:countries:1.0">
  <code code="AUSTR">
    <editdetail attribution="Reuters BIP Coding Group" action="confirmed" date="1996-10-21"/>
  </code>
</codes>
<codes class="bip:industries:1.0">
  <code code="I81501">
    <editdetail attribution="Reuters BIP Coding Group" action="confirmed" date="1996-10-21"/>
  </code>
  <code code="I8150103">
    <editdetail attribution="Reuters BIP Coding Group" action="confirmed" date="1996-10-21"/>
  </code>
</codes>
<codes class="bip:topics:1.0">
  <code code="C15">
    <editdetail attribution="Reuters BIP Coding Group" action="confirmed" date="1996-10-21"/>
  </code>
  <code code="C151">
    <editdetail attribution="Reuters BIP Coding Group" action="confirmed" date="1996-10-21"/>
  </code>
  <code code="C1511">
    <editdetail attribution="Reuters BIP Coding Group" action="confirmed" date="1996-10-21"/>
  </code>
  <code code="CCAT">
    <editdetail attribution="Reuters BIP Coding Group" action="confirmed" date="1996-10-21"/>
  </code>
</codes>
<dc element="dc.date.created" value="1996-10-21"/>
<dc element="dc.publisher" value="Reuters Holdings Plc"/>
<dc element="dc.date.published" value="1996-10-21"/>
<dc element="dc.source" value="Reuters"/>
<dc element="dc.creator.location" value="SYDNEY"/>
<dc element="dc.creator.location.country.name" value="AUSTRALIA"/>
<dc element="dc.source" value="Reuters"/>
</metadata>
</newsitem>
