<?xml version="1.0" encoding="iso-8859-1" ?>
<newsitem itemid="131817" id="root" date="1996-10-21" xml:lang="en">
<title>UK: Deutsche Bank unit sets NZ$100 mln bond.</title>
<headline>Deutsche Bank unit sets NZ$100 mln bond.</headline>
<dateline>LONDON 1996-10-21</dateline>
<text>
<p>The following bond was announced by joint lead managers Deutsche Morgan Grenfell and Toronto Dominion.</p>
<p> BORROWER   DB AUSTRALIA LTD</p>
<p> GUARANTOR  DEUTSCHE BANK AG</p>
<p> AMT    NZ$100 MLN    COUPON     7.75	MATURITY    04.NOV.98</p>
<p> TYPE	 STRAIGHT  ISS PRICE  101.12    PAY DATE    04.NOV.96</p>
<p> FULL FEES  1.25	REOFFER    =	   SPREAD	=</p>
<p> MOODY    * AAA	 LISTING    LUX	 PAY FREQ    =</p>
<p> S&amp;P	* AAA  DENOMS (K) 1-10-100  SALE LIMITS US/UK/AU/DE/NZ</p>
<p> NEG PLG    NO	  CRS DEFLT  NO	  FORCE MAJ   YES</p>
<p> GOV LAW    GERMAN    HOME CTRY  GERMANY   TAX PROVS   STANDARD</p>
<p> MGT/UND    0.25	SELL CONC  1.00	PRAECIPUUM  0.125</p>
<p> NOTES    * RATING OF GUARANTOR</p>
<p>-- London Newsroom +44 171 542 7658</p>
</text>
<copyright>(c) Reuters Limited 1996</copyright>
<metadata>
<codes class="bip:countries:1.0">
  <code code="AUSTR">
    <editdetail attribution="Reuters BIP Coding Group" action="confirmed" date="1996-10-21"/>
  </code>
  <code code="UK">
    <editdetail attribution="Reuters BIP Coding Group" action="confirmed" date="1996-10-21"/>
  </code>
</codes>
<codes class="bip:industries:1.0">
  <code code="I81402">
    <editdetail attribution="Reuters BIP Coding Group" action="confirmed" date="1996-10-21"/>
  </code>
</codes>
<codes class="bip:topics:1.0">
  <code code="C17">
    <editdetail attribution="Reuters BIP Coding Group" action="confirmed" date="1996-10-21"/>
  </code>
  <code code="C172">
    <editdetail attribution="Reuters BIP Coding Group" action="confirmed" date="1996-10-21"/>
  </code>
  <code code="CCAT">
    <editdetail attribution="Reuters BIP Coding Group" action="confirmed" date="1996-10-21"/>
  </code>
</codes>
<dc element="dc.date.created" value="1996-10-21"/>
<dc element="dc.publisher" value="Reuters Holdings Plc"/>
<dc element="dc.date.published" value="1996-10-21"/>
<dc element="dc.source" value="Reuters"/>
<dc element="dc.creator.location" value="LONDON"/>
<dc element="dc.creator.location.country.name" value="UK"/>
<dc element="dc.source" value="Reuters"/>
</metadata>
</newsitem>
