<?xml version="1.0" encoding="iso-8859-1" ?>
<newsitem itemid="131825" id="root" date="1996-10-21" xml:lang="en">
<title>UK: FORECAST - Consensus on UK company results.</title>
<headline>FORECAST - Consensus on UK company results.</headline>
<dateline>LONDON 1996-10-21</dateline>
<text>
<p>Analysts' estimates of UK company</p>
<p>results expected in week ending October 25 include -</p>
<p>COMPANY----------------PFT/DIV/EPS--CONSENSUS----RANGE-------PVS</p>
<p>MONDAY, 21 October</p>
<p>- No major companies reporting</p>
<p>TUESDAY, 22 October</p>
<p>Smithkline	 Q3	 PFT	  371.8    370.0-375.0  310.0</p>
<p>Beecham Plc		   DIV	    4.0	  n/a	  3.2</p>
<p>Wolseley Plc     YR	 PFT	  234.9    230.0-240.0  245.4</p>
<p>				  DIV	   10.3     10.3-10.5     9.8</p>
<p>				  EPS	   28.25    27.7-29.0   29.72</p>
<p>WEDNESDAY, 23 October</p>
<p>- No major companies reporting</p>
<p>THURSDAY, 24 October</p>
<p>ICI Plc	    Q3	 PFT	 132.28    127.0-140.0  216.0</p>
<p>				  EPS	   10.1     9.3-11.2     20.1</p>
<p>FRIDAY, 25 October</p>
<p>- No major companies reporting</p>
<p>All profit figures are pretax, exclude exceptional items</p>
<p>unless otherwise stated and are in millions stg. Dividends</p>
<p>are total net and quoted as pence per share.</p>
<p>John Sutherland, London Newsroom +44 171 542 7945</p>
</text>
<copyright>(c) Reuters Limited 1996</copyright>
<metadata>
<codes class="bip:countries:1.0">
  <code code="UK">
    <editdetail attribution="Reuters BIP Coding Group" action="confirmed" date="1996-10-21"/>
  </code>
</codes>
<codes class="bip:industries:1.0">
  <code code="I25000">
    <editdetail attribution="Reuters BIP Coding Group" action="confirmed" date="1996-10-21"/>
  </code>
  <code code="I25700">
    <editdetail attribution="Reuters BIP Coding Group" action="confirmed" date="1996-10-21"/>
  </code>
  <code code="I61000">
    <editdetail attribution="Reuters BIP Coding Group" action="confirmed" date="1996-10-21"/>
  </code>
</codes>
<codes class="bip:topics:1.0">
  <code code="C15">
    <editdetail attribution="Reuters BIP Coding Group" action="confirmed" date="1996-10-21"/>
  </code>
  <code code="C152">
    <editdetail attribution="Reuters BIP Coding Group" action="confirmed" date="1996-10-21"/>
  </code>
  <code code="CCAT">
    <editdetail attribution="Reuters BIP Coding Group" action="confirmed" date="1996-10-21"/>
  </code>
</codes>
<dc element="dc.date.created" value="1996-10-21"/>
<dc element="dc.publisher" value="Reuters Holdings Plc"/>
<dc element="dc.date.published" value="1996-10-21"/>
<dc element="dc.source" value="Reuters"/>
<dc element="dc.creator.location" value="LONDON"/>
<dc element="dc.creator.location.country.name" value="UK"/>
<dc element="dc.source" value="Reuters"/>
</metadata>
</newsitem>
