<?xml version="1.0" encoding="iso-8859-1" ?>
<newsitem itemid="131804" id="root" date="1996-10-21" xml:lang="en">
<title>UK: Eurotunnel says to unveil jobs cuts Tuesday.</title>
<headline>Eurotunnel says to unveil jobs cuts Tuesday.</headline>
<dateline>LONDON 1996-10-21</dateline>
<text>
<p>Channel tunnel operator Eurotunnel Plc/SA said on Monday it would announce details of several hundred job losses on Tuesday.</p>
<p>A spokeswoman told Reuters that reports the company was to shed 657 staff out of a total of more than 3,500 employees were &quot;broadly correct.&quot;  </p>
<p>She said job cuts would primarily affect temporary, part-time and fixed-term contract staff in the U.K. and France, and added that &quot;full-time workers will be redeployed&quot; where possible.</p>
<p>Details of the plans are to be put to a staff works council meeting in Calais, and the company will also make a public announcment about the cuts on Tuesday.</p>
<p>The heavily-indebted company, which has succeeded in gaining an almost 50 percent share of cross-Channel traffic in its first two years of operation, is under strong pressure from creditor banks to cut costs and break even.</p>
<p>--London Newsroom +44 171 542 7717</p>
</text>
<copyright>(c) Reuters Limited 1996</copyright>
<metadata>
<codes class="bip:countries:1.0">
  <code code="FRA">
    <editdetail attribution="Reuters BIP Coding Group" action="confirmed" date="1996-10-21"/>
  </code>
  <code code="UK">
    <editdetail attribution="Reuters BIP Coding Group" action="confirmed" date="1996-10-21"/>
  </code>
</codes>
<codes class="bip:industries:1.0">
  <code code="I71000">
    <editdetail attribution="Reuters BIP Coding Group" action="confirmed" date="1996-10-21"/>
  </code>
</codes>
<codes class="bip:topics:1.0">
  <code code="C42">
    <editdetail attribution="Reuters BIP Coding Group" action="confirmed" date="1996-10-21"/>
  </code>
  <code code="CCAT">
    <editdetail attribution="Reuters BIP Coding Group" action="confirmed" date="1996-10-21"/>
  </code>
  <code code="E41">
    <editdetail attribution="Reuters BIP Coding Group" action="confirmed" date="1996-10-21"/>
  </code>
  <code code="ECAT">
    <editdetail attribution="Reuters BIP Coding Group" action="confirmed" date="1996-10-21"/>
  </code>
  <code code="GCAT">
    <editdetail attribution="Reuters BIP Coding Group" action="confirmed" date="1996-10-21"/>
  </code>
  <code code="GJOB">
    <editdetail attribution="Reuters BIP Coding Group" action="confirmed" date="1996-10-21"/>
  </code>
</codes>
<dc element="dc.date.created" value="1996-10-21"/>
<dc element="dc.publisher" value="Reuters Holdings Plc"/>
<dc element="dc.date.published" value="1996-10-21"/>
<dc element="dc.source" value="Reuters"/>
<dc element="dc.creator.location" value="LONDON"/>
<dc element="dc.creator.location.country.name" value="UK"/>
<dc element="dc.source" value="Reuters"/>
</metadata>
</newsitem>
