<?xml version="1.0" encoding="iso-8859-1" ?>
<newsitem itemid="131850" id="root" date="1996-10-21" xml:lang="en">
<title>AUSTRALIA: RTRS-ASX queries Solution over report.</title>
<headline>RTRS-ASX queries Solution over report.</headline>
<dateline>SYDNEY 1996-10-21</dateline>
<text>
<p>Software group Solution 6 Holdings Ltd said on Monday it was in talks with several parties over future product launches and its Internet service provider unit Access One.</p>
<p>Solution 6 said it has planned the development of software products which combine the group's software experience together with the recent internet technology gained from Access One.</p>
<p>&quot;These new products are classified as 'intranet' solutions and are applicable world-wide and will be released via the extensive distribution channels of the group in the future,&quot; Solution 6 said in reply to an Australian Stock Exchange query.  </p>
<p>&quot;Solution 6 has been in contact with a number of internet related companies both in Australia and overseas that would be able to assist in this planned expansion,&quot; Solution 6 said.</p>
<p>Some of these companies have inquired as to possible equity or similar participation with Solution 6, it said.</p>
<p>&quot;These discussions have not led at this time to any specific conclusions concerning the formation of any strategic alliances, equity participation or the sale of the business of Access One Pty Ltd,&quot; it said.</p>
<p>The ASX query follows an article in the Australian Financial Review newspaper about the possible sale of Access One.  </p>
<p>Solution 6 shares fell 11 cents to A$1.25 on Monday.</p>
<p>-- Sydney newsroom 61-2 9373-1800</p>
</text>
<copyright>(c) Reuters Limited 1996</copyright>
<metadata>
<codes class="bip:countries:1.0">
  <code code="AUSTR">
    <editdetail attribution="Reuters BIP Coding Group" action="confirmed" date="1996-10-21"/>
  </code>
</codes>
<codes class="bip:industries:1.0">
  <code code="I33020">
    <editdetail attribution="Reuters BIP Coding Group" action="confirmed" date="1996-10-21"/>
  </code>
  <code code="I3302021">
    <editdetail attribution="Reuters BIP Coding Group" action="confirmed" date="1996-10-21"/>
  </code>
  <code code="I33030">
    <editdetail attribution="Reuters BIP Coding Group" action="confirmed" date="1996-10-21"/>
  </code>
</codes>
<codes class="bip:topics:1.0">
  <code code="C11">
    <editdetail attribution="Reuters BIP Coding Group" action="confirmed" date="1996-10-21"/>
  </code>
  <code code="C13">
    <editdetail attribution="Reuters BIP Coding Group" action="confirmed" date="1996-10-21"/>
  </code>
  <code code="C18">
    <editdetail attribution="Reuters BIP Coding Group" action="confirmed" date="1996-10-21"/>
  </code>
  <code code="C181">
    <editdetail attribution="Reuters BIP Coding Group" action="confirmed" date="1996-10-21"/>
  </code>
  <code code="CCAT">
    <editdetail attribution="Reuters BIP Coding Group" action="confirmed" date="1996-10-21"/>
  </code>
</codes>
<dc element="dc.date.created" value="1996-10-21"/>
<dc element="dc.publisher" value="Reuters Holdings Plc"/>
<dc element="dc.date.published" value="1996-10-21"/>
<dc element="dc.source" value="Reuters"/>
<dc element="dc.creator.location" value="SYDNEY"/>
<dc element="dc.creator.location.country.name" value="AUSTRALIA"/>
<dc element="dc.source" value="Reuters"/>
</metadata>
</newsitem>
