<?xml version="1.0" encoding="iso-8859-1" ?>
<newsitem itemid="131813" id="root" date="1996-10-21" xml:lang="en">
<title>UK: British Columbia sets 200 mln stg Dec 2003 bond.</title>
<headline>British Columbia sets 200 mln stg Dec 2003 bond.</headline>
<dateline>LONDON 1996-10-21</dateline>
<text>
<p>The following bond was announced by lead manager Goldman Sachs International and J.P. Morgan.</p>
<p> BORROWER   PROVINCE OF BRITISH COLUMBIA</p>
<p> AMT    200 MLN STG   COUPON     **	  MATURITY    31.DEC.03</p>
<p> TYPE	 STRAIGHT  ISS PRICE  **	  PAY DATE  S-18.NOV.96</p>
<p> FULL FEES  1.875     REOFFER    **	  SPREAD	+20 BP</p>
<p> NOTES   ** TO BE PRICED</p>
<p>		S SHORT FIRST COUPON</p>
<p> MOODY	AA2	 LISTING    LUX	 PAY FREQ    =</p>
<p> S&amp;P	  AA+	 DENOMS (K) 1-10-100  SALE LIMITS US/UK/CA</p>
<p> NEG PLG    NO	  CRS DEFLT  NO	  FORCE MAJ   IPMA 1</p>
<p> GOV LAW  B.COLUMBIA  HOME CTRY  =	   TAX PROVS   STANDARD</p>
<p> MGT/UND    0.175     SELL CONC  1.70	PRAECIPUUM  =</p>
<p> UNDERLYING GOVT BOND JUNE 2003 GILT</p>
<p>-- London Newsroom +44 171 542 7658</p>
</text>
<copyright>(c) Reuters Limited 1996</copyright>
<metadata>
<codes class="bip:countries:1.0">
  <code code="CANA">
    <editdetail attribution="Reuters BIP Coding Group" action="confirmed" date="1996-10-21"/>
  </code>
  <code code="UK">
    <editdetail attribution="Reuters BIP Coding Group" action="confirmed" date="1996-10-21"/>
  </code>
</codes>
<codes class="bip:topics:1.0">
  <code code="E21">
    <editdetail attribution="Reuters BIP Coding Group" action="confirmed" date="1996-10-21"/>
  </code>
  <code code="E212">
    <editdetail attribution="Reuters BIP Coding Group" action="confirmed" date="1996-10-21"/>
  </code>
  <code code="ECAT">
    <editdetail attribution="Reuters BIP Coding Group" action="confirmed" date="1996-10-21"/>
  </code>
</codes>
<dc element="dc.date.created" value="1996-10-21"/>
<dc element="dc.publisher" value="Reuters Holdings Plc"/>
<dc element="dc.date.published" value="1996-10-21"/>
<dc element="dc.source" value="Reuters"/>
<dc element="dc.creator.location" value="LONDON"/>
<dc element="dc.creator.location.country.name" value="UK"/>
<dc element="dc.source" value="Reuters"/>
</metadata>
</newsitem>
