<?xml version="1.0" encoding="iso-8859-1" ?>
<newsitem itemid="131877" id="root" date="1996-10-21" xml:lang="en">
<title>AUSTRALIA: RTRS - Unions say govt labour bill will be changed.</title>
<headline>RTRS - Unions say govt labour bill will be changed.</headline>
<dateline>CANBERRA 1996-10-21</dateline>
<text>
<p>Australian Council of Trade Unions (ACTU) president Jennie George said on Monday she expected the government's workplace relations bill to be substantially amended in the upper house Senate.</p>
<p>George said this would seriously damage the government's attempts to weaken the current industrial relations system.</p>
<p>&quot;I do not believe that the bill will pass through the Senate in its present form,&quot; George told a Retailers Association Conference in Sydney. A copy of her remarks was released here.</p>
<p>&quot;The Greens and the two independent Senators have committed themselves to opposing substantial weakening of current protections,&quot; she said.</p>
<p>The Australian government needs two extra votes to pass any legislation in the Senate and is currently negotiating with the Democrats in the hope of winning their support.</p>
<p>&quot;Although the Democrats have clearly stated that they expect the bill to pass this year, I am confident that (Democrats leader) Cheryl Kernot and her colleagues will maintain their policy commitment to a fair and balanced industrial relations system,&quot; George said.</p>
<p>The government's reforms would promote direct work contracts between workers and employers without unions or labour tribunals.</p>
<p>-- Canberra Bureau 61-6 273 2730</p>
</text>
<copyright>(c) Reuters Limited 1996</copyright>
<metadata>
<codes class="bip:countries:1.0">
  <code code="AUSTR">
    <editdetail attribution="Reuters BIP Coding Group" action="confirmed" date="1996-10-21"/>
  </code>
</codes>
<codes class="bip:topics:1.0">
  <code code="E41">
    <editdetail attribution="Reuters BIP Coding Group" action="confirmed" date="1996-10-21"/>
  </code>
  <code code="ECAT">
    <editdetail attribution="Reuters BIP Coding Group" action="confirmed" date="1996-10-21"/>
  </code>
  <code code="GCAT">
    <editdetail attribution="Reuters BIP Coding Group" action="confirmed" date="1996-10-21"/>
  </code>
  <code code="GJOB">
    <editdetail attribution="Reuters BIP Coding Group" action="confirmed" date="1996-10-21"/>
  </code>
  <code code="GPOL">
    <editdetail attribution="Reuters BIP Coding Group" action="confirmed" date="1996-10-21"/>
  </code>
</codes>
<dc element="dc.date.created" value="1996-10-21"/>
<dc element="dc.publisher" value="Reuters Holdings Plc"/>
<dc element="dc.date.published" value="1996-10-21"/>
<dc element="dc.source" value="Reuters"/>
<dc element="dc.creator.location" value="CANBERRA"/>
<dc element="dc.creator.location.country.name" value="AUSTRALIA"/>
<dc element="dc.source" value="Reuters"/>
</metadata>
</newsitem>
