<?xml version="1.0" encoding="iso-8859-1" ?>
<newsitem itemid="131891" id="root" date="1996-10-21" xml:lang="en">
<title>AUSTRALIA: RTRS-AUSTRALIAN P-NOTES - Tenders total A$54 mln.</title>
<headline>RTRS-AUSTRALIAN P-NOTES - Tenders total A$54 mln.</headline>
<dateline>MELBOURNE 1996-10-21</dateline>
<text>
<p>The Australian commercial paper market saw a steady supply of promissory note issuance at the start of the week, which included a A$29 million tender offering by Airservices.</p>
<p>The November 15 maturing paper fetched a yield of 6.93 percent.</p>
<p>Tenders also included a A$20 million sale of November 20-dated paper by MLC Building Society, which went at 6.92 percent.</p>
<p>  DATE  ISSUER     MAT  AMT* YIELD   S&amp;P MOODY'S BBSW</p>
<p>  21/10Airservices 15/11 29.06.93   A1+  n/a    6.9000</p>
<p>	 Incitec     20/11  5.06.95   A2   n/a    6.9000</p>
<p>	 MLC Bldg Soc20/11 20.06.92   A1+  n/a    6.9000</p>
<p>  18/10Macdonald's 16/01 15.06.82   A1+  P1     6.7900</p>
<p>  17/10Boral	 17/01 40.06.82/3 A1   P1     6.7600</p>
<p>	 ICI Aust    29/11 20.06.95   A1+  n/a    6.9267</p>
<p>  16/10General Prop14/01 30.06.71   A1+  n/a    6.6850</p>
<p>  15/10Airservices 15/11 42.06.90/91A1+  n/a    6.9050</p>
<p>	 Incitec     15/11  5.06.94   A2   n/a    6.9050</p>
<p>	 MLC Bldg Soc14/11 15.06.92   A1+  n/a    6.9050</p>
<p>	 Macdonald's 19/11 10.06.90   A1+  P1     6.9050</p>
<p>14/10No Tenders</p>
<p>  11/10MLC Bldg Soc11/11 15.06.93   A1+  n/a    6.9000</p>
<p>	 McDonald's  15/11 30.06.91/92A1+  P1     6.9000</p>
<p>	 ICI Aust    08/11 20.06.93   A1+  n/a    6.9000</p>
<p>	 Mobil	 14/11 40.06.91/92A1+  P1     6.9000</p>
<p>  10/10Telstra     11/11 20.06.92   A1+  n/a    6.9000</p>
<p>  09/10Alcatel     08/11 30.06.93   A1+  P1     6.9200</p>
<p>	 Mobil	 08/11 35.06.93   A1+  P1     6.9200</p>
<p>  08/10Lend Lease  07/11 40.06.92   A1+  n/a    6.9167</p>
<p>	 NT Treasury 07/01 31.06.76   Gov't G'teed 6.7550</p>
<p>	 ANL	   12/11 20.06.90   A1+  n/a    6.9167</p>
<p>	 Mobil	 07/11 35.06.91/92A1+  P1     6.9167</p>
<p>	 McDonald's  05/11 30.06.93   A1+  P1     6.9167</p>
<p>07/10No Tenders</p>
<p>  04/10General Prop06/01 20.06.82   A1+  n/a    6.7817</p>
<p>	 General Prop06/01 30.06.85   A1+  n/a    6.7817</p>
<p>	 MLC Bldg Soc04/11 15.06.91   A1+  n/a    6.9200</p>
<p>	 Incitec     04/11 10.06.96   A2   n/a    6.9200</p>
<p>	 Telstra     08/11 20.06.91   A1+  n/a    6.9200</p>
<p>  03/10General Prop03/01 50.06.85   A1+  n/a    6.8050</p>
<p>	 MLC Bldg Soc01/11 15.06.95   A1+  n/a    6.9300</p>
<p>	 ICI Aust    22/11 10.06.92   A1+  n/a    6.8575</p>
<p>	 ICI Aust    22/11 10.06.91   A1+  n/a    6.8575</p>
<p>  02/10General Prop02/01 40.06.86   A1+  n/a    6.8200</p>
<p>	 ICI Aust    01/11 30.06.94   A1+  n/a    6.9200</p>
<p>  01/10McDonald's  01/11 30.06.90   A1+  P1     6.8367</p>
<p>	 Keystart    07/01 25.06.86   A1+  P1     6.7650</p>
<p>  30/09Boral	 08/01 30.06.88   A1   P1     6.8433</p>
<p>	 MLC Bldg Soc30/10 15.07.00   A1+  n/a    6.9700</p>
<p>  27/09McDonald's  29/10 25.06.98   A1+  P1     6.9783</p>
<p>	 MLC Bldg Soc28/10 10.07.00   A1+  n/a    6.9783</p>
<p>	 ICI Aust    15/10 20.07.04   A1+  n/a    6.9783</p>
<p>  26/09Keystart    20/12 50.06.94   A1+  P1     6.8800</p>
<p>	 ICI Aust    23/10 20.07.00   A1+  n/a    6.9667</p>
<p>* Amounts in A$ millions.</p>
<p>Note: BBSW column shows bank bill mid-rate closest to maturity of issue. Tender results supplied by Commonwealth Bank of Australia, National Australia Bank and Westpac Banking Corp.</p>
<p>-- Sydney Newsroom 61-2 9373-1800</p>
</text>
<copyright>(c) Reuters Limited 1996</copyright>
<metadata>
<codes class="bip:countries:1.0">
  <code code="AUSTR">
    <editdetail attribution="Reuters BIP Coding Group" action="confirmed" date="1996-10-21"/>
  </code>
</codes>
<codes class="bip:topics:1.0">
  <code code="M12">
    <editdetail attribution="Reuters BIP Coding Group" action="confirmed" date="1996-10-21"/>
  </code>
  <code code="MCAT">
    <editdetail attribution="Reuters BIP Coding Group" action="confirmed" date="1996-10-21"/>
  </code>
</codes>
<dc element="dc.date.created" value="1996-10-21"/>
<dc element="dc.publisher" value="Reuters Holdings Plc"/>
<dc element="dc.date.published" value="1996-10-21"/>
<dc element="dc.source" value="Reuters"/>
<dc element="dc.creator.location" value="MELBOURNE"/>
<dc element="dc.creator.location.country.name" value="AUSTRALIA"/>
<dc element="dc.source" value="Reuters"/>
</metadata>
</newsitem>
