<?xml version="1.0" encoding="iso-8859-1" ?>
<newsitem itemid="131864" id="root" date="1996-10-21" xml:lang="en">
<title>AUSTRALIA: RTRS - Sithes in A$250 mln Australia plant plan.</title>
<headline>RTRS - Sithes in A$250 mln Australia plant plan.</headline>
<dateline>SYDNEY 1996-10-21</dateline>
<text>
<p>Australia's New South Wales state government said on Monday that it had welcomed a proposal by Sithe Energies Inc to build a A$250 million cogeneration plant in Sydney.</p>
</text>
<copyright>(c) Reuters Limited 1996</copyright>
<metadata>
<codes class="bip:countries:1.0">
  <code code="AUSTR">
    <editdetail attribution="Reuters BIP Coding Group" action="confirmed" date="1996-10-21"/>
  </code>
</codes>
<codes class="bip:industries:1.0">
  <code code="I16100">
    <editdetail attribution="Reuters BIP Coding Group" action="confirmed" date="1996-10-21"/>
  </code>
</codes>
<codes class="bip:topics:1.0">
  <code code="C24">
    <editdetail attribution="Reuters BIP Coding Group" action="confirmed" date="1996-10-21"/>
  </code>
  <code code="CCAT">
    <editdetail attribution="Reuters BIP Coding Group" action="confirmed" date="1996-10-21"/>
  </code>
</codes>
<dc element="dc.date.created" value="1996-10-21"/>
<dc element="dc.publisher" value="Reuters Holdings Plc"/>
<dc element="dc.date.published" value="1996-10-21"/>
<dc element="dc.source" value="Reuters"/>
<dc element="dc.creator.location" value="SYDNEY"/>
<dc element="dc.creator.location.country.name" value="AUSTRALIA"/>
<dc element="dc.source" value="Reuters"/>
</metadata>
</newsitem>
