<?xml version="1.0" encoding="iso-8859-1" ?>
<newsitem itemid="13186" id="root" date="1996-08-25" xml:lang="en">
<title>JAPAN: RESEARCH ALERT-Asaka Industrial rated.</title>
<headline>RESEARCH ALERT-Asaka Industrial rated.</headline>
<dateline>TOKYO 1996-08-26</dateline>
<text>
<p>Yamaichi Research Institute of Securities and Economics Inc said it has assigned Asaka Industrial Co Ltd a &quot;2&quot; rating.</p>
<p>In its three-grade rating system, the research institute assigns a &quot;2&quot; rating to issues whose values it sees moving within 10 percentage points in either direction of the Tokyo Stock Exchange first-section TOPIX index over the next six months.</p>
</text>
<copyright>(c) Reuters Limited 1996</copyright>
<metadata>
<codes class="bip:countries:1.0">
  <code code="JAP">
    <editdetail attribution="Reuters BIP Coding Group" action="confirmed" date="1996-08-25"/>
  </code>
</codes>
<codes class="bip:industries:1.0">
  <code code="I31000">
    <editdetail attribution="Reuters BIP Coding Group" action="confirmed" date="1996-08-25"/>
  </code>
</codes>
<codes class="bip:topics:1.0">
  <code code="C15">
    <editdetail attribution="Reuters BIP Coding Group" action="confirmed" date="1996-08-25"/>
  </code>
  <code code="C152">
    <editdetail attribution="Reuters BIP Coding Group" action="confirmed" date="1996-08-25"/>
  </code>
  <code code="CCAT">
    <editdetail attribution="Reuters BIP Coding Group" action="confirmed" date="1996-08-25"/>
  </code>
</codes>
<dc element="dc.date.created" value="1996-08-26"/>
<dc element="dc.publisher" value="Reuters Holdings Plc"/>
<dc element="dc.date.published" value="1996-08-25"/>
<dc element="dc.source" value="Reuters"/>
<dc element="dc.creator.location" value="TOKYO"/>
<dc element="dc.creator.location.country.name" value="JAPAN"/>
<dc element="dc.source" value="Reuters"/>
</metadata>
</newsitem>
