<?xml version="1.0" encoding="iso-8859-1" ?>
<newsitem itemid="131858" id="root" date="1996-10-21" xml:lang="en">
<title>AUSTRALIA: RTRS-ASX queries ERG over project funding.</title>
<headline>RTRS-ASX queries ERG over project funding.</headline>
<dateline>SYDNEY 1996-10-21</dateline>
<text>
<p>The Australian Stock Exchange said on Monday it had requested clarification from electronics group ERG Ltd over a newspaper report about the funding of the company's OneLink transport ticketing consortium in Victoria.  </p>
<p>The Australian Financial Review newspaper reported on Monday that the bankers to the OneLink consortium had stopped funding for the project.</p>
<p>ERG is the project leader of OneLink. The other project partners are Mayne Nickless Ltd and Fujitsu Australia Ltd, a unit of Fujitsu Ltd of Japan.  </p>
<p>A trading halt was applied to ERG shares earlier this morning. &quot;The article is factually incorrect and has been written without any reference to the Company,&quot; ERG said.</p>
<p>&quot;The Company has referred the article to its solicitors and will take advice as to the course of action available to it against the Financial Review,&quot; it said.</p>
<p>Last Thursday, the project's banker National Australia Bank Ltd advanced A$9.9 million to OneLink of which A$6.4 million has been paid to ERG. That payment was made on the scheduled date for payment and represented the payment for hardware and software delivered in the prior quarter, ERG said.  </p>
<p>The total funds of $99.75 million will not be advanced until the full system is in operation, which is expected at the end of the 1997 year, ERG said.</p>
<p>ERG shares were 13 cents down at A$1.12 before the trading halt.</p>
<p>-- Sydney newsroom 61-2 9373-1800</p>
</text>
<copyright>(c) Reuters Limited 1996</copyright>
<metadata>
<codes class="bip:countries:1.0">
  <code code="AUSTR">
    <editdetail attribution="Reuters BIP Coding Group" action="confirmed" date="1996-10-21"/>
  </code>
</codes>
<codes class="bip:industries:1.0">
  <code code="I33020">
    <editdetail attribution="Reuters BIP Coding Group" action="confirmed" date="1996-10-21"/>
  </code>
  <code code="I34000">
    <editdetail attribution="Reuters BIP Coding Group" action="confirmed" date="1996-10-21"/>
  </code>
  <code code="I77002">
    <editdetail attribution="Reuters BIP Coding Group" action="confirmed" date="1996-10-21"/>
  </code>
</codes>
<codes class="bip:topics:1.0">
  <code code="C11">
    <editdetail attribution="Reuters BIP Coding Group" action="confirmed" date="1996-10-21"/>
  </code>
  <code code="C17">
    <editdetail attribution="Reuters BIP Coding Group" action="confirmed" date="1996-10-21"/>
  </code>
  <code code="C173">
    <editdetail attribution="Reuters BIP Coding Group" action="confirmed" date="1996-10-21"/>
  </code>
  <code code="CCAT">
    <editdetail attribution="Reuters BIP Coding Group" action="confirmed" date="1996-10-21"/>
  </code>
</codes>
<dc element="dc.date.created" value="1996-10-21"/>
<dc element="dc.publisher" value="Reuters Holdings Plc"/>
<dc element="dc.date.published" value="1996-10-21"/>
<dc element="dc.source" value="Reuters"/>
<dc element="dc.creator.location" value="SYDNEY"/>
<dc element="dc.creator.location.country.name" value="AUSTRALIA"/>
<dc element="dc.source" value="Reuters"/>
</metadata>
</newsitem>
