<?xml version="1.0" encoding="iso-8859-1" ?>
<newsitem itemid="131821" id="root" date="1996-10-21" xml:lang="en">
<title>UK: Hillsdown to buy rest of Strong.</title>
<headline>Hillsdown to buy rest of Strong.</headline>
<dateline>LONDON 1996-10-21</dateline>
<text>
<p>Hillsdown Holdings Plc said on Monday it would buy the remaining shares in Strong &amp; Fisher Plc which it does not already own at a price of 21 pence per share.</p>
<p>Hillsdown already has 90.2 percent of Strong's shares and will pay for the outstanding holding in cash. The move depends on shareholder approval.</p>
<p>Meetings for both companies' shareholders have been set for December 6.</p>
<p>-- London newsroom +44 171 542 7717</p>
</text>
<copyright>(c) Reuters Limited 1996</copyright>
<metadata>
<codes class="bip:countries:1.0">
  <code code="UK">
    <editdetail attribution="Reuters BIP Coding Group" action="confirmed" date="1996-10-21"/>
  </code>
</codes>
<codes class="bip:industries:1.0">
  <code code="I41000">
    <editdetail attribution="Reuters BIP Coding Group" action="confirmed" date="1996-10-21"/>
  </code>
  <code code="I44000">
    <editdetail attribution="Reuters BIP Coding Group" action="confirmed" date="1996-10-21"/>
  </code>
</codes>
<codes class="bip:topics:1.0">
  <code code="C18">
    <editdetail attribution="Reuters BIP Coding Group" action="confirmed" date="1996-10-21"/>
  </code>
  <code code="C181">
    <editdetail attribution="Reuters BIP Coding Group" action="confirmed" date="1996-10-21"/>
  </code>
  <code code="CCAT">
    <editdetail attribution="Reuters BIP Coding Group" action="confirmed" date="1996-10-21"/>
  </code>
</codes>
<dc element="dc.date.created" value="1996-10-21"/>
<dc element="dc.publisher" value="Reuters Holdings Plc"/>
<dc element="dc.date.published" value="1996-10-21"/>
<dc element="dc.source" value="Reuters"/>
<dc element="dc.creator.location" value="LONDON"/>
<dc element="dc.creator.location.country.name" value="UK"/>
<dc element="dc.source" value="Reuters"/>
</metadata>
</newsitem>
