<?xml version="1.0" encoding="iso-8859-1" ?>
<newsitem itemid="131838" id="root" date="1996-10-21" xml:lang="en">
<title>AUSTRALIA: RTRS-SFE wheat falls on Chicago, pool price puzzle.</title>
<headline>RTRS-SFE wheat falls on Chicago, pool price puzzle.</headline>
<dateline>SYDNEY 1996-10-21</dateline>
<text>
<p>Wheat futures fell further on the Sydney Futures Exchange (SFE) on Monday after falls in Chicago and ahead of pool price revisions by the Australian Wheat Board.</p>
<p>Market leader January 1997 fell by A$2.00 to A$152.00 a tonne in 21 trades, while the contract lost A$1.50 on its settlement price. A total of 13 trades also took place in A$145.00 January 1997 put options at a A$4.80 premium.</p>
<p>Brendon Hillary of ANZ McCaughan Futures Ltd said it was surprising SFE wheat did not fall further. To fully reflect Chicago's Friday fall SFE wheat should have been down by A$3.00.  </p>
<p>SFE wheat futures had not shared fully in Chicago's rally in the past fortnight. But Chicago was approaching a critical stage, where breaching of US$4.00 a bushel would indicate downside of a further $20.00-$30.00, he said.</p>
<p>The Australian pool estimate to be released this afternoon has the market guessing. A pool price on market criteria would indicate a cut of A$10.00-A$15.00 a tonne, he said.</p>
<p>But market rumours were that the AWB had decided not to reduce pool prices, perhaps because it believes world prices could tick upwards early next year or perhaps because of recent criticism about frequent pool price changes in a falling market.  </p>
<p>The market would be comfortable with a A$10.00 pool price cut but a A$15.00 cut might bring selling pressure on, he said.</p>
<p>Monday's market attracted some good bids, particularly through BZW Futures, while nervous forward pricing prompted some grower selling.</p>
<p>The AWB's indicative cash wheat quotes, Newcastle delivery, were cut by A$2.00-A$3.00 a tonne on Monday morning.  </p>
<p>Australia wheat futures on Oct 21 (per tonne):</p>
<p>		Settle     Net change     Volume     Open interest</p>
<p>    Nov6    158.50	 -		  -	     68</p>
<p>    Jan7    152.50	-2.00	    21	    508</p>
<p>    March7  154.50	 -		  -	    139</p>
<p>    May7    156.50	 -		  -	     78</p>
<p>    July7   157.00	 -		  -	     31</p>
<p>    Sep7    153.00	 -		  -		2</p>
<p>    Nov7    149.00	 -		  -	     79</p>
<p>    Jan8    146.00	 -		  -		9</p>
<p>    Mar8    147.50	 -		  -		9</p>
<p>AWB cash bid quotes for Oct 21 (A$ per tonne):</p>
<p>New crop sorghum</p>
<p>    Mar-Apr     A$135</p>
<p>New crop wheat 1996/97:</p>
<p>    ASW/APW:    A$148</p>
<p>    AH:	   A$164</p>
<p>    APH:	  A$173</p>
<p>    Soft:	 A$157</p>
<p>New crop feed barley</p>
<p>    Jan     A$110</p>
<p>-- Michael Byrnes, Sydney Newsroom 61-2 9373-1800</p>
</text>
<copyright>(c) Reuters Limited 1996</copyright>
<metadata>
<codes class="bip:countries:1.0">
  <code code="AUSTR">
    <editdetail attribution="Reuters BIP Coding Group" action="confirmed" date="1996-10-21"/>
  </code>
  <code code="USA">
    <editdetail attribution="Reuters BIP Coding Group" action="confirmed" date="1996-10-21"/>
  </code>
</codes>
<codes class="bip:topics:1.0">
  <code code="M14">
    <editdetail attribution="Reuters BIP Coding Group" action="confirmed" date="1996-10-21"/>
  </code>
  <code code="M141">
    <editdetail attribution="Reuters BIP Coding Group" action="confirmed" date="1996-10-21"/>
  </code>
  <code code="MCAT">
    <editdetail attribution="Reuters BIP Coding Group" action="confirmed" date="1996-10-21"/>
  </code>
</codes>
<dc element="dc.date.created" value="1996-10-21"/>
<dc element="dc.publisher" value="Reuters Holdings Plc"/>
<dc element="dc.date.published" value="1996-10-21"/>
<dc element="dc.source" value="Reuters"/>
<dc element="dc.creator.location" value="SYDNEY"/>
<dc element="dc.creator.location.country.name" value="AUSTRALIA"/>
<dc element="dc.source" value="Reuters"/>
</metadata>
</newsitem>
