<?xml version="1.0" encoding="iso-8859-1" ?>
<newsitem itemid="131801" id="root" date="1996-10-21" xml:lang="en">
<title>UK: Sigma Finance sets $250 million five-year bond.</title>
<headline>Sigma Finance sets $250 million five-year bond.</headline>
<dateline>LONDON 1996-10-21</dateline>
<text>
<p>The following bond was announced by lead manager SBC Warburg.</p>
<p> BORROWER   SIGMA FINANCE CORP</p>
<p> AMT    $250 MLN	COUPON     6.50	MATURITY    19.NOV.01</p>
<p> TYPE	 STRAIGHT  ISS PRICE  101.55    PAY DATE    19.NOV.96</p>
<p> FULL FEES  1.875     REOFFER    99.925    SPREAD	+18 BP</p>
<p> MOODY	AAA	 LISTING    LONDON    PAY FREQ    =</p>
<p> S&amp;P	  AAA	 DENOMS (K) 1-10-100  SALE LIMITS US/UK/KY</p>
<p> NEG PLG    NO	  CRS DEFLT  YES	 FORCE MAJ   IPMA 2</p>
<p> GOV LAW    ENGLISH   HOME CTRY  =	   TAX PROVS   STANDARD</p>
<p> MGT/UND    0.25	SELL CONC  1.625     PRAECIPUUM  =</p>
<p> UNDERLYING GOVT BOND W/I 5-YEAR U.S. TREASURY -- London Newsroom +44 171 542 7658</p>
</text>
<copyright>(c) Reuters Limited 1996</copyright>
<metadata>
<codes class="bip:countries:1.0">
  <code code="JAP">
    <editdetail attribution="Reuters BIP Coding Group" action="confirmed" date="1996-10-21"/>
  </code>
  <code code="UK">
    <editdetail attribution="Reuters BIP Coding Group" action="confirmed" date="1996-10-21"/>
  </code>
</codes>
<codes class="bip:industries:1.0">
  <code code="I81402">
    <editdetail attribution="Reuters BIP Coding Group" action="confirmed" date="1996-10-21"/>
  </code>
  <code code="I81502">
    <editdetail attribution="Reuters BIP Coding Group" action="confirmed" date="1996-10-21"/>
  </code>
</codes>
<codes class="bip:topics:1.0">
  <code code="C17">
    <editdetail attribution="Reuters BIP Coding Group" action="confirmed" date="1996-10-21"/>
  </code>
  <code code="C172">
    <editdetail attribution="Reuters BIP Coding Group" action="confirmed" date="1996-10-21"/>
  </code>
  <code code="CCAT">
    <editdetail attribution="Reuters BIP Coding Group" action="confirmed" date="1996-10-21"/>
  </code>
</codes>
<dc element="dc.date.created" value="1996-10-21"/>
<dc element="dc.publisher" value="Reuters Holdings Plc"/>
<dc element="dc.date.published" value="1996-10-21"/>
<dc element="dc.source" value="Reuters"/>
<dc element="dc.creator.location" value="LONDON"/>
<dc element="dc.creator.location.country.name" value="UK"/>
<dc element="dc.source" value="Reuters"/>
</metadata>
</newsitem>
