<?xml version="1.0" encoding="iso-8859-1" ?>
<newsitem itemid="131863" id="root" date="1996-10-21" xml:lang="en">
<title>AUSTRALIA: RTRS-Canberra lifts uranium supply ban with France.</title>
<headline>RTRS-Canberra lifts uranium supply ban with France.</headline>
<dateline>CANBERRA 1996-10-21</dateline>
<text>
<p>Australian Deputy Prime Minister and Acting Foreign Affairs Minsiter Tim Fischer said on Monday the government had lifted the ban on new uranium supply contracts with France.</p>
<p>&quot;The government has decided to lift the ban on new uranium supply contracts with France in the light of French signature of the Comprehensive Test Ban Treaty (CTBT) on September 24,&quot; Fischer said in a statement.  </p>
<p>The ban on new uranium contracts was imposed in 1988 when France continued to carry out nuclear tests in the Pacific.</p>
<p>&quot;France's support for the treaty (CTBT) outlawing nuclear testing for all time reinforces other actions taken, since its announcement of a 'definitive end to nuclear testing' on January 29, which demonstrate a commitment to nuclear non-proliferation and disarmament objectives,&quot; Fischer said. This included the closure of test sites and the signature of protocols to the South Pacific Nuclear weapons free zone treaty, he said.  </p>
<p>France has emerged as one of the world's biggest markets for uranium after the country embraced nuclear power generation following the oil shocks of the 1970s.</p>
<p>Energy Resources of Australia Ltd managing director Phil Shirvington has said Electricite de France, the national power company, is the world's single largest buyer of uranium.</p>
<p>Fischer said the decision would be good news for the future of uranium mining at the Roxby Downs mine, owned by WMC Ltd, and the Ranger mine, owned by Energy Resources of Australia.</p>
<p>-- Canberra Bureau 61-6 273-2730</p>
</text>
<copyright>(c) Reuters Limited 1996</copyright>
<metadata>
<codes class="bip:countries:1.0">
  <code code="AUSTR">
    <editdetail attribution="Reuters BIP Coding Group" action="confirmed" date="1996-10-21"/>
  </code>
  <code code="FRA">
    <editdetail attribution="Reuters BIP Coding Group" action="confirmed" date="1996-10-21"/>
  </code>
</codes>
<codes class="bip:industries:1.0">
  <code code="I15000">
    <editdetail attribution="Reuters BIP Coding Group" action="confirmed" date="1996-10-21"/>
  </code>
  <code code="I21000">
    <editdetail attribution="Reuters BIP Coding Group" action="confirmed" date="1996-10-21"/>
  </code>
  <code code="I22472">
    <editdetail attribution="Reuters BIP Coding Group" action="confirmed" date="1996-10-21"/>
  </code>
</codes>
<codes class="bip:topics:1.0">
  <code code="C31">
    <editdetail attribution="Reuters BIP Coding Group" action="confirmed" date="1996-10-21"/>
  </code>
  <code code="C312">
    <editdetail attribution="Reuters BIP Coding Group" action="confirmed" date="1996-10-21"/>
  </code>
  <code code="C33">
    <editdetail attribution="Reuters BIP Coding Group" action="confirmed" date="1996-10-21"/>
  </code>
  <code code="CCAT">
    <editdetail attribution="Reuters BIP Coding Group" action="confirmed" date="1996-10-21"/>
  </code>
  <code code="GCAT">
    <editdetail attribution="Reuters BIP Coding Group" action="confirmed" date="1996-10-21"/>
  </code>
  <code code="GDEF">
    <editdetail attribution="Reuters BIP Coding Group" action="confirmed" date="1996-10-21"/>
  </code>
  <code code="GDIP">
    <editdetail attribution="Reuters BIP Coding Group" action="confirmed" date="1996-10-21"/>
  </code>
</codes>
<dc element="dc.date.created" value="1996-10-21"/>
<dc element="dc.publisher" value="Reuters Holdings Plc"/>
<dc element="dc.date.published" value="1996-10-21"/>
<dc element="dc.source" value="Reuters"/>
<dc element="dc.creator.location" value="CANBERRA"/>
<dc element="dc.creator.location.country.name" value="AUSTRALIA"/>
<dc element="dc.source" value="Reuters"/>
</metadata>
</newsitem>
