<?xml version="1.0" encoding="iso-8859-1" ?>
<newsitem itemid="13185" id="root" date="1996-08-25" xml:lang="en">
<title>JAPAN: Foreigners neutral on Japan shares via 'Big Four'.</title>
<headline>Foreigners neutral on Japan shares via 'Big Four'.</headline>
<dateline>TOKYO 1996-08-26</dateline>
<text>
<p>Orders placed by foreign investors through Japan's &quot;Big Four&quot; securities houses before the start of stock trading on Monday reflected a net neutral stance, market sources said.</p>
<p>Foreign investors placed sell orders for 8.5 million shares against a similar number of buys.</p>
</text>
<copyright>(c) Reuters Limited 1996</copyright>
<metadata>
<codes class="bip:countries:1.0">
  <code code="JAP">
    <editdetail attribution="Reuters BIP Coding Group" action="confirmed" date="1996-08-25"/>
  </code>
</codes>
<codes class="bip:topics:1.0">
  <code code="M11">
    <editdetail attribution="Reuters BIP Coding Group" action="confirmed" date="1996-08-25"/>
  </code>
  <code code="MCAT">
    <editdetail attribution="Reuters BIP Coding Group" action="confirmed" date="1996-08-25"/>
  </code>
</codes>
<dc element="dc.date.created" value="1996-08-26"/>
<dc element="dc.publisher" value="Reuters Holdings Plc"/>
<dc element="dc.date.published" value="1996-08-25"/>
<dc element="dc.source" value="Reuters"/>
<dc element="dc.creator.location" value="TOKYO"/>
<dc element="dc.creator.location.country.name" value="JAPAN"/>
<dc element="dc.source" value="Reuters"/>
</metadata>
</newsitem>
