<?xml version="1.0" encoding="iso-8859-1" ?>
<newsitem itemid="131889" id="root" date="1996-10-21" xml:lang="en">
<title>AUSTRALIA: RTRS - ANI in advanced talks over Holter.</title>
<headline>RTRS - ANI in advanced talks over Holter.</headline>
<dateline>SYDNEY 1996-10-21</dateline>
<text>
<p>Australian National Industries Ltd said on Monday it is in advanced discussions with various parties on the planned sale or joint venture of its wholly-owned German-based Holter environmental engineering business.</p>
<p>&quot;We are currently very advanced in discussions with various parties concerning diposal or joint ventures with all of the various parts of Holter,&quot; managing director Peter Stancliffe told shareholders at the annual meeting.  </p>
<p>&quot;With Holter, I now believe we are fast approaching an acceptable structure and solution,&quot; Stancliffe said.</p>
<p>Last month, ANI announced that it had written off all of Holter's A$149.3 million goodwill and written down the values of plant and equipment by A$72.3 million and the value of joint ventures by A$12.0 million.</p>
<p>On October 1, ANI said it had extended the expiry date of an option agreement with government-owned Saarbergwerk AG of Germany for ANI to buy back 50 percent of the Saarberg-Holter Wassertechnik (SHW) waste water treatment business.</p>
<p>-- Sydney newsroom 61-2 9373-1800</p>
</text>
<copyright>(c) Reuters Limited 1996</copyright>
<metadata>
<codes class="bip:countries:1.0">
  <code code="AUSTR">
    <editdetail attribution="Reuters BIP Coding Group" action="confirmed" date="1996-10-21"/>
  </code>
  <code code="GFR">
    <editdetail attribution="Reuters BIP Coding Group" action="confirmed" date="1996-10-21"/>
  </code>
</codes>
<codes class="bip:industries:1.0">
  <code code="I32000">
    <editdetail attribution="Reuters BIP Coding Group" action="confirmed" date="1996-10-21"/>
  </code>
</codes>
<codes class="bip:topics:1.0">
  <code code="C11">
    <editdetail attribution="Reuters BIP Coding Group" action="confirmed" date="1996-10-21"/>
  </code>
  <code code="C18">
    <editdetail attribution="Reuters BIP Coding Group" action="confirmed" date="1996-10-21"/>
  </code>
  <code code="C181">
    <editdetail attribution="Reuters BIP Coding Group" action="confirmed" date="1996-10-21"/>
  </code>
  <code code="CCAT">
    <editdetail attribution="Reuters BIP Coding Group" action="confirmed" date="1996-10-21"/>
  </code>
</codes>
<dc element="dc.date.created" value="1996-10-21"/>
<dc element="dc.publisher" value="Reuters Holdings Plc"/>
<dc element="dc.date.published" value="1996-10-21"/>
<dc element="dc.source" value="Reuters"/>
<dc element="dc.creator.location" value="SYDNEY"/>
<dc element="dc.creator.location.country.name" value="AUSTRALIA"/>
<dc element="dc.source" value="Reuters"/>
</metadata>
</newsitem>
