<?xml version="1.0" encoding="iso-8859-1" ?>
<newsitem itemid="131802" id="root" date="1996-10-21" xml:lang="en">
<title>UK: Swiss Bank Corp sets warrants on Nestle.</title>
<headline>Swiss Bank Corp sets warrants on Nestle.</headline>
<dateline>LONDON 1996-10-21</dateline>
<text>
<p>Swiss Bank Corp has issued five million American-style call warrants, on Nestle, lead manager SBC Warburg said.</p>
<p>20 warrants control one share.</p>
<p> STRIKE PRICE    1450.00 SFR	     PREMIUM	8.27 PCT</p>
<p> ISSUE PRICE     4.05 SFR		  GEARING	17.46 TIMES</p>
<p> MATURITY DATE   17.OCT.97		 PAYDATE	04.NOV.96</p>
<p> LISTING	   SWISS SE		  MIN EXER LOT 20</p>
<p> SPOT REFERENCE  1414.00 SFR</p>
<p>--Reuter London Newsroom +44 171 542 7658</p>
</text>
<copyright>(c) Reuters Limited 1996</copyright>
<metadata>
<codes class="bip:countries:1.0">
  <code code="SWITZ">
    <editdetail attribution="Reuters BIP Coding Group" action="confirmed" date="1996-10-21"/>
  </code>
  <code code="UK">
    <editdetail attribution="Reuters BIP Coding Group" action="confirmed" date="1996-10-21"/>
  </code>
</codes>
<codes class="bip:industries:1.0">
  <code code="I41000">
    <editdetail attribution="Reuters BIP Coding Group" action="confirmed" date="1996-10-21"/>
  </code>
  <code code="I81402">
    <editdetail attribution="Reuters BIP Coding Group" action="confirmed" date="1996-10-21"/>
  </code>
</codes>
<codes class="bip:topics:1.0">
  <code code="C21">
    <editdetail attribution="Reuters BIP Coding Group" action="confirmed" date="1996-10-21"/>
  </code>
  <code code="CCAT">
    <editdetail attribution="Reuters BIP Coding Group" action="confirmed" date="1996-10-21"/>
  </code>
</codes>
<dc element="dc.date.created" value="1996-10-21"/>
<dc element="dc.publisher" value="Reuters Holdings Plc"/>
<dc element="dc.date.published" value="1996-10-21"/>
<dc element="dc.source" value="Reuters"/>
<dc element="dc.creator.location" value="LONDON"/>
<dc element="dc.creator.location.country.name" value="UK"/>
<dc element="dc.source" value="Reuters"/>
</metadata>
</newsitem>
