<?xml version="1.0" encoding="iso-8859-1" ?>
<newsitem itemid="131898" id="root" date="1996-10-21" xml:lang="en">
<title>AUSTRALIA: RTRS-Australia base metal producer prices - Oct 21.</title>
<headline>RTRS-Australia base metal producer prices - Oct 21.</headline>
<dateline>SYDNEY 1996-10-21</dateline>
<text>
<p>Australian base metal producer prices:</p>
<p>							  (A$ per tonne)</p>
<p>COPPER</p>
<p>MIM Holdings Ltd - changes effective Oct 1</p>
<p>    Cathode				  2,600   vs  2,600</p>
<p>    Standard rod			   2,882   vs  2,881</p>
<p>						 Oct 21     Oct 18</p>
<p>Australian Copper Scrap Base Price</p>
<p>    Copper				  2,441   vs    2,411</p>
<p>LEAD</p>
<p>    Pasminco, Port Pirie	    1,080.00  vs  1,080.00</p>
<p>-- Sydney Newsroom 61-2 9373-1800</p>
</text>
<copyright>(c) Reuters Limited 1996</copyright>
<metadata>
<codes class="bip:countries:1.0">
  <code code="AUSTR">
    <editdetail attribution="Reuters BIP Coding Group" action="confirmed" date="1996-10-21"/>
  </code>
</codes>
<codes class="bip:topics:1.0">
  <code code="M14">
    <editdetail attribution="Reuters BIP Coding Group" action="confirmed" date="1996-10-21"/>
  </code>
  <code code="M142">
    <editdetail attribution="Reuters BIP Coding Group" action="confirmed" date="1996-10-21"/>
  </code>
  <code code="MCAT">
    <editdetail attribution="Reuters BIP Coding Group" action="confirmed" date="1996-10-21"/>
  </code>
</codes>
<dc element="dc.date.created" value="1996-10-21"/>
<dc element="dc.publisher" value="Reuters Holdings Plc"/>
<dc element="dc.date.published" value="1996-10-21"/>
<dc element="dc.source" value="Reuters"/>
<dc element="dc.creator.location" value="SYDNEY"/>
<dc element="dc.creator.location.country.name" value="AUSTRALIA"/>
<dc element="dc.source" value="Reuters"/>
</metadata>
</newsitem>
