<?xml version="1.0" encoding="iso-8859-1" ?>
<newsitem itemid="131844" id="root" date="1996-10-21" xml:lang="en">
<title>AUSTRALIA: RTRS-ASX plans telecom and infrastructure indexes.</title>
<headline>RTRS-ASX plans telecom and infrastructure indexes.</headline>
<dateline>SYDNEY 1996-10-21</dateline>
<text>
<p>The Australian Stock Exchange (ASX) said on Monday it would introduce to two new sector indexes to cover the telecommunications and the infrastructure/utilities sector from October 30.</p>
<p>ASX said the two new sector indexes represented significant growth areas of the market.</p>
<p>It said the new infrastructure and utilities sector was currently capitalised at more than A$3.2 billion.</p>
<p>The telecommunication sector is currently capitalised at more than A$770 million, it said.  </p>
<p>The ASX said the companies that would be listed in the infrastructure and utilities index are Australian Gas Light Co, Cape Range Ltd, China Construction Holdings Ltd, Energy Developments Ltd, Hills Motorway Group and the Transurban Group.</p>
<p>Companies to be listed in the telecommunictaions index are Datacraft Ltd, ERG Ltd, Mobile Communications Holdings Ltd, Matrix Telecommunications Ltd, Pirelli Cables Australia Ltd and Techniche Ltd</p>
<p>-- Sydney Newsroom 61-2 9373-1800</p>
</text>
<copyright>(c) Reuters Limited 1996</copyright>
<metadata>
<codes class="bip:countries:1.0">
  <code code="AUSTR">
    <editdetail attribution="Reuters BIP Coding Group" action="confirmed" date="1996-10-21"/>
  </code>
</codes>
<codes class="bip:industries:1.0">
  <code code="I16100">
    <editdetail attribution="Reuters BIP Coding Group" action="confirmed" date="1996-10-21"/>
  </code>
  <code code="I16200">
    <editdetail attribution="Reuters BIP Coding Group" action="confirmed" date="1996-10-21"/>
  </code>
  <code code="I33030">
    <editdetail attribution="Reuters BIP Coding Group" action="confirmed" date="1996-10-21"/>
  </code>
  <code code="I34000">
    <editdetail attribution="Reuters BIP Coding Group" action="confirmed" date="1996-10-21"/>
  </code>
  <code code="I34100">
    <editdetail attribution="Reuters BIP Coding Group" action="confirmed" date="1996-10-21"/>
  </code>
  <code code="I34410">
    <editdetail attribution="Reuters BIP Coding Group" action="confirmed" date="1996-10-21"/>
  </code>
  <code code="I50200">
    <editdetail attribution="Reuters BIP Coding Group" action="confirmed" date="1996-10-21"/>
  </code>
  <code code="I5020041">
    <editdetail attribution="Reuters BIP Coding Group" action="confirmed" date="1996-10-21"/>
  </code>
  <code code="I79020">
    <editdetail attribution="Reuters BIP Coding Group" action="confirmed" date="1996-10-21"/>
  </code>
  <code code="I81502">
    <editdetail attribution="Reuters BIP Coding Group" action="confirmed" date="1996-10-21"/>
  </code>
  <code code="I83960">
    <editdetail attribution="Reuters BIP Coding Group" action="confirmed" date="1996-10-21"/>
  </code>
</codes>
<codes class="bip:topics:1.0">
  <code code="C13">
    <editdetail attribution="Reuters BIP Coding Group" action="confirmed" date="1996-10-21"/>
  </code>
  <code code="C15">
    <editdetail attribution="Reuters BIP Coding Group" action="confirmed" date="1996-10-21"/>
  </code>
  <code code="C152">
    <editdetail attribution="Reuters BIP Coding Group" action="confirmed" date="1996-10-21"/>
  </code>
  <code code="CCAT">
    <editdetail attribution="Reuters BIP Coding Group" action="confirmed" date="1996-10-21"/>
  </code>
  <code code="M11">
    <editdetail attribution="Reuters BIP Coding Group" action="confirmed" date="1996-10-21"/>
  </code>
  <code code="MCAT">
    <editdetail attribution="Reuters BIP Coding Group" action="confirmed" date="1996-10-21"/>
  </code>
</codes>
<dc element="dc.date.created" value="1996-10-21"/>
<dc element="dc.publisher" value="Reuters Holdings Plc"/>
<dc element="dc.date.published" value="1996-10-21"/>
<dc element="dc.source" value="Reuters"/>
<dc element="dc.creator.location" value="SYDNEY"/>
<dc element="dc.creator.location.country.name" value="AUSTRALIA"/>
<dc element="dc.source" value="Reuters"/>
</metadata>
</newsitem>
