<?xml version="1.0" encoding="iso-8859-1" ?>
<newsitem itemid="131869" id="root" date="1996-10-21" xml:lang="en">
<title>AUSTRALIA: RTRS - Tyndall rises after Barrons report.</title>
<headline>RTRS - Tyndall rises after Barrons report.</headline>
<dateline>SYDNEY 1996-10-21</dateline>
<text>
<p>The shares of financial services group Tyndall Australia Ltd were firmer in Monday afternoon trade after a report in Barrons newspaper on Sunday which said the stock was undervalued.</p>
<p>At 2.10 p.m. (0410 GMT), Tyndall shares were 15 cents higher at a new year high of A$2.00 but by 2.30 p.m. (0430 GMT) they had retreated to A$1.96, on turnover of 145,527 shares.</p>
<p>The report quoted Mark Hake, a principal of Hake Capital Management, an investment group targeting small-capitalisation around the world judged to radically undervalued.  </p>
<p>&quot;Tyndall is selling for about A$1.70 and we think it's worth well north of A$2.00,&quot; the report said.</p>
<p>Hake also recommended the stock of drilling company Australian Oil &amp; Gas Corp Ltd and said the stock was &quot;trading for about two-thirds of book (value) and we think it has a lot more to go.&quot;</p>
<p>At 2.10 p.m. (0410 GMT), Australian Oil &amp; Gas shares were five cents firmer at A$1.20.</p>
<p>-- Sydney Newsroom 61-1 9373-1800</p>
</text>
<copyright>(c) Reuters Limited 1996</copyright>
<metadata>
<codes class="bip:countries:1.0">
  <code code="AUSTR">
    <editdetail attribution="Reuters BIP Coding Group" action="confirmed" date="1996-10-21"/>
  </code>
</codes>
<codes class="bip:industries:1.0">
  <code code="I13000">
    <editdetail attribution="Reuters BIP Coding Group" action="confirmed" date="1996-10-21"/>
  </code>
  <code code="I1300003">
    <editdetail attribution="Reuters BIP Coding Group" action="confirmed" date="1996-10-21"/>
  </code>
  <code code="I83100">
    <editdetail attribution="Reuters BIP Coding Group" action="confirmed" date="1996-10-21"/>
  </code>
</codes>
<codes class="bip:topics:1.0">
  <code code="C15">
    <editdetail attribution="Reuters BIP Coding Group" action="confirmed" date="1996-10-21"/>
  </code>
  <code code="C152">
    <editdetail attribution="Reuters BIP Coding Group" action="confirmed" date="1996-10-21"/>
  </code>
  <code code="CCAT">
    <editdetail attribution="Reuters BIP Coding Group" action="confirmed" date="1996-10-21"/>
  </code>
</codes>
<dc element="dc.date.created" value="1996-10-21"/>
<dc element="dc.publisher" value="Reuters Holdings Plc"/>
<dc element="dc.date.published" value="1996-10-21"/>
<dc element="dc.source" value="Reuters"/>
<dc element="dc.creator.location" value="SYDNEY"/>
<dc element="dc.creator.location.country.name" value="AUSTRALIA"/>
<dc element="dc.source" value="Reuters"/>
</metadata>
</newsitem>
