<?xml version="1.0" encoding="iso-8859-1" ?>
<newsitem itemid="131856" id="root" date="1996-10-21" xml:lang="en">
<title>AUSTRALIA: RTRS-Canberra sees labour reform by Christmas.</title>
<headline>RTRS-Canberra sees labour reform by Christmas.</headline>
<dateline>CANBERRA 1996-10-21</dateline>
<text>
<p>Australian Industrial Relations Minister Peter Reith said on Monday he remained confident of getting the government's labour reforms through the upper house Senate by Christmas.</p>
<p>&quot;I have no reason to doubt whatsoever that the legislation will be carried before Christmas and that the new system will start next year which is exactly what we said it would do,&quot; Reith told reporters.</p>
<p>Reith said he was encouraged that Democrats leader Cheryl Kernot's also believed the bill would pass through the Senate before Christmas.  </p>
<p>Asked if the bill was likely to be substantially amended as a result of negotiations with the Democrats, Reith said: &quot;What we're doing is having a constructive discussion about each and every aspect of the proposition. It would be surprising if there weren't some changes, wouldn't it?&quot;</p>
<p>Reith also told a Metal Trades Industry Association of Australia conference on Monday that labour reform was critical to improvements in productivity.</p>
<p>&quot;There's been a bit of a pick-up in some parts of the Australian economy, but in some sectors of the Australian economy we need to do a lot more,&quot; he said.</p>
</text>
<copyright>(c) Reuters Limited 1996</copyright>
<metadata>
<codes class="bip:countries:1.0">
  <code code="AUSTR">
    <editdetail attribution="Reuters BIP Coding Group" action="confirmed" date="1996-10-21"/>
  </code>
</codes>
<codes class="bip:topics:1.0">
  <code code="E41">
    <editdetail attribution="Reuters BIP Coding Group" action="confirmed" date="1996-10-21"/>
  </code>
  <code code="ECAT">
    <editdetail attribution="Reuters BIP Coding Group" action="confirmed" date="1996-10-21"/>
  </code>
  <code code="GCAT">
    <editdetail attribution="Reuters BIP Coding Group" action="confirmed" date="1996-10-21"/>
  </code>
  <code code="GJOB">
    <editdetail attribution="Reuters BIP Coding Group" action="confirmed" date="1996-10-21"/>
  </code>
  <code code="GPOL">
    <editdetail attribution="Reuters BIP Coding Group" action="confirmed" date="1996-10-21"/>
  </code>
</codes>
<dc element="dc.date.created" value="1996-10-21"/>
<dc element="dc.publisher" value="Reuters Holdings Plc"/>
<dc element="dc.date.published" value="1996-10-21"/>
<dc element="dc.source" value="Reuters"/>
<dc element="dc.creator.location" value="CANBERRA"/>
<dc element="dc.creator.location.country.name" value="AUSTRALIA"/>
<dc element="dc.source" value="Reuters"/>
</metadata>
</newsitem>
