<?xml version="1.0" encoding="iso-8859-1" ?>
<newsitem itemid="131818" id="root" date="1996-10-21" xml:lang="en">
<title>UK: Exeter Investment Group to float on AIM in Nov.</title>
<headline>Exeter Investment Group to float on AIM in Nov.</headline>
<dateline>LONDON 1996-10-21</dateline>
<text>
<p>Exeter Investment Group, the Exeter-based fund manager, said on Monday it planned a flotation on the Alternative Investment Market through a placing of shares next month.</p>
<p>The group has three main subsidiaries: Exeter Asset Management which is investment manager for four London quoted investment trusts and seven unit trusts (mutual funds). It also owns Exeter Fund Managers and Sinclair Henderson, an administration support unit.  </p>
<p>The group was founded in 1986, has 388 million under management and had pretax profits of 827,000 stg in the year ended September 30.</p>
<p>The group specialises in niche product investment vehicles and said it hoped to use the new resources to develop and expand its product range and beef up its distribution channels.</p>
<p>Two non-executive directors will be joining the board. They are Michael Cannan and Vivien Gould.</p>
<p>--London newsroom +44 171 5427717</p>
</text>
<copyright>(c) Reuters Limited 1996</copyright>
<metadata>
<codes class="bip:countries:1.0">
  <code code="UK">
    <editdetail attribution="Reuters BIP Coding Group" action="confirmed" date="1996-10-21"/>
  </code>
</codes>
<codes class="bip:industries:1.0">
  <code code="I81502">
    <editdetail attribution="Reuters BIP Coding Group" action="confirmed" date="1996-10-21"/>
  </code>
</codes>
<codes class="bip:topics:1.0">
  <code code="C14">
    <editdetail attribution="Reuters BIP Coding Group" action="confirmed" date="1996-10-21"/>
  </code>
  <code code="C17">
    <editdetail attribution="Reuters BIP Coding Group" action="confirmed" date="1996-10-21"/>
  </code>
  <code code="C171">
    <editdetail attribution="Reuters BIP Coding Group" action="confirmed" date="1996-10-21"/>
  </code>
  <code code="CCAT">
    <editdetail attribution="Reuters BIP Coding Group" action="confirmed" date="1996-10-21"/>
  </code>
</codes>
<dc element="dc.date.created" value="1996-10-21"/>
<dc element="dc.publisher" value="Reuters Holdings Plc"/>
<dc element="dc.date.published" value="1996-10-21"/>
<dc element="dc.source" value="Reuters"/>
<dc element="dc.creator.location" value="LONDON"/>
<dc element="dc.creator.location.country.name" value="UK"/>
<dc element="dc.source" value="Reuters"/>
</metadata>
</newsitem>
