<?xml version="1.0" encoding="iso-8859-1" ?>
<newsitem itemid="131876" id="root" date="1996-10-21" xml:lang="en">
<title>AUSTRALIA: RTRS - Portman in new China iron ore contract.</title>
<headline>RTRS - Portman in new China iron ore contract.</headline>
<dateline>PERTH 1996-10-21</dateline>
<text>
<p>Portman Mining Ltd said on Monday it has secured a five-year contract to supply three million tonnes of high grade lump iron ore over the nexct five years to Chinese steelmills, starting next January.</p>
<p>Portman said the iron ore would come from the Koolyanobbing iron ore joint venture project in Western Australia.</p>
<p>The new contract had resulted from an 18-month marketing and trialing programme, Portman said.</p>
<p>&quot;This positive acceptance of the lump ore gives us confidence that we can secure further long terms sales contract,&quot; Portman said.  </p>
<p>All fines ore produced from Koolyanobbing is under sales contract to Angang Australia, Portman's 40 percent joint venture partner in the Koolyanobbing project, Portman said.</p>
<p>&quot;The outlook for the project and the iron ore market globally are encouraging, and places are being made to increase production in 1997,&quot; it said.</p>
<p>The Koolyanobbing iron ore project is expected to sell a total of 1.5 million tonnes of product for the 1996 year.</p>
<p>-- Sydney Newsroom 61-2 9373-1800</p>
</text>
<copyright>(c) Reuters Limited 1996</copyright>
<metadata>
<codes class="bip:countries:1.0">
  <code code="AUSTR">
    <editdetail attribution="Reuters BIP Coding Group" action="confirmed" date="1996-10-21"/>
  </code>
  <code code="CHINA">
    <editdetail attribution="Reuters BIP Coding Group" action="confirmed" date="1996-10-21"/>
  </code>
</codes>
<codes class="bip:industries:1.0">
  <code code="I21000">
    <editdetail attribution="Reuters BIP Coding Group" action="confirmed" date="1996-10-21"/>
  </code>
</codes>
<codes class="bip:topics:1.0">
  <code code="C33">
    <editdetail attribution="Reuters BIP Coding Group" action="confirmed" date="1996-10-21"/>
  </code>
  <code code="CCAT">
    <editdetail attribution="Reuters BIP Coding Group" action="confirmed" date="1996-10-21"/>
  </code>
</codes>
<dc element="dc.date.created" value="1996-10-21"/>
<dc element="dc.publisher" value="Reuters Holdings Plc"/>
<dc element="dc.date.published" value="1996-10-21"/>
<dc element="dc.source" value="Reuters"/>
<dc element="dc.creator.location" value="PERTH"/>
<dc element="dc.creator.location.country.name" value="AUSTRALIA"/>
<dc element="dc.source" value="Reuters"/>
</metadata>
</newsitem>
