<?xml version="1.0" encoding="iso-8859-1" ?>
<newsitem itemid="131854" id="root" date="1996-10-21" xml:lang="en">
<title>AUSTRALIA: RTRS-Australian asset allocation survey - October.</title>
<headline>RTRS-Australian asset allocation survey - October.</headline>
<dateline>SYDNEY 1996-10-21</dateline>
<text>
<p>The following table provides the latest results of Intech Asset Consulting Pty's domestic and international asset allocation survey of 36 fund managers, in asset-weighted terms, as at September 30.</p>
<p>(Asset-weighted averages expressed in percentage terms)</p>
<p>			 Domestic Allocation</p>
<p>---------------------------------------------------------------</p>
<p>------Equities----- ---Bonds----  Cash  --Property-- Venture</p>
<p>    Total Indust. Res. Nominal/Index	Direct/Listed Capital</p>
<p>---------------------------------------------------------------</p>
<p>Sep  37.0  25.2  11.8   16.7  3.8    7.7    6.3   4.4     1.1</p>
<p>Aug  36.9  24.3  12.6   16.8  3.9    7.5    6.3   4.5     1.1</p>
<p>Jul  36.0  23.5  12.5   16.7  4.0    8.2    6.6   4.2     1.1</p>
<p>Jun  36.6  23.6  13.0   16.4  3.9    7.7    6.3   4.2     1.1</p>
<p>May  37.2  23.4  13.8   16.6  3.9    7.2    6.2   3.9     1.2</p>
<p>Apr  37.6  23.6  14.0   16.5  4.0    6.4    6.3   3.8     1.2</p>
<p>Mar  37.2  23.6  13.6   16.4  4.0    6.6    6.4   4.0     1.1</p>
<p>Feb  38.1  24.5  13.6   16.4  4.0    5.6    6.6   4.1     1.1</p>
<p>Jan  38.4  24.9  13.5   16.1  4.0    5.2    6.7   4.0     1.1</p>
<p>Dec  38.6  24.7  13.9   16.0  4.0    5.3    6.8   3.9     1.1</p>
<p>Nov  38.7  24.9  13.8   16.3  3.9    5.0    6.9   3.8     1.2</p>
<p>Oct  38.5  24.9  13.6   16.4  3.9    5.5    7.1   3.8     1.2</p>
<p>Sep  39.2  25.2  14.0   16.4  3.4    5.0    8.0   3.4     1.0</p>
<p>Aug  39.5  25.1  14.4   17.0  3.4    4.5    8.1   3.3     1.1</p>
<p>Jul  38.8  24.8  14.0   16.9  3.4    4.9    8.1   3.2     1.1</p>
<p>Jun  37.6  24.7  12.9   18.2  3.5    4.5    8.1   3.2     1.1</p>
<p>May  37.5  24.7  12.8   18.2  3.6    4.6    8.2   3.2     1.0</p>
<p>Apr  38.0  24.7  13.3   18.7  3.4    5.4    8.1   3.1     1.1</p>
<p>Mar  37.2  24.6  12.6   19.7  3.4    5.0    8.2   3.1     1.1</p>
<p>Feb  37.6  24.5  13.1   19.2  3.4    5.3    7.9   3.4     1.1</p>
<p>Jan  36.9  23.7  13.2   18.6  3.4    7.8    8.1   3.0     1.1</p>
<p>			    Year Averages</p>
<p>1995 38.2  24.7  13.5   17.7  3.5    5.2    7.8   3.4     1.1</p>
<p>1994 38.2  25.0  13.2   16.6  3.5    6.6    6.5   3.1     1.1</p>
<p>1993 37.7  25.6  12.1   18.1  2.8    3.8    5.9   2.6     1.3</p>
<p>1992 36.6  23.8  12.8   20.9  0.2    4.5    7.6   2.3     1.6</p>
<p>1991 34.9  22.8  12.1   19.0  0.0    6.9    9.9   2.3     1.8</p>
<p>1990 30.8  18.8  12.0   21.0  N/A   12.6  11.8    2.6     2.0</p>
<p>		    International Allocation</p>
<p>---------------------------------------------------------------</p>
<p>	   Equities	Bonds     Cash	Property</p>
<p>----------------------------------------------------------------</p>
<p>    Sep   17.9	   4.5	 0.2	   0.2</p>
<p>    Aug   17.8	   4.4	 0.2	   0.3</p>
<p>    Jul   17.9	   4.5	 0.4	   0.3</p>
<p>    Jun   18.5	   4.6	 0.3	   0.3</p>
<p>    May   18.6	   4.6	 0.3	   0.3</p>
<p>    Apr   18.9	   4.6	 0.3	   0.3</p>
<p>    Mar   19.2	   4.5	 0.3	   0.3</p>
<p>    Feb   19.3	   4.4	 0.1	   0.3</p>
<p>    Jan   19.6	   4.7	 0.1	   0.3</p>
<p>    Dec   19.3	   4.7	-0.1	   0.3</p>
<p>    Nov   19.2	   4.7	-0.1	   0.3</p>
<p>    Oct   18.6	   4.6	 N/A	   0.3</p>
<p>    Sep   19.2	   4.0	 0.1	   0.3</p>
<p>    Aug   18.7	   4.0	 0.1	   0.3</p>
<p>    Jul   19.1	   3.8	 0.2	   0.3</p>
<p>    Jun   18.9	   4.3	 0.4	   0.3</p>
<p>    May   18.6	   4.4	 0.3	   0.3</p>
<p>    Apr   17.9	   4.0	 0.3	   0.3</p>
<p>    Mar   18.0	   4.0	 N/A	   0.3</p>
<p>    Feb   17.1	   4.7	 N/A	   0.3</p>
<p>    Jan   16.9	   3.7	 0.1	   0.3</p>
<p>			 Year Averages</p>
<p>    1995  18.5	   4.2	 N/A	   0.3</p>
<p>    1994  18.7	   5.3	 0.1	   0.3</p>
<p>    1993  19.0	   8.2	 0.1	   0.4</p>
<p>    1992  18.8	   6.9	 0.3	   0.3</p>
<p>    1991  18.3	   6.1	 0.5	   0.3</p>
<p>    1990  14.7	   3.1	 1.1	   0.2</p>
<p>-- Sydney Newsroom 61-2 373 1800</p>
</text>
<copyright>(c) Reuters Limited 1996</copyright>
<metadata>
<codes class="bip:countries:1.0">
  <code code="AUSTR">
    <editdetail attribution="Reuters BIP Coding Group" action="confirmed" date="1996-10-21"/>
  </code>
</codes>
<codes class="bip:topics:1.0">
  <code code="M11">
    <editdetail attribution="Reuters BIP Coding Group" action="confirmed" date="1996-10-21"/>
  </code>
  <code code="M12">
    <editdetail attribution="Reuters BIP Coding Group" action="confirmed" date="1996-10-21"/>
  </code>
  <code code="M13">
    <editdetail attribution="Reuters BIP Coding Group" action="confirmed" date="1996-10-21"/>
  </code>
  <code code="M131">
    <editdetail attribution="Reuters BIP Coding Group" action="confirmed" date="1996-10-21"/>
  </code>
  <code code="MCAT">
    <editdetail attribution="Reuters BIP Coding Group" action="confirmed" date="1996-10-21"/>
  </code>
</codes>
<dc element="dc.date.created" value="1996-10-21"/>
<dc element="dc.publisher" value="Reuters Holdings Plc"/>
<dc element="dc.date.published" value="1996-10-21"/>
<dc element="dc.source" value="Reuters"/>
<dc element="dc.creator.location" value="SYDNEY"/>
<dc element="dc.creator.location.country.name" value="AUSTRALIA"/>
<dc element="dc.source" value="Reuters"/>
</metadata>
</newsitem>
