<?xml version="1.0" encoding="iso-8859-1" ?>
<newsitem itemid="131823" id="root" date="1996-10-21" xml:lang="en">
<title>UK: Cantab to present warts drug data in Dec.</title>
<headline>Cantab to present warts drug data in Dec.</headline>
<dateline>LONDON 1996-10-21</dateline>
<text>
<p>U.K. biotech group Cantab Pharmaceuticals Plc said on Monday that it will present intermediate clinical trial data on its genital warts treatment TA-GW in early December.</p>
<p>Cambridge-based Cantab signed an agreement with SmithKline Beecham Plc to jointly develop TA-GW in July.</p>
<p>SmithKline is funding remaining development costs for the drug, which promises to break new ground in the treatment of genital warts -- a common sexually-transmitted condition.</p>
<p>SmithKline has worldwide marketing rights to the product, which is based on Cantab's work into the human pappillomavirus.</p>
<p>The company said in a statement it will present results from Phase IIa trials of TA-GW at a conference in Brisbane, Australia, from December 1 to 9.</p>
<p>Cantab will announce its third-quarter results and a research update on November 29.</p>
<p>--London Newsroom +44 171 542 7717</p>
</text>
<copyright>(c) Reuters Limited 1996</copyright>
<metadata>
<codes class="bip:countries:1.0">
  <code code="UK">
    <editdetail attribution="Reuters BIP Coding Group" action="confirmed" date="1996-10-21"/>
  </code>
</codes>
<codes class="bip:industries:1.0">
  <code code="I25700">
    <editdetail attribution="Reuters BIP Coding Group" action="confirmed" date="1996-10-21"/>
  </code>
</codes>
<codes class="bip:topics:1.0">
  <code code="C11">
    <editdetail attribution="Reuters BIP Coding Group" action="confirmed" date="1996-10-21"/>
  </code>
  <code code="C23">
    <editdetail attribution="Reuters BIP Coding Group" action="confirmed" date="1996-10-21"/>
  </code>
  <code code="CCAT">
    <editdetail attribution="Reuters BIP Coding Group" action="confirmed" date="1996-10-21"/>
  </code>
</codes>
<dc element="dc.date.created" value="1996-10-21"/>
<dc element="dc.publisher" value="Reuters Holdings Plc"/>
<dc element="dc.date.published" value="1996-10-21"/>
<dc element="dc.source" value="Reuters"/>
<dc element="dc.creator.location" value="LONDON"/>
<dc element="dc.creator.location.country.name" value="UK"/>
<dc element="dc.source" value="Reuters"/>
</metadata>
</newsitem>
