<?xml version="1.0" encoding="iso-8859-1" ?>
<newsitem itemid="131878" id="root" date="1996-10-21" xml:lang="en">
<title>AUSTRALIA: RTRS - NAB has most manufacturers - survey.</title>
<headline>RTRS - NAB has most manufacturers - survey.</headline>
<dateline>SYDNEY 1996-10-21</dateline>
<text>
<p>A survey of Australian manufacturers has found that National Australia Bank Ltd had the most manufacturer clients of any of the big four Australian banks.</p>
<p>But the survey by the Australian Chamber of Manufactures (ACM) also found that Australia and New Zealand Banking Group Ltd (ANZ) had most exporters and that manfacturers ranked the Commonwealth Bank of Australia highest in terms of overall services provided.  </p>
<p>&quot;The NAB was the most frequently used bank amongst manufacturers with around 28 percent, followed by Westpac Banking Corp on 23.2 percent, the ANZ Bank on 22.8 percent and the Commonwealth Bank on 15.3 percent,&quot; the ACM said.</p>
<p>&quot;For exporters, the ANZ bank came out on top with 29 percent of manufacturers using the bank,&quot; it said.</p>
<p>&quot;The ANZ also ranked the highest amongst exporters in terms of overall services provided,&quot; the ACM said.  </p>
<p>Of the four main banks, the Commonwealth ranked the highest in terms of overall services with a score of 66 out of 100, followed by the National Australia Bank on 63.9, the ANZ Bank on 63.9 and Westpac on 58.2, the ACM said.</p>
<p>The ACM said the Commonwealth Bank also rated the highest nationally in terms of the ability of manufacturers to obtain funds, adequate overdraft facilities and useful information and advice.</p>
<p>-- Sydney Newsroom 61-2 9373-1800</p>
</text>
<copyright>(c) Reuters Limited 1996</copyright>
<metadata>
<codes class="bip:countries:1.0">
  <code code="AUSTR">
    <editdetail attribution="Reuters BIP Coding Group" action="confirmed" date="1996-10-21"/>
  </code>
</codes>
<codes class="bip:industries:1.0">
  <code code="I81402">
    <editdetail attribution="Reuters BIP Coding Group" action="confirmed" date="1996-10-21"/>
  </code>
</codes>
<codes class="bip:topics:1.0">
  <code code="C31">
    <editdetail attribution="Reuters BIP Coding Group" action="confirmed" date="1996-10-21"/>
  </code>
  <code code="C313">
    <editdetail attribution="Reuters BIP Coding Group" action="confirmed" date="1996-10-21"/>
  </code>
  <code code="CCAT">
    <editdetail attribution="Reuters BIP Coding Group" action="confirmed" date="1996-10-21"/>
  </code>
</codes>
<dc element="dc.date.created" value="1996-10-21"/>
<dc element="dc.publisher" value="Reuters Holdings Plc"/>
<dc element="dc.date.published" value="1996-10-21"/>
<dc element="dc.source" value="Reuters"/>
<dc element="dc.creator.location" value="SYDNEY"/>
<dc element="dc.creator.location.country.name" value="AUSTRALIA"/>
<dc element="dc.source" value="Reuters"/>
</metadata>
</newsitem>
