<?xml version="1.0" encoding="iso-8859-1" ?>
<newsitem itemid="131853" id="root" date="1996-10-21" xml:lang="en">
<title>AUSTRALIA: RTRS-Canberra raises cap on two family visa groups.</title>
<headline>RTRS-Canberra raises cap on two family visa groups.</headline>
<dateline>CANBERRA 1996-10-21</dateline>
<text>
<p>Australian Immigration Minister Philip Ruddock said on Monday the government would raise the cap on two visa classes within the preferential family category.</p>
<p>&quot;The cap on fiance visas will be raised from 1,500 to 3,000 places and the cap for interdependent visas granted to on-shore will be raised from 200 to 300 places,&quot; Ruddock said in a statement.</p>
<p>These changes would not affect the overall planning levels of 36,700 for the preferential family category and 74,000 for the total migration programme for fiscal year 1996/97, Ruddock said.  </p>
<p>&quot;A reduction in the application rates across the preferential family category has enabled the government to review some of the caps that are currently set for parts of the programme,&quot; he said.</p>
<p>The Liberal-National government announced in July it would cut its general immigration intake by 10.8 percent in the next year, introducing English language tests for migrants in a move reflecting concerns over high unemployment.</p>
<p>When the announcement was made Prime Minister John Howard said Australia would maintain a non-discriminatory immigration policy.  </p>
<p>Instead the government would select migrants with better English language skills, better work skills, and greater ability to contribute quickly to national wealth, Howard said.</p>
<p>-- Canberra Bureau 61-6 273-2730</p>
</text>
<copyright>(c) Reuters Limited 1996</copyright>
<metadata>
<codes class="bip:countries:1.0">
  <code code="AUSTR">
    <editdetail attribution="Reuters BIP Coding Group" action="confirmed" date="1996-10-21"/>
  </code>
</codes>
<codes class="bip:topics:1.0">
  <code code="GCAT">
    <editdetail attribution="Reuters BIP Coding Group" action="confirmed" date="1996-10-21"/>
  </code>
  <code code="GDIP">
    <editdetail attribution="Reuters BIP Coding Group" action="confirmed" date="1996-10-21"/>
  </code>
  <code code="GPOL">
    <editdetail attribution="Reuters BIP Coding Group" action="confirmed" date="1996-10-21"/>
  </code>
</codes>
<dc element="dc.date.created" value="1996-10-21"/>
<dc element="dc.publisher" value="Reuters Holdings Plc"/>
<dc element="dc.date.published" value="1996-10-21"/>
<dc element="dc.source" value="Reuters"/>
<dc element="dc.creator.location" value="CANBERRA"/>
<dc element="dc.creator.location.country.name" value="AUSTRALIA"/>
<dc element="dc.source" value="Reuters"/>
</metadata>
</newsitem>
