<?xml version="1.0" encoding="iso-8859-1" ?>
<newsitem itemid="131880" id="root" date="1996-10-21" xml:lang="en">
<title>AUSTRALIA: RTRS - Australia govt sees Telstra vote within weeks.</title>
<headline>RTRS - Australia govt sees Telstra vote within weeks.</headline>
<dateline>CANBERRA 1996-10-21</dateline>
<text>
<p>Australian Communications Minister Richard Alston said on Monday he expected the Senate to vote in a matter of weeks on legislation aimed at partially selling telecommunications giant Telstra Corp.</p>
<p>&quot;Yes, yes we're in the middle of the second reading debate now and we would expect that the vote will take place in a matter of weeks,&quot; Alston told reporters.</p>
<p>Independent Senator Brian Harradine and fellow Independent Mal Colston hold the key to the one-third sale of Telstra as the government requires two extra votes to pass legislation in the Senate. All other non-governmnet senators oppose the plan.  </p>
<p>Alston said the government were still discussing Harradine's proposal to sell redeemable preference shares in Telstra Corp as an alternative to the government's planned one-third sale of the telecoms carrier.</p>
<p>&quot;We've been having ongoing discussions with him (Harradine) and those discussions will probably continue for some time yet,&quot; Alston said.</p>
<p>Preference shares are assets part-way between equity and debt and their dividends are normally fixed.  </p>
<p>If the company is wound up, the holder has preference over ordinary shareholders and redeemable preference shares can be redeemed for value, under specified conditions.</p>
<p>The government plans to raise A$8 billion from the one-third sale of Telstra with A$1 billion of that earmarked for its environmental upgrade programme.</p>
<p>-- Canberra Bureau 61-6 273-2730</p>
</text>
<copyright>(c) Reuters Limited 1996</copyright>
<metadata>
<codes class="bip:countries:1.0">
  <code code="AUSTR">
    <editdetail attribution="Reuters BIP Coding Group" action="confirmed" date="1996-10-21"/>
  </code>
</codes>
<codes class="bip:industries:1.0">
  <code code="I79020">
    <editdetail attribution="Reuters BIP Coding Group" action="confirmed" date="1996-10-21"/>
  </code>
</codes>
<codes class="bip:topics:1.0">
  <code code="C18">
    <editdetail attribution="Reuters BIP Coding Group" action="confirmed" date="1996-10-21"/>
  </code>
  <code code="C183">
    <editdetail attribution="Reuters BIP Coding Group" action="confirmed" date="1996-10-21"/>
  </code>
  <code code="CCAT">
    <editdetail attribution="Reuters BIP Coding Group" action="confirmed" date="1996-10-21"/>
  </code>
</codes>
<dc element="dc.date.created" value="1996-10-21"/>
<dc element="dc.publisher" value="Reuters Holdings Plc"/>
<dc element="dc.date.published" value="1996-10-21"/>
<dc element="dc.source" value="Reuters"/>
<dc element="dc.creator.location" value="CANBERRA"/>
<dc element="dc.creator.location.country.name" value="AUSTRALIA"/>
<dc element="dc.source" value="Reuters"/>
</metadata>
</newsitem>
