<?xml version="1.0" encoding="iso-8859-1" ?>
<newsitem itemid="131888" id="root" date="1996-10-21" xml:lang="en">
<title>AUSTRALIA: RTRS - Optus to sell through Kmart.</title>
<headline>RTRS - Optus to sell through Kmart.</headline>
<dateline>SYDNEY 1996-10-21</dateline>
<text>
<p>Australia's second largest telecoms carrier, Optus Communications, said it has reached agreement with retailer Coles Myer Ltd's Kmart division which will see Optus products sold in Kmart stores.</p>
<p>&quot;Optus retail booths will be placed in 20 Kmart stores nationally by the end of November, with plans to extend this to 50 stores by early 1997,&quot; Optus said.</p>
<p>The booths will sell and connect Optus mobile phones and accessories as well as Optus calling card and long distance services, Optus said.  </p>
<p>Optus said a four-year agreement between the companies was signed after a successful 12-month trial of the booths in 10 Kmart stores around Australia.</p>
<p>Kmart, one of the biggest mass merchandising chain stores in Australia, now has 147 stores in across the country.</p>
<p>Optus is 25 percent owned by Mayne Nickless Ltd and 24.5 percent each by BellSouth Corp of the United States and Cable and Wireless Plc of Britain.</p>
<p>Australian institutions hold the remainder.</p>
<p>-- Sydney Newsroom 61-2 373-1800</p>
</text>
<copyright>(c) Reuters Limited 1996</copyright>
<metadata>
<codes class="bip:countries:1.0">
  <code code="AUSTR">
    <editdetail attribution="Reuters BIP Coding Group" action="confirmed" date="1996-10-21"/>
  </code>
</codes>
<codes class="bip:industries:1.0">
  <code code="I65600">
    <editdetail attribution="Reuters BIP Coding Group" action="confirmed" date="1996-10-21"/>
  </code>
  <code code="I6560002">
    <editdetail attribution="Reuters BIP Coding Group" action="confirmed" date="1996-10-21"/>
  </code>
  <code code="I77002">
    <editdetail attribution="Reuters BIP Coding Group" action="confirmed" date="1996-10-21"/>
  </code>
  <code code="I79020">
    <editdetail attribution="Reuters BIP Coding Group" action="confirmed" date="1996-10-21"/>
  </code>
</codes>
<codes class="bip:topics:1.0">
  <code code="C33">
    <editdetail attribution="Reuters BIP Coding Group" action="confirmed" date="1996-10-21"/>
  </code>
  <code code="CCAT">
    <editdetail attribution="Reuters BIP Coding Group" action="confirmed" date="1996-10-21"/>
  </code>
</codes>
<dc element="dc.date.created" value="1996-10-21"/>
<dc element="dc.publisher" value="Reuters Holdings Plc"/>
<dc element="dc.date.published" value="1996-10-21"/>
<dc element="dc.source" value="Reuters"/>
<dc element="dc.creator.location" value="SYDNEY"/>
<dc element="dc.creator.location.country.name" value="AUSTRALIA"/>
<dc element="dc.source" value="Reuters"/>
</metadata>
</newsitem>
