<?xml version="1.0" encoding="iso-8859-1" ?>
<newsitem itemid="131852" id="root" date="1996-10-21" xml:lang="en">
<title>AUSTRALIA: RTRS-Liquidator appointed to Harringtons.</title>
<headline>RTRS-Liquidator appointed to Harringtons.</headline>
<dateline>SYDNEY 1996-10-21</dateline>
<text>
<p>The Australian Securities Commission said on Monday that the Federal Court had ordered the appointment of a liquidator to metals trader and processor Harringtons Ltd and its unit, Harringtons Metallurgists Ltd.</p>
<p>The court ordered that Simon Alexander Wallace-Smith of Deloitte Touche Tohmatsu be appointed official liquidator.</p>
<p>Harringtons had an estimated deficiency of assets of A$21.9 million and Harringtons Metallurgists had a deficiencey of A$14.3 million, with A$2.4 million owed to metal creditors.  </p>
<p>&quot;Today's actions were taken to assist in the protection, preservation and if necessary prompt recovery of property of both companies,&quot; ASC Victorian Regional Commissioner Bernie Mithen said in a statement.</p>
<p>Harrington's shares last traded at 7.5 cents on May 5, 1995.</p>
<p>-- Sydney Newsroom 61-2 373-1800</p>
</text>
<copyright>(c) Reuters Limited 1996</copyright>
<metadata>
<codes class="bip:countries:1.0">
  <code code="AUSTR">
    <editdetail attribution="Reuters BIP Coding Group" action="confirmed" date="1996-10-21"/>
  </code>
</codes>
<codes class="bip:topics:1.0">
  <code code="C16">
    <editdetail attribution="Reuters BIP Coding Group" action="confirmed" date="1996-10-21"/>
  </code>
  <code code="CCAT">
    <editdetail attribution="Reuters BIP Coding Group" action="confirmed" date="1996-10-21"/>
  </code>
</codes>
<dc element="dc.date.created" value="1996-10-21"/>
<dc element="dc.publisher" value="Reuters Holdings Plc"/>
<dc element="dc.date.published" value="1996-10-21"/>
<dc element="dc.source" value="Reuters"/>
<dc element="dc.creator.location" value="SYDNEY"/>
<dc element="dc.creator.location.country.name" value="AUSTRALIA"/>
<dc element="dc.source" value="Reuters"/>
</metadata>
</newsitem>
