<?xml version="1.0" encoding="iso-8859-1" ?>
<newsitem itemid="131812" id="root" date="1996-10-21" xml:lang="en">
<title>UK: Argentina to launch 500 million mark 30-year bond.</title>
<headline>Argentina to launch 500 million mark 30-year bond.</headline>
<dateline>LONDON 1996-10-21</dateline>
<text>
<p>Argentina plans to launch a 30-year bond for up to 500 million marks, lead manager Deutsche Morgan Grenfell said on Monday.</p>
<p>The deal will be launched this week.  </p>
<p>Argentina last tapped the mark sector in September when it issued two bonds with seven- and 20-year maturities. The 20-year paper paid a 12 percent coupon</p>
<p>In May it added 500 million marks to a 15-year bond. The deal carried an 11.75 percent coupon.</p>
<p>Last week, Argentina brought a 500 billion lire seven-year transaction which paid 11 percent.</p>
<p>-- London Newsroom +44 171 542 7748</p>
</text>
<copyright>(c) Reuters Limited 1996</copyright>
<metadata>
<codes class="bip:countries:1.0">
  <code code="ARG">
    <editdetail attribution="Reuters BIP Coding Group" action="confirmed" date="1996-10-21"/>
  </code>
  <code code="UK">
    <editdetail attribution="Reuters BIP Coding Group" action="confirmed" date="1996-10-21"/>
  </code>
</codes>
<codes class="bip:topics:1.0">
  <code code="E21">
    <editdetail attribution="Reuters BIP Coding Group" action="confirmed" date="1996-10-21"/>
  </code>
  <code code="E212">
    <editdetail attribution="Reuters BIP Coding Group" action="confirmed" date="1996-10-21"/>
  </code>
  <code code="ECAT">
    <editdetail attribution="Reuters BIP Coding Group" action="confirmed" date="1996-10-21"/>
  </code>
  <code code="M12">
    <editdetail attribution="Reuters BIP Coding Group" action="confirmed" date="1996-10-21"/>
  </code>
  <code code="MCAT">
    <editdetail attribution="Reuters BIP Coding Group" action="confirmed" date="1996-10-21"/>
  </code>
</codes>
<dc element="dc.date.created" value="1996-10-21"/>
<dc element="dc.publisher" value="Reuters Holdings Plc"/>
<dc element="dc.date.published" value="1996-10-21"/>
<dc element="dc.source" value="Reuters"/>
<dc element="dc.creator.location" value="LONDON"/>
<dc element="dc.creator.location.country.name" value="UK"/>
<dc element="dc.source" value="Reuters"/>
</metadata>
</newsitem>
