<?xml version="1.0" encoding="iso-8859-1" ?>
<newsitem itemid="131820" id="root" date="1996-10-21" xml:lang="en">
<title>UK: SkyePharma to make generic Pfizer drug.</title>
<headline>SkyePharma to make generic Pfizer drug.</headline>
<dateline>LONDON 1996-10-21</dateline>
<text>
<p>British-based generic pharmaceutical specalist SkyePharma Plc said on Monday it has signed a letter of intent to jointly develop a generic version of a Pfizer Inc heart drug, Procardia XL.</p>
<p>In a statement, SkyePharma said it intended to acquire the rights of California's Gensia Inc to develop the drug in collaboration with Boehringer Mannheim Corp, the U.S. unit of German drugs group Boehringer Mannheim.</p>
<p>Procardia XL is a calcium channel blocker for treatment of angina and hypertension.</p>
</text>
<copyright>(c) Reuters Limited 1996</copyright>
<metadata>
<codes class="bip:countries:1.0">
  <code code="GFR">
    <editdetail attribution="Reuters BIP Coding Group" action="confirmed" date="1996-10-21"/>
  </code>
  <code code="UK">
    <editdetail attribution="Reuters BIP Coding Group" action="confirmed" date="1996-10-21"/>
  </code>
  <code code="USA">
    <editdetail attribution="Reuters BIP Coding Group" action="confirmed" date="1996-10-21"/>
  </code>
</codes>
<codes class="bip:industries:1.0">
  <code code="I25000">
    <editdetail attribution="Reuters BIP Coding Group" action="confirmed" date="1996-10-21"/>
  </code>
  <code code="I25700">
    <editdetail attribution="Reuters BIP Coding Group" action="confirmed" date="1996-10-21"/>
  </code>
</codes>
<codes class="bip:topics:1.0">
  <code code="C23">
    <editdetail attribution="Reuters BIP Coding Group" action="confirmed" date="1996-10-21"/>
  </code>
  <code code="C33">
    <editdetail attribution="Reuters BIP Coding Group" action="confirmed" date="1996-10-21"/>
  </code>
  <code code="CCAT">
    <editdetail attribution="Reuters BIP Coding Group" action="confirmed" date="1996-10-21"/>
  </code>
</codes>
<dc element="dc.date.created" value="1996-10-21"/>
<dc element="dc.publisher" value="Reuters Holdings Plc"/>
<dc element="dc.date.published" value="1996-10-21"/>
<dc element="dc.source" value="Reuters"/>
<dc element="dc.creator.location" value="LONDON"/>
<dc element="dc.creator.location.country.name" value="UK"/>
<dc element="dc.source" value="Reuters"/>
</metadata>
</newsitem>
