<?xml version="1.0" encoding="iso-8859-1" ?>
<newsitem itemid="131899" id="root" date="1996-10-21" xml:lang="en">
<title>AUSTRALIA: RTRS-Australian Stocks to Watch Today - Oct 21.</title>
<headline>RTRS-Australian Stocks to Watch Today - Oct 21.</headline>
<dateline>SYDNEY 1996-10-21</dateline>
<text>
<p>Some Australian stocks to watch this morning:</p>
<p>* Foster's Brewing Group Ltd A$2.40 (+0.06)</p>
<p>Fosters Brewing Group Ltd said its 40 percent owned Canadian brewer, Molson Breweries, had agreed to discuss a new licensing deal with Coors Brewing Co after a court ruling terminated their previous agreement. Foster's said it was too early to assess the financial ramifications of the ruling.</p>
<p>* Hudson Conway Ltd A$17.92 (unch)</p>
<p>Property investment group Hudson Conway Ltd announced on Monday plans to issue A$120 million of five-year unsecured notes with detachable five-year options. The issue, which aims to give the company greater financial flexibility, will be fully underwritten by Prudential Bache Securities and will be placed with institutional investors, chairman Sir Roderick Carnegie told the annual meeting. It also said it hoped to achieve a higher profit in the current year ending June 30, although the property market remained flat.</p>
<p>* News Corp Ltd A$7.36 (+0.13)</p>
<p>Israeli tax authorities said on Sunday they had raided the offices of a company controlled by media magnate Rupert Murdoch and removed documents. News Datacom Research Ltd, a Jerusalem-based company controlled by Murdoch's News Corp, forcefully denied any wrongdoing. &quot;The company is suspected of concealing income in the years 1989-1996 of some US$150 million,&quot; the tax authority said in a statement. News also said its its News America Holdings Inc unit would redeem on December 15, 1996 all of the outstanding December 15, 2001, 12 percent senior notes at the redemption price of 106 percent of the principal together with accrued and unpaid interest up to December 15, 1996.</p>
<p>* Cortecs International A$4.20 (-0.20)</p>
<p>Cortecs International Ltd said on Friday in London it was unaware of the reason for the drop in the company's share price. Earlier, the Daily Mail reported that market bears were talking the stock down to 100p, saying &quot;beware of bad news&quot;. The newspaper did not give further details.  The biotech's shares fell 9-1/2 to 195-1/2 in afternoon trade in London, after falling 15p to 205p on Thursday.</p>
<p>* Primac Holdings Ltd A$A$2.85 (unch)</p>
<p>* IAMA Ltd A$2.88 (+0.03)</p>
<p>The Australian Competition and Consumer Commission (ACCC) will not oppose the proposed acquisition of Primac Holdings Ltd by IAMA Ltd, acting ACCC chairman Allan Asher said on Sunday.</p>
<p>* ERG Australia Ltd A$A$1.25 (-0.01)</p>
<p>Trade in the shares of Perth-based electronics and telecommunications equipment manufacturer ERG Australia Ltd halted on Monday morning pending an announcement. Before the halt ERG's shares fell 13 cents to A$1.12 on heavy volume.</p>
<p>-- Sydney Newsroom 61-2 373-1800</p>
</text>
<copyright>(c) Reuters Limited 1996</copyright>
<metadata>
<codes class="bip:countries:1.0">
  <code code="AUSTR">
    <editdetail attribution="Reuters BIP Coding Group" action="confirmed" date="1996-10-21"/>
  </code>
</codes>
<codes class="bip:industries:1.0">
  <code code="I01001">
    <editdetail attribution="Reuters BIP Coding Group" action="confirmed" date="1996-10-21"/>
  </code>
  <code code="I25700">
    <editdetail attribution="Reuters BIP Coding Group" action="confirmed" date="1996-10-21"/>
  </code>
  <code code="I34000">
    <editdetail attribution="Reuters BIP Coding Group" action="confirmed" date="1996-10-21"/>
  </code>
  <code code="I42700">
    <editdetail attribution="Reuters BIP Coding Group" action="confirmed" date="1996-10-21"/>
  </code>
  <code code="I47500">
    <editdetail attribution="Reuters BIP Coding Group" action="confirmed" date="1996-10-21"/>
  </code>
  <code code="I85000">
    <editdetail attribution="Reuters BIP Coding Group" action="confirmed" date="1996-10-21"/>
  </code>
</codes>
<codes class="bip:topics:1.0">
  <code code="C15">
    <editdetail attribution="Reuters BIP Coding Group" action="confirmed" date="1996-10-21"/>
  </code>
  <code code="C152">
    <editdetail attribution="Reuters BIP Coding Group" action="confirmed" date="1996-10-21"/>
  </code>
  <code code="CCAT">
    <editdetail attribution="Reuters BIP Coding Group" action="confirmed" date="1996-10-21"/>
  </code>
</codes>
<dc element="dc.date.created" value="1996-10-21"/>
<dc element="dc.publisher" value="Reuters Holdings Plc"/>
<dc element="dc.date.published" value="1996-10-21"/>
<dc element="dc.source" value="Reuters"/>
<dc element="dc.creator.location" value="SYDNEY"/>
<dc element="dc.creator.location.country.name" value="AUSTRALIA"/>
<dc element="dc.source" value="Reuters"/>
</metadata>
</newsitem>
