<?xml version="1.0" encoding="iso-8859-1" ?>
<newsitem itemid="131847" id="root" date="1996-10-21" xml:lang="en">
<title>AUSTRALIA: RTRS-Golden Shamrock shrs to be delisted.</title>
<headline>RTRS-Golden Shamrock shrs to be delisted.</headline>
<dateline>MELBOURNE 1996-10-21</dateline>
<text>
<p>The Australian Stock Exchange said on Monday goldminer Golden Shamrock Mines Ltd (GSM) shares would be suspended from trading today following court approval of its merger with Ashanti Goldfields Co Ltd.</p>
<p>GSM and Ashanti announced their merger in April with GSM shareholders offered one Ashanti share for every 22.5 GSM shares plus bonus participation in future gold finds  at GSM's Siguiri gold project in Guinea, West Africa.</p>
<p>The company's shares would be delisted.</p>
<p>-- Sydney newsroom 61-2 9373-1800</p>
</text>
<copyright>(c) Reuters Limited 1996</copyright>
<metadata>
<codes class="bip:countries:1.0">
  <code code="AUSTR">
    <editdetail attribution="Reuters BIP Coding Group" action="confirmed" date="1996-10-21"/>
  </code>
  <code code="GUREP">
    <editdetail attribution="Reuters BIP Coding Group" action="confirmed" date="1996-10-21"/>
  </code>
</codes>
<codes class="bip:industries:1.0">
  <code code="I21000">
    <editdetail attribution="Reuters BIP Coding Group" action="confirmed" date="1996-10-21"/>
  </code>
</codes>
<codes class="bip:topics:1.0">
  <code code="C14">
    <editdetail attribution="Reuters BIP Coding Group" action="confirmed" date="1996-10-21"/>
  </code>
  <code code="C18">
    <editdetail attribution="Reuters BIP Coding Group" action="confirmed" date="1996-10-21"/>
  </code>
  <code code="C181">
    <editdetail attribution="Reuters BIP Coding Group" action="confirmed" date="1996-10-21"/>
  </code>
  <code code="CCAT">
    <editdetail attribution="Reuters BIP Coding Group" action="confirmed" date="1996-10-21"/>
  </code>
</codes>
<dc element="dc.date.created" value="1996-10-21"/>
<dc element="dc.publisher" value="Reuters Holdings Plc"/>
<dc element="dc.date.published" value="1996-10-21"/>
<dc element="dc.source" value="Reuters"/>
<dc element="dc.creator.location" value="MELBOURNE"/>
<dc element="dc.creator.location.country.name" value="AUSTRALIA"/>
<dc element="dc.source" value="Reuters"/>
</metadata>
</newsitem>
