<?xml version="1.0" encoding="iso-8859-1" ?>
<newsitem itemid="131962" id="root" date="1996-10-21" xml:lang="en">
<title>TAIWAN: Taiwan dollar ends down, hitting T$27.50 support.</title>
<headline>Taiwan dollar ends down, hitting T$27.50 support.</headline>
<dateline>TAIPEI 1996-10-21</dateline>
<text>
<p>The Taiwan dollar closed slightly lower against the U.S. dollar on Monday, once breaking what recently had been strong support at T$27.50 on unexpected and active outflows of foreign funds, dealers said.</p>
<p>The local currency ended at T$27.500 to the U.S. dollar against Saturday's T$27.493 close, off a low of T$27.510.</p>
<p>Turnover was an active US$226.5 million.</p>
<p>The Taiwan dollar opened lower to reflect the U.S. dollar's strength overseas, dealers said.  </p>
<p>&quot;Then, in morning trading, one foreign bank suddenly bought a lot U.S. dollars for expatriation, pushing the Taiwan dollar down a level not seen since early September,&quot; said one dealer.</p>
<p>&quot;Once the market saw the local dollar break its T$27.50 support, U.S. dollar buying strengthened immediately,&quot; he said.</p>
<p>This in turn triggered active entry by local banks who offered U.S. dollars to smooth the Taiwan dollar's depreciation, dealers said.  </p>
<p>&quot;We saw no apparent entry by the central bank, but seeing several local banks making such a concordant move still might indicate the central bank's influence,&quot; another dealer said.</p>
<p>Dealers also noted high interest by exporters to sell U.S. dollars once the Taiwan dollar fell below T$27.50.</p>
<p>A T$27.495-27.510 range was seen for Tuesday.</p>
<p>-- James Peng (5080815)</p>
</text>
<copyright>(c) Reuters Limited 1996</copyright>
<metadata>
<codes class="bip:countries:1.0">
  <code code="TAIWAN">
    <editdetail attribution="Reuters BIP Coding Group" action="confirmed" date="1996-10-21"/>
  </code>
</codes>
<codes class="bip:topics:1.0">
  <code code="M13">
    <editdetail attribution="Reuters BIP Coding Group" action="confirmed" date="1996-10-21"/>
  </code>
  <code code="M132">
    <editdetail attribution="Reuters BIP Coding Group" action="confirmed" date="1996-10-21"/>
  </code>
  <code code="MCAT">
    <editdetail attribution="Reuters BIP Coding Group" action="confirmed" date="1996-10-21"/>
  </code>
</codes>
<dc element="dc.date.created" value="1996-10-21"/>
<dc element="dc.publisher" value="Reuters Holdings Plc"/>
<dc element="dc.date.published" value="1996-10-21"/>
<dc element="dc.source" value="Reuters"/>
<dc element="dc.creator.location" value="TAIPEI"/>
<dc element="dc.creator.location.country.name" value="TAIWAN"/>
<dc element="dc.source" value="Reuters"/>
</metadata>
</newsitem>
