<?xml version="1.0" encoding="iso-8859-1" ?>
<newsitem itemid="131976" id="root" date="1996-10-21" xml:lang="en">
<title>MALAYSIA: Malaysia Oct palm oil output seen down three pct.</title>
<headline>Malaysia Oct palm oil output seen down three pct.</headline>
<dateline>KUALA LUMPUR 1996-10-21</dateline>
<text>
<p>Malaysia's palm oil output in October was estimated to have fallen three percent to 840,000 tonnes over September, crop forecaster Ivan Wong said on Monday.</p>
<p>Wong estimated end-October palm oil stocks at 965,000 tonnes, compared with the Palm Oil Registration and Licensing Authority's (PORLA) 894,030 tonnes at end-September.</p>
<p>He said palm oil exports in October were projected to be 670,000 tonnes against PORLA's 637,079 tonnes in September.  </p>
<p>&quot;For this month, our tentative estimated shows production declining around three percent to 840,000 tonnes,&quot; Wong said in his latest report.</p>
<p>&quot;The seasonal downtrend will accelerate in November. The rainy season has started but so far this month the rains have not hampered harvesting operations in any way.&quot;</p>
<p>Palm oil exports this month may still remain at a healthy level around 670,000 tonnes,inclusive of some 15,000 tonnes of crude palm oil (CPO).  </p>
<p>Malaysia crude palmoil supply-demand estimate/projection as of October 21, 1996. (All figures in '000 tonnes)</p>
<p>			    Sept	Oct	  Nov	 Dec</p>
<p>Opening stock	   474	 525	  595	 605-610</p>
<p>Imports		    -	   -	    -	  -</p>
<p>Production		865	 840	 740-745    665-670</p>
<p>TTL supply		1339	1365	1335-1340  1270-1280</p>
<p>Exports		   6	    14	  5	   5</p>
<p>Domestic use	    808	 756	 720-725    670-675</p>
<p>TTL offtake	     814	 770	 725-730    675-680</p>
<p>Endmonth stocks	 525	 595	 605-610    595-600</p>
</text>
<copyright>(c) Reuters Limited 1996</copyright>
<metadata>
<codes class="bip:countries:1.0">
  <code code="MALAY">
    <editdetail attribution="Reuters BIP Coding Group" action="confirmed" date="1996-10-21"/>
  </code>
</codes>
<codes class="bip:industries:1.0">
  <code code="I41100">
    <editdetail attribution="Reuters BIP Coding Group" action="confirmed" date="1996-10-21"/>
  </code>
</codes>
<codes class="bip:topics:1.0">
  <code code="C21">
    <editdetail attribution="Reuters BIP Coding Group" action="confirmed" date="1996-10-21"/>
  </code>
  <code code="CCAT">
    <editdetail attribution="Reuters BIP Coding Group" action="confirmed" date="1996-10-21"/>
  </code>
  <code code="M14">
    <editdetail attribution="Reuters BIP Coding Group" action="confirmed" date="1996-10-21"/>
  </code>
  <code code="M141">
    <editdetail attribution="Reuters BIP Coding Group" action="confirmed" date="1996-10-21"/>
  </code>
  <code code="MCAT">
    <editdetail attribution="Reuters BIP Coding Group" action="confirmed" date="1996-10-21"/>
  </code>
</codes>
<dc element="dc.date.created" value="1996-10-21"/>
<dc element="dc.publisher" value="Reuters Holdings Plc"/>
<dc element="dc.date.published" value="1996-10-21"/>
<dc element="dc.source" value="Reuters"/>
<dc element="dc.creator.location" value="KUALA LUMPUR"/>
<dc element="dc.creator.location.country.name" value="MALAYSIA"/>
<dc element="dc.source" value="Reuters"/>
</metadata>
</newsitem>
