<?xml version="1.0" encoding="iso-8859-1" ?>
<newsitem itemid="131950" id="root" date="1996-10-21" xml:lang="en">
<title>CHINA: China Oct consumer goods sales seen up 18.6 pct.</title>
<headline>China Oct consumer goods sales seen up 18.6 pct.</headline>
<dateline>BEIJING 1996-10-21</dateline>
<text>
<p>China's retail sales of consumer goods are expected to climb 18.6 percent to 216 billion yuan ($26 billion) in October from a year ago, the China Securities newspaper said on Monday.</p>
<p>Retail sales of consumer goods were 208.35 billion yuan in September, an increase of 18.3 percent from the year-earlier month, the newspaper said, quoting a report by the Information Centre under the cabinet's State Economic and Trade Commission.</p>
<p>Sales of consumer goods in the third quarter of 1996 rose a year-on-year 17.4 percent to 588.9 billion yuan, it said.</p>
<p>Reform of the housing sector and a boost in rural incomes from the autumn harvest had helped fuel the rise in the retail sales market, the newspaper quoted analysts as saying. It gave no further details.</p>
<p>($1 = 8.3 yuan)</p>
</text>
<copyright>(c) Reuters Limited 1996</copyright>
<metadata>
<codes class="bip:countries:1.0">
  <code code="CHINA">
    <editdetail attribution="Reuters BIP Coding Group" action="confirmed" date="1996-10-21"/>
  </code>
</codes>
<codes class="bip:topics:1.0">
  <code code="E14">
    <editdetail attribution="Reuters BIP Coding Group" action="confirmed" date="1996-10-21"/>
  </code>
  <code code="E143">
    <editdetail attribution="Reuters BIP Coding Group" action="confirmed" date="1996-10-21"/>
  </code>
  <code code="ECAT">
    <editdetail attribution="Reuters BIP Coding Group" action="confirmed" date="1996-10-21"/>
  </code>
</codes>
<dc element="dc.date.created" value="1996-10-21"/>
<dc element="dc.publisher" value="Reuters Holdings Plc"/>
<dc element="dc.date.published" value="1996-10-21"/>
<dc element="dc.source" value="Reuters"/>
<dc element="dc.creator.location" value="BEIJING"/>
<dc element="dc.creator.location.country.name" value="CHINA"/>
<dc element="dc.source" value="Reuters"/>
</metadata>
</newsitem>
