<?xml version="1.0" encoding="iso-8859-1" ?>
<newsitem itemid="131918" id="root" date="1996-10-21" xml:lang="en">
<title>indonesia: Indonesia shipping - Oct 21.</title>
<headline>Indonesia shipping - Oct 21.</headline>
<text>
<p>Vessels at Belawan Port, North Sumatra</p>
<p>Summary:</p>
<p>Vessels unloading : 11  Vessels loading : 6</p>
<p>---------------------------------------------------------------</p>
<p>Name	    Arrival	 Scheduled    P/Origin  Unloading</p>
<p>Grt	     Date/Time     departure    P/Dest    Loading</p>
<p>Agent</p>
<p>---------------------------------------------------------------</p>
<p>MV		18-10-96	25-10-96     S'pore	  -</p>
<p>Pattaya-	2200	    1800	   Phuket    palm kernal</p>
<p>Navee							    expeller</p>
<p>14,991							   5,000 tns</p>
<p>PT Tirta Samudera Caraka				   g.cargo</p>
<p>								   2,870 tns</p>
<p>---------------------------------------------------------------</p>
<p>KM		17-10-96	24-10-96     Surabaya  g.cargo</p>
<p>Tanto Jaya    2200	    1000	   Lhokseu-  5,200 tns</p>
<p>3,296						mawe	    -</p>
<p>PT Tanto Intim Line</p>
<p>---------------------------------------------------------------</p>
<p>KM		19-10-96	21-10-96     Penang    g.cargo</p>
<p>Surya Indah-  1000	    1700	   Penang    100 tns</p>
<p>Jaya							     vegetables</p>
<p>179								200 tns</p>
<p>PT Surya Indah Jaya</p>
<p>---------------------------------------------------------------</p>
<p>KM		19-10-96	26-10-96     Penang	  -</p>
<p>Victory	 1500	    1600	   Penang    vegetables</p>
<p>171								150 tns</p>
<p>PT Dewi Indah Raya</p>
<p>---------------------------------------------------------------</p>
<p>KM		19-10-96	21-10-96     T.Priok   palm stearin</p>
<p>Marina-33     1700	    1800	   T.Priok   950 tns</p>
<p>702								palm olein</p>
<p>PT Samudera Indah raya Line				1,000 tns</p>
<p>---------------------------------------------------------------</p>
<p>MT		19-10-96	21-10-96     Dumai     fuel</p>
<p>Pranedya-     1000	    0600	   Dumai     17,000 tns</p>
<p>Dwitya								 -</p>
<p>12,685</p>
<p>PT Pertamina</p>
<p>---------------------------------------------------------------</p>
<p>KM		16-10-96	23-10-96     Penang	  -</p>
<p>Cipta Karya   1100	    1700	   Penang     vegetables</p>
<p>171								 150 tns</p>
<p>PT Cakrawala Kirana Rintis Nusantara</p>
<p>---------------------------------------------------------------</p>
<p>Sfyra-V	 12-10-96	24-10-96     Port Said phospat</p>
<p>20,905	  1200	    1800	   Panjang   11,000 tns</p>
<p>PT Trikora Lloyd						   -</p>
<p>---------------------------------------------------------------</p>
<p>KM		16-10-96	21-10-96     Penang    g.cargo</p>
<p>Eka Naga	1100	    1600	   Penang    100 tns</p>
<p>Seraya							   vegetables</p>
<p>197								150 tns</p>
<p>PT Dewi Indah Raya</p>
<p>---------------------------------------------------------------</p>
<p>KM		17-10-96	21-10-96     Palembang  fertiliser</p>
<p>Artha-8	 2000	    1000	   Palembang  4,800 tns</p>
<p>8,414								  -</p>
<p>PT Purna Raya Nusantara</p>
<p>---------------------------------------------------------------</p>
<p>--------------------------------------------------------------- TB.CB	   15-10-96	22-10-96     Kwala-    logs</p>
<p>940/TK	  2400	    1800	   Langsa    2,025 tns</p>
<p>1,273						Sei-	   -</p>
<p>PT Citra Antar Buana			   Guntung</p>
<p>--------------------------------------------------------------- MT		15-10-96	21-10-96    Panjang    fertiliser</p>
<p>Jollidy	 2100	    2400	  S'pore     7,236 tns</p>
<p>13,197								-</p>
<p>PT Bumi Laut Shipping --------------------------------------------------------------- TB		15-10-96	22-10-96    Meulaboh   logs</p>
<p>Tectona/TK    0800	    1800	  Singkil    3,070 tns</p>
<p>1,290								 -</p>
<p>PT Citra Antar Buana --------------------------------------------------------------- TB.C Jaya/    15-10-96	22-10-96    Labuhan-   logs</p>
<p>Sun Lion-I    0800	    1800	  Bilik	1,309 tns</p>
<p>643						 Kwala-	  -</p>
<p>PT Rimba Raya				   Langsa</p>
<p>---------------------------------------------------------------</p>
<p>-- Jakarta Newsroom +6221 384-6364</p>
</text>
<copyright>(c) Reuters Limited 1996</copyright>
<metadata>
<codes class="bip:countries:1.0">
  <code code="INDON">
    <editdetail attribution="Reuters BIP Coding Group" action="confirmed" date="1996-10-21"/>
  </code>
</codes>
<codes class="bip:topics:1.0">
  <code code="M14">
    <editdetail attribution="Reuters BIP Coding Group" action="confirmed" date="1996-10-21"/>
  </code>
  <code code="MCAT">
    <editdetail attribution="Reuters BIP Coding Group" action="confirmed" date="1996-10-21"/>
  </code>
</codes>
<dc element="dc.publisher" value="Reuters Holdings Plc"/>
<dc element="dc.date.published" value="1996-10-21"/>
<dc element="dc.source" value="Reuters"/>
<dc element="dc.creator.location.country.name" value="INDONESIA"/>
<dc element="dc.source" value="Reuters"/>
</metadata>
</newsitem>
