<?xml version="1.0" encoding="iso-8859-1" ?>
<newsitem itemid="131980" id="root" date="1996-10-21" xml:lang="en">
<title>PHILIPPINES: APMC 9-month net at 3.89 mln pesos.</title>
<headline>APMC 9-month net at 3.89 mln pesos.</headline>
<dateline>MANILA 1996-10-21</dateline>
<text>
<p>Nine months to September 30.</p>
<p>	    (in million pesos unless stated)</p>
<p>    Revenues			  20.875 vs 20.71</p>
<p>    Net income			 3.896 vs 0.889</p>
<p>Note: Full name. Full name Alcorn Petroleum Minerals Corp.</p>
<p>--Manila newsroom (632) 841-89-36, fax 817-62-67</p>
</text>
<copyright>(c) Reuters Limited 1996</copyright>
<metadata>
<codes class="bip:countries:1.0">
  <code code="PHLNS">
    <editdetail attribution="Reuters BIP Coding Group" action="confirmed" date="1996-10-21"/>
  </code>
</codes>
<codes class="bip:industries:1.0">
  <code code="I13000">
    <editdetail attribution="Reuters BIP Coding Group" action="confirmed" date="1996-10-21"/>
  </code>
</codes>
<codes class="bip:topics:1.0">
  <code code="C15">
    <editdetail attribution="Reuters BIP Coding Group" action="confirmed" date="1996-10-21"/>
  </code>
  <code code="C151">
    <editdetail attribution="Reuters BIP Coding Group" action="confirmed" date="1996-10-21"/>
  </code>
  <code code="CCAT">
    <editdetail attribution="Reuters BIP Coding Group" action="confirmed" date="1996-10-21"/>
  </code>
</codes>
<dc element="dc.date.created" value="1996-10-21"/>
<dc element="dc.publisher" value="Reuters Holdings Plc"/>
<dc element="dc.date.published" value="1996-10-21"/>
<dc element="dc.source" value="Reuters"/>
<dc element="dc.creator.location" value="MANILA"/>
<dc element="dc.creator.location.country.name" value="PHILIPPINES"/>
<dc element="dc.source" value="Reuters"/>
</metadata>
</newsitem>
