<?xml version="1.0" encoding="iso-8859-1" ?>
<newsitem itemid="131979" id="root" date="1996-10-21" xml:lang="en">
<title>INDONESIA: Indonesia Convertible Bonds Listed Overseas.</title>
<headline>Indonesia Convertible Bonds Listed Overseas.</headline>
<dateline>JAKARTA 1996-10-21</dateline>
<text>
<p>The following list of convertible bonds from Indonesian companies listed overseas is compiled from various securities houses.</p>
<p>===============================================================</p>
<p>ISSUER   COUPON REDEMPTION BID-OFFER	 CONVER.PREMIUM/YIELD</p>
<p>	    (%)					PRICE  DISCOUNT</p>
<p>===============================================================</p>
<p>ASTRA INT 6.75  300506  BZW:  87.00- 89.00	     52.17 8.46</p>
<p>				ML :  87.50- 89.00 5,758.75  34.00 8.46</p>
<p>				MS :  87.00- 89.00	     56.00 8.46</p>
<p>Issue size: US$ 125 million</p>
<p>Share price: 4,600 rupiah (foreign)</p>
<p>---------------------------------------------------------------</p>
<p>INDORAMA  1.75  250700  SBC:  105.00-105.75 7,700	 P 21.11</p>
<p>Issue size: CHF 40 million</p>
<p>Share price: 6,425 (foreign)</p>
<p>---------------------------------------------------------------</p>
<p>INDORAYON 4.75  311297  SBC:  99.75-100.50		  Y  4.25</p>
<p>Isse size: CHF 60 million</p>
<p>Share price: 2,000 rupiah</p>
<p>---------------------------------------------------------------</p>
<p>INDORAYON 5.50  100102   BZW: 115.50-117.50  4,250 184.30  7.80</p>
<p>				  ML: 117.00-117.50	  180.90  7.79</p>
<p>				  MS: 117.00-118.00	  186.00  7.33</p>
<p>Issue size : US$ 60 million</p>
<p>Share price: 2,000 rupiah</p>
<p>---------------------------------------------------------------</p>
<p>INDORAYON 7.00  050206   BZW:  76.50- 78.50	  158.90 10.69</p>
<p>				  ML:  77.00- 78.50	  155.80 10.69</p>
<p>				  MS:  77.50- 78.50	  155.00 10.70</p>
<p>Issue size: US$ 60 million</p>
<p>Share price: 2,000 rupiah</p>
<p>---------------------------------------------------------------</p>
<p>POLYMAX   2.00  270206   BZW:  92.00- 93.00 10,465  30.51  8.98</p>
<p>				  ML:  92.50- 93.50	   33.00  8.75</p>
<p>				  MS:  92.75- 93.75	   34.30  8.78</p>
<p>Issue size: US$ 200 million</p>
<p>Share price: 3,700 rupiah (Indocement)</p>
<p>---------------------------------------------------------------</p>
<p>TJIWIKIMIA0.00  260397   BZW: 113.00-125.00  3,550  15.36  7.80</p>
<p>Issue size: US$ 40 million</p>
<p>Share price:  2,200 rupiah</p>
<p>---------------------------------------------------------------</p>
<p>TJIWIKIMIA7.25  120401   BZW:  96.00- 98.00	   46.33  7.78</p>
<p>				  ML:  96.00- 97.50	   45.60  7.92</p>
<p>				  MS:  96.50- 98.00	   41.50  7.78</p>
<p>Issue size: 75 million</p>
<p>Share price: 2,200 rupiah</p>
<p>===============================================================</p>
<p>BZW= Barclays de Zoete Wedd, ML= Merril Lynch, MS= Morgan Stanley, and SBCW= Swiss Bank Corporation Warburg.</p>
<p>The above mentioned rates are indicative only and may differ from current bid/offer. Share prices were fixed at 08.14 GMT -- Jakarta newsroom +621 384-6364.</p>
</text>
<copyright>(c) Reuters Limited 1996</copyright>
<metadata>
<codes class="bip:countries:1.0">
  <code code="INDON">
    <editdetail attribution="Reuters BIP Coding Group" action="confirmed" date="1996-10-21"/>
  </code>
</codes>
<codes class="bip:topics:1.0">
  <code code="M12">
    <editdetail attribution="Reuters BIP Coding Group" action="confirmed" date="1996-10-21"/>
  </code>
  <code code="MCAT">
    <editdetail attribution="Reuters BIP Coding Group" action="confirmed" date="1996-10-21"/>
  </code>
</codes>
<dc element="dc.date.created" value="1996-10-21"/>
<dc element="dc.publisher" value="Reuters Holdings Plc"/>
<dc element="dc.date.published" value="1996-10-21"/>
<dc element="dc.source" value="Reuters"/>
<dc element="dc.creator.location" value="JAKARTA"/>
<dc element="dc.creator.location.country.name" value="INDONESIA"/>
<dc element="dc.source" value="Reuters"/>
</metadata>
</newsitem>
