<?xml version="1.0" encoding="iso-8859-1" ?>
<newsitem itemid="131949" id="root" date="1996-10-21" xml:lang="en">
<title>JAPAN: Tokyo naphtha prices higher in slim trade.</title>
<headline>Tokyo naphtha prices higher in slim trade.</headline>
<dateline>TOKYO 1996-10-21</dateline>
<text>
<p>Tokyo naphtha prices were firmer on Monday, tracking Friday's crude gains, traders said.</p>
<p>Bids for second-half December open-spec naphtha were heard at $221.50 with offers at $223.00, up from Friday's $220.75/$221.50.</p>
<p>First-half January stood at $220.50/$222.00, compared with $220.00/$220.50 in late Friday trading.</p>
<p>Activity was in a lull with trading house traders preparing for Saudi Aramco term naphtha talks in London and petrochemical firm traders attending an industry meeting in Cologne, naphtha dealers said.  </p>
<p>In physical naphtha, a refiner bought an early December cargo for its group petrochemical firm in Chiba, east of Tokyo, at &quot;a tad less than $1.00&quot; over the mean of Japanese quotes, a trader with the petrochemical firm said.</p>
<p>In middle distillates trading, another refiner said it bought a South Korean jet kerosene cargo to be delivered to Japan's northern island of Hokkaido in mid-November at around $1.40 above the mean of Singapore quotes.</p>
<p>Availability in storage facilities enabled the firm to procure the cargo ahead of an anticipated seasonal rally in kerosene prices, a trader with the refiner said.</p>
<p>-- Tokyo Commodities +81-3-3432-8837)</p>
</text>
<copyright>(c) Reuters Limited 1996</copyright>
<metadata>
<codes class="bip:countries:1.0">
  <code code="JAP">
    <editdetail attribution="Reuters BIP Coding Group" action="confirmed" date="1996-10-21"/>
  </code>
</codes>
<codes class="bip:topics:1.0">
  <code code="M14">
    <editdetail attribution="Reuters BIP Coding Group" action="confirmed" date="1996-10-21"/>
  </code>
  <code code="M143">
    <editdetail attribution="Reuters BIP Coding Group" action="confirmed" date="1996-10-21"/>
  </code>
  <code code="MCAT">
    <editdetail attribution="Reuters BIP Coding Group" action="confirmed" date="1996-10-21"/>
  </code>
</codes>
<dc element="dc.date.created" value="1996-10-21"/>
<dc element="dc.publisher" value="Reuters Holdings Plc"/>
<dc element="dc.date.published" value="1996-10-21"/>
<dc element="dc.source" value="Reuters"/>
<dc element="dc.creator.location" value="TOKYO"/>
<dc element="dc.creator.location.country.name" value="JAPAN"/>
<dc element="dc.source" value="Reuters"/>
</metadata>
</newsitem>
