<?xml version="1.0" encoding="iso-8859-1" ?>
<newsitem itemid="131903" id="root" date="1996-10-21" xml:lang="en">
<title>AUSTRALIA: RTRS - ASX TRADING HALT-ERG Australia Ltd.</title>
<headline>RTRS - ASX TRADING HALT-ERG Australia Ltd.</headline>
<dateline>SYDNEY 1996-10-21</dateline>
<text>
<p>Trade in the shares of Perth-based electronics and telecommunications equipment manufacturer ERG Australia Ltd was halted on Monday morning pending an announcement.</p>
<p>Before the trading halt ERG's shares fell 13 cents to A$1.12 on heavy volume.</p>
<p>-- Sydney Newsroom 61-2 373-1800</p>
</text>
<copyright>(c) Reuters Limited 1996</copyright>
<metadata>
<codes class="bip:countries:1.0">
  <code code="AUSTR">
    <editdetail attribution="Reuters BIP Coding Group" action="confirmed" date="1996-10-21"/>
  </code>
</codes>
<codes class="bip:industries:1.0">
  <code code="I34000">
    <editdetail attribution="Reuters BIP Coding Group" action="confirmed" date="1996-10-21"/>
  </code>
</codes>
<codes class="bip:topics:1.0">
  <code code="C14">
    <editdetail attribution="Reuters BIP Coding Group" action="confirmed" date="1996-10-21"/>
  </code>
  <code code="CCAT">
    <editdetail attribution="Reuters BIP Coding Group" action="confirmed" date="1996-10-21"/>
  </code>
</codes>
<dc element="dc.date.created" value="1996-10-21"/>
<dc element="dc.publisher" value="Reuters Holdings Plc"/>
<dc element="dc.date.published" value="1996-10-21"/>
<dc element="dc.source" value="Reuters"/>
<dc element="dc.creator.location" value="SYDNEY"/>
<dc element="dc.creator.location.country.name" value="AUSTRALIA"/>
<dc element="dc.source" value="Reuters"/>
</metadata>
</newsitem>
