<?xml version="1.0" encoding="iso-8859-1" ?>
<newsitem itemid="131974" id="root" date="1996-10-21" xml:lang="en">
<title>PHILIPPINES: Meralco sees 11 pct rise in 1996 sales.</title>
<headline>Meralco sees 11 pct rise in 1996 sales.</headline>
<dateline>MANILA 1996-10-21</dateline>
<text>
<p>Manila Electric Co president Manuel Lopez said on Monday the company expects an 11 percent rise in sales for full-year 1996.  </p>
<p>Lopez also said in an interview that the company's net income for the first nine months of the year would be &quot;around&quot; the 3.9 billion pesos forecast in a recent Reuter poll.</p>
<p>Meralco, the Philippines' biggest electricity distributor, had net sales totalling 15.876 billion kilowatt-hours in 1995.</p>
<p>Its net income for the first nine months of 1995 was 3.39 billion pesos.</p>
<p>--Manila newsroom (632) 841-8936</p>
</text>
<copyright>(c) Reuters Limited 1996</copyright>
<metadata>
<codes class="bip:countries:1.0">
  <code code="PHLNS">
    <editdetail attribution="Reuters BIP Coding Group" action="confirmed" date="1996-10-21"/>
  </code>
</codes>
<codes class="bip:industries:1.0">
  <code code="I16100">
    <editdetail attribution="Reuters BIP Coding Group" action="confirmed" date="1996-10-21"/>
  </code>
</codes>
<codes class="bip:topics:1.0">
  <code code="C15">
    <editdetail attribution="Reuters BIP Coding Group" action="confirmed" date="1996-10-21"/>
  </code>
  <code code="C152">
    <editdetail attribution="Reuters BIP Coding Group" action="confirmed" date="1996-10-21"/>
  </code>
  <code code="C31">
    <editdetail attribution="Reuters BIP Coding Group" action="confirmed" date="1996-10-21"/>
  </code>
  <code code="CCAT">
    <editdetail attribution="Reuters BIP Coding Group" action="confirmed" date="1996-10-21"/>
  </code>
</codes>
<dc element="dc.date.created" value="1996-10-21"/>
<dc element="dc.publisher" value="Reuters Holdings Plc"/>
<dc element="dc.date.published" value="1996-10-21"/>
<dc element="dc.source" value="Reuters"/>
<dc element="dc.creator.location" value="MANILA"/>
<dc element="dc.creator.location.country.name" value="PHILIPPINES"/>
<dc element="dc.source" value="Reuters"/>
</metadata>
</newsitem>
