<?xml version="1.0" encoding="iso-8859-1" ?>
<newsitem itemid="131944" id="root" date="1996-10-21" xml:lang="en">
<title>CHINA: Shanghai soybean futures end up on short-covering.</title>
<headline>Shanghai soybean futures end up on short-covering.</headline>
<dateline>SHANGHAI 1996-10-21</dateline>
<text>
<p>Shanghai soybean futures ended mostly up on Monday due to short-covering but potential for further rises is limited due to poor fundamentals, traders said.</p>
<p>The key November 1996 contract closed at 3,289 yuan ($396) per tonne, rising 19 yuan. It opened at an intra-day low of 3,275 and hit a high of 3,310.</p>
<p>January rose 39 to 3,249, March 41 to 3,290 and May fell 20 to 3,292. Combined volume fell to 18,700 tonnes from 21,200.</p>
<p>Traders said short-covering from retail investors pushed the prices up but poor fundamentals would limit further rises.  </p>
<p>&quot;Short-covering was responsible for today's rises,&quot; a trader said. &quot;But over-supply of spot soybean will keep the contracts on a downward trend in the short term,&quot; he added.</p>
<p>Traders said soybean has fallen continuously over the past few weeks due to over-supply of spot soybeans.</p>
<p>&quot;Technical charts indicate soybean is likely to test the key 3,200 yuan support level this week,&quot; a second trader said.</p>
<p>($1=8.30 yuan)</p>
<p>-- Shanghai newsroom (86-21) 6279-7004</p>
</text>
<copyright>(c) Reuters Limited 1996</copyright>
<metadata>
<codes class="bip:countries:1.0">
  <code code="CHINA">
    <editdetail attribution="Reuters BIP Coding Group" action="confirmed" date="1996-10-21"/>
  </code>
</codes>
<codes class="bip:topics:1.0">
  <code code="M14">
    <editdetail attribution="Reuters BIP Coding Group" action="confirmed" date="1996-10-21"/>
  </code>
  <code code="M141">
    <editdetail attribution="Reuters BIP Coding Group" action="confirmed" date="1996-10-21"/>
  </code>
  <code code="MCAT">
    <editdetail attribution="Reuters BIP Coding Group" action="confirmed" date="1996-10-21"/>
  </code>
</codes>
<dc element="dc.date.created" value="1996-10-21"/>
<dc element="dc.publisher" value="Reuters Holdings Plc"/>
<dc element="dc.date.published" value="1996-10-21"/>
<dc element="dc.source" value="Reuters"/>
<dc element="dc.creator.location" value="SHANGHAI"/>
<dc element="dc.creator.location.country.name" value="CHINA"/>
<dc element="dc.source" value="Reuters"/>
</metadata>
</newsitem>
