<?xml version="1.0" encoding="iso-8859-1" ?>
<newsitem itemid="131973" id="root" date="1996-10-21" xml:lang="en">
<title>SINGAPORE: Labroy Marine rises amid tanker rumours.</title>
<headline>Labroy Marine rises amid tanker rumours.</headline>
<dateline>SINGAPORE 1996-10-21</dateline>
<text>
<p>Shares in newly-listed shipbuilding company Labroy Marine Ltd soared 16 percent, or 13 cents, to a high of Singapore $0.96 on Monday on rumours it may have contracts to build more product tankers.</p>
<p>&quot;There is speculation on the size of its contracts for the supply of product tankers to Indonesia,&quot; said one dealer. &quot;Most of the buying is from retail clients.&quot;</p>
<p>By 0800 GMT, Labroy shares stood at 93.5 cents, up 10.5 cents, on just over 28 million shares traded.</p>
<p>Of this total, only 2.2 million shares were crossed off the market in a variety of block deals at different prices.  </p>
<p>Labroy builds commercial tugs, barges, general cargo vessels and marine steel structures and provides ship-repair and conversion services, mainly in its shipyard in Batam, Indonesia.</p>
<p>Officials at the company were unavailable for immediate comment.</p>
<p>-- Singapore newsroom (65 8703199)</p>
</text>
<copyright>(c) Reuters Limited 1996</copyright>
<metadata>
<codes class="bip:countries:1.0">
  <code code="INDON">
    <editdetail attribution="Reuters BIP Coding Group" action="confirmed" date="1996-10-21"/>
  </code>
  <code code="SINGP">
    <editdetail attribution="Reuters BIP Coding Group" action="confirmed" date="1996-10-21"/>
  </code>
</codes>
<codes class="bip:industries:1.0">
  <code code="I36101">
    <editdetail attribution="Reuters BIP Coding Group" action="confirmed" date="1996-10-21"/>
  </code>
</codes>
<codes class="bip:topics:1.0">
  <code code="C15">
    <editdetail attribution="Reuters BIP Coding Group" action="confirmed" date="1996-10-21"/>
  </code>
  <code code="C152">
    <editdetail attribution="Reuters BIP Coding Group" action="confirmed" date="1996-10-21"/>
  </code>
  <code code="C33">
    <editdetail attribution="Reuters BIP Coding Group" action="confirmed" date="1996-10-21"/>
  </code>
  <code code="CCAT">
    <editdetail attribution="Reuters BIP Coding Group" action="confirmed" date="1996-10-21"/>
  </code>
</codes>
<dc element="dc.date.created" value="1996-10-21"/>
<dc element="dc.publisher" value="Reuters Holdings Plc"/>
<dc element="dc.date.published" value="1996-10-21"/>
<dc element="dc.source" value="Reuters"/>
<dc element="dc.creator.location" value="SINGAPORE"/>
<dc element="dc.creator.location.country.name" value="SINGAPORE"/>
<dc element="dc.source" value="Reuters"/>
</metadata>
</newsitem>
