<?xml version="1.0" encoding="iso-8859-1" ?>
<newsitem itemid="131943" id="root" date="1996-10-21" xml:lang="en">
<title>SINGAPORE: Thai Bangchak refinery tenders to buy Dec crude.</title>
<headline>Thai Bangchak refinery tenders to buy Dec crude.</headline>
<dateline>SINGAPORE 1996-10-21</dateline>
<text>
<p>Thailand's Bangchak Petroleum Plc refinery has issued a tender to buy Gulf and Far East crude grades, industry sources said on Monday.</p>
<p>The tender, for 500,000 barrels of December Gulf crude and 600,000 barrels of Far East light grades, closes on Wednesday at 1800 hours Bangkok time (1100 GMT) Tuesday and offers should be valid for 24 hours after that time.</p>
<p>Bangchak bought 600,000 barrels of Tapis crude at a premium of $1.15 per barrel in its November tender and a cargo of Oman at MPM flat, the sources said.</p>
<p>-- Singapore Newsroom (+65-870 3081)</p>
</text>
<copyright>(c) Reuters Limited 1996</copyright>
<metadata>
<codes class="bip:countries:1.0">
  <code code="SINGP">
    <editdetail attribution="Reuters BIP Coding Group" action="confirmed" date="1996-10-21"/>
  </code>
  <code code="THAIL">
    <editdetail attribution="Reuters BIP Coding Group" action="confirmed" date="1996-10-21"/>
  </code>
</codes>
<codes class="bip:industries:1.0">
  <code code="I14000">
    <editdetail attribution="Reuters BIP Coding Group" action="confirmed" date="1996-10-21"/>
  </code>
</codes>
<codes class="bip:topics:1.0">
  <code code="C33">
    <editdetail attribution="Reuters BIP Coding Group" action="confirmed" date="1996-10-21"/>
  </code>
  <code code="CCAT">
    <editdetail attribution="Reuters BIP Coding Group" action="confirmed" date="1996-10-21"/>
  </code>
  <code code="M14">
    <editdetail attribution="Reuters BIP Coding Group" action="confirmed" date="1996-10-21"/>
  </code>
  <code code="M143">
    <editdetail attribution="Reuters BIP Coding Group" action="confirmed" date="1996-10-21"/>
  </code>
  <code code="MCAT">
    <editdetail attribution="Reuters BIP Coding Group" action="confirmed" date="1996-10-21"/>
  </code>
</codes>
<dc element="dc.date.created" value="1996-10-21"/>
<dc element="dc.publisher" value="Reuters Holdings Plc"/>
<dc element="dc.date.published" value="1996-10-21"/>
<dc element="dc.source" value="Reuters"/>
<dc element="dc.creator.location" value="SINGAPORE"/>
<dc element="dc.creator.location.country.name" value="SINGAPORE"/>
<dc element="dc.source" value="Reuters"/>
</metadata>
</newsitem>
