<?xml version="1.0" encoding="iso-8859-1" ?>
<newsitem itemid="131914" id="root" date="1996-10-21" xml:lang="en">
<title>SINGAPORE: Asian dollar deposits little changed in late trade.</title>
<headline>Asian dollar deposits little changed in late trade.</headline>
<dateline>SINGAPORE 1996-10-21</dateline>
<text>
<p>Asian dollar deposit rates were steady to easier in lacklustre trade with most traders sidelined due mainly to an absence of fresh incentives, dealers said on Monday.</p>
<p>&quot;Rates were steady to a little bit softer in the morning on some position adjustments. There was no fresh news and most people are sitting on the sidelines, reluctant to open or hold new positions,&quot; a local dealer said.</p>
<p>&quot;But some people are waiting for more clues to market direction from this Friday's release of the (U.S. September) durable goods report,&quot; he said.  </p>
<p>In day-to-day rates, Monday/Tuesday, Tuesday/Wednesday and week-fixed eased 1/16 percentage point each to a common 5-1/4 5-1/8 percent, respectively.</p>
<p>Among longer dates, one-month was unchanged from last Friday's 5-3/8 5-1/4 percent, three-months unchanged at 5-1/2 5-3/8, six-months unchanged at 5-5/8 5-1/2 and twelve-months unchanged at 5-13/16 5-11/16 percent.</p>
<p>-- P.Theseira (65-870-3085)</p>
</text>
<copyright>(c) Reuters Limited 1996</copyright>
<metadata>
<codes class="bip:countries:1.0">
  <code code="SINGP">
    <editdetail attribution="Reuters BIP Coding Group" action="confirmed" date="1996-10-21"/>
  </code>
</codes>
<codes class="bip:topics:1.0">
  <code code="M13">
    <editdetail attribution="Reuters BIP Coding Group" action="confirmed" date="1996-10-21"/>
  </code>
  <code code="M131">
    <editdetail attribution="Reuters BIP Coding Group" action="confirmed" date="1996-10-21"/>
  </code>
  <code code="MCAT">
    <editdetail attribution="Reuters BIP Coding Group" action="confirmed" date="1996-10-21"/>
  </code>
</codes>
<dc element="dc.date.created" value="1996-10-21"/>
<dc element="dc.publisher" value="Reuters Holdings Plc"/>
<dc element="dc.date.published" value="1996-10-21"/>
<dc element="dc.source" value="Reuters"/>
<dc element="dc.creator.location" value="SINGAPORE"/>
<dc element="dc.creator.location.country.name" value="SINGAPORE"/>
<dc element="dc.source" value="Reuters"/>
</metadata>
</newsitem>
