<?xml version="1.0" encoding="iso-8859-1" ?>
<newsitem itemid="13193" id="root" date="1996-08-25" xml:lang="en">
<title>CHINA: Engelhard mulls China catalyst venture-report.</title>
<headline>Engelhard mulls China catalyst venture-report.</headline>
<dateline>BEIJING 1996-08-25</dateline>
<text>
<p>Engelhard Corp is discussing a possible joint venture with China Petrochemical Corp to produce chemical catalysts used in refining, the Business Weekly said on Sunday.</p>
<p>State run refiner China Petrochemical Corp, known as Sinopec, has three catalyst producers but is in need of upgrading its technology, the newspaper said.</p>
<p>Sinopec produces much of the petrol refined in China and owns 10,000 of the nation's 82,000 petrol stations, state media has said.</p>
<p>Engelhard also opened a representative office in Beijing last week, the newspaper said.</p>
</text>
<copyright>(c) Reuters Limited 1996</copyright>
<metadata>
<codes class="bip:countries:1.0">
  <code code="CHINA">
    <editdetail attribution="Reuters BIP Coding Group" action="confirmed" date="1996-08-25"/>
  </code>
</codes>
<codes class="bip:industries:1.0">
  <code code="I21000">
    <editdetail attribution="Reuters BIP Coding Group" action="confirmed" date="1996-08-25"/>
  </code>
</codes>
<codes class="bip:topics:1.0">
  <code code="C11">
    <editdetail attribution="Reuters BIP Coding Group" action="confirmed" date="1996-08-25"/>
  </code>
  <code code="CCAT">
    <editdetail attribution="Reuters BIP Coding Group" action="confirmed" date="1996-08-25"/>
  </code>
</codes>
<dc element="dc.date.created" value="1996-08-25"/>
<dc element="dc.publisher" value="Reuters Holdings Plc"/>
<dc element="dc.date.published" value="1996-08-25"/>
<dc element="dc.source" value="Reuters"/>
<dc element="dc.creator.location" value="BEIJING"/>
<dc element="dc.creator.location.country.name" value="CHINA"/>
<dc element="dc.source" value="Reuters"/>
</metadata>
</newsitem>
