<?xml version="1.0" encoding="iso-8859-1" ?>
<newsitem itemid="131945" id="root" date="1996-10-21" xml:lang="en">
<title>JAPAN: Kobe rubber futures mixed in after-hours trade.</title>
<headline>Kobe rubber futures mixed in after-hours trade.</headline>
<dateline>TOKYO 1996-10-21</dateline>
<text>
<p>Kobe rubber futures were mixed in the after-hours session on Monday, on light technical orders from local investors, traders said.</p>
<p>Prices ranged from 0.2 yen per kg lower to 0.3 yen higher than the day's close. Benchmark March was up 0.3 yen at 136.2.</p>
<p>Traders said the spot October contract's expiry this Friday will be a major market factor in the near term. &quot;We expect individual investors to adjust positions throughout this week,&quot; a brokerage house trader said.</p>
<p>Bumper rubber stocks in Japan are likely to cap the topside for a while, they said.</p>
</text>
<copyright>(c) Reuters Limited 1996</copyright>
<metadata>
<codes class="bip:countries:1.0">
  <code code="JAP">
    <editdetail attribution="Reuters BIP Coding Group" action="confirmed" date="1996-10-21"/>
  </code>
</codes>
<codes class="bip:topics:1.0">
  <code code="M14">
    <editdetail attribution="Reuters BIP Coding Group" action="confirmed" date="1996-10-21"/>
  </code>
  <code code="M141">
    <editdetail attribution="Reuters BIP Coding Group" action="confirmed" date="1996-10-21"/>
  </code>
  <code code="MCAT">
    <editdetail attribution="Reuters BIP Coding Group" action="confirmed" date="1996-10-21"/>
  </code>
</codes>
<dc element="dc.date.created" value="1996-10-21"/>
<dc element="dc.publisher" value="Reuters Holdings Plc"/>
<dc element="dc.date.published" value="1996-10-21"/>
<dc element="dc.source" value="Reuters"/>
<dc element="dc.creator.location" value="TOKYO"/>
<dc element="dc.creator.location.country.name" value="JAPAN"/>
<dc element="dc.source" value="Reuters"/>
</metadata>
</newsitem>
