<?xml version="1.0" encoding="iso-8859-1" ?>
<newsitem itemid="131960" id="root" date="1996-10-21" xml:lang="en">
<title>INDONESIA: Indonesia denies mulling partial autonomy in Timor.</title>
<headline>Indonesia denies mulling partial autonomy in Timor.</headline>
<dateline>JAKARTA 1996-10-21</dateline>
<text>
<p>Indonesia denied on Monday that it was considering granting partial autonomy to its troubled territory of East Timor.</p>
<p>The Portuguese weekly Expresso on Saturday quoted Jakarta's special ambassador for East Timor, Francisco Lopez da Cruz, as saying President Suharto had agreed to review the status of East Timor with a view to granting it partial autonomy.</p>
<p>Da Cruz told Reuters he had been misquoted.</p>
<p>&quot;For the time being, there is nothing at all,&quot; da Cruz said.</p>
<p>Da Cruz said he would meet Suharto later this month for a discussion on the former Portuguese colony and would then be able to comment more fully on Jakarta's plans for the territory.</p>
<p>Indonesia invaded East Timor in 1975 and annexed it a year later. The United Nations does not recognise Indonesian rule in East Timor, which lies about 500 kms (300 miles) north of Australia, and regards Portugal as the administering power.</p>
</text>
<copyright>(c) Reuters Limited 1996</copyright>
<metadata>
<codes class="bip:countries:1.0">
  <code code="INDON">
    <editdetail attribution="Reuters BIP Coding Group" action="confirmed" date="1996-10-21"/>
  </code>
  <code code="TIMOR">
    <editdetail attribution="Reuters BIP Coding Group" action="confirmed" date="1996-10-21"/>
  </code>
</codes>
<codes class="bip:topics:1.0">
  <code code="GCAT">
    <editdetail attribution="Reuters BIP Coding Group" action="confirmed" date="1996-10-21"/>
  </code>
  <code code="GPOL">
    <editdetail attribution="Reuters BIP Coding Group" action="confirmed" date="1996-10-21"/>
  </code>
</codes>
<dc element="dc.date.created" value="1996-10-21"/>
<dc element="dc.publisher" value="Reuters Holdings Plc"/>
<dc element="dc.date.published" value="1996-10-21"/>
<dc element="dc.source" value="Reuters"/>
<dc element="dc.creator.location" value="JAKARTA"/>
<dc element="dc.creator.location.country.name" value="INDONESIA"/>
<dc element="dc.source" value="Reuters"/>
</metadata>
</newsitem>
