<?xml version="1.0" encoding="iso-8859-1" ?>
<newsitem itemid="131919" id="root" date="1996-10-21" xml:lang="en">
<title>CHINA: PRESS DIGEST - Chinese newspapers - Oct 21.</title>
<headline>PRESS DIGEST - Chinese newspapers - Oct 21.</headline>
<text>
<p>Following is a summary of major Chinese political and business stories in leading newspapers, prepared by Reuters in Beijing. Reuters has not checked the stories and does not guarantee their accuracy. Telephone: (8610) 6532-1921. Fax: (8610) 6532-4978.</p>
<p>- - - -</p>
<p>PEOPLE'S DAILY</p>
<p>China publishes eight-part, 73,000-Chinese character book of writings by paramount leader Deng Xiaoping on the promotion of socialist ethical and cultural progress.</p>
<p>Front page article on September speech made by President Jiang Zemin in September calling on the country's news media to maintain the correct political direction and emphasising their role in guiding public opinion.</p>
<p>- - - -</p>
<p>CHINA DAILY</p>
<p>China's successful launch of research satellite on Sunday afternoon brings total number of satellites launched to 49 and shows space industry has become high-tech, experts say.</p>
<p>China to issue one billion yuan ($120 million) in three- and five-year bonds next month for the development of the huge Three Gorges dam project on the Yangtze River.</p>
<p>- - - -</p>
<p>XINHUA DAILY TELEGRAPH</p>
<p>High-ranking officials from the Central Committee of the Communist Party and the State Council, or cabinet, have considered more than 5,000 letters of complaint from citizens between 1990 and June 1996, helping to resolve many problems.</p>
<p>Northeastern China's Daqing oilfield strives to explore new industries while maintainging production of oil and petro-chemical products.</p>
<p>- - - -</p>
<p>CHINA SECURITIES</p>
<p>Central banks says China's broad M2 money supply falls by 2.69 percentage points year-on-year to the end of September, with M2 annual growth approaching target of 25 percent set earlier this year.</p>
</text>
<copyright>(c) Reuters Limited 1996</copyright>
<metadata>
<codes class="bip:countries:1.0">
  <code code="CHINA">
    <editdetail attribution="Reuters BIP Coding Group" action="confirmed" date="1996-10-21"/>
  </code>
</codes>
<codes class="bip:topics:1.0">
  <code code="GCAT">
    <editdetail attribution="Reuters BIP Coding Group" action="confirmed" date="1996-10-21"/>
  </code>
</codes>
<dc element="dc.publisher" value="Reuters Holdings Plc"/>
<dc element="dc.date.published" value="1996-10-21"/>
<dc element="dc.source" value="Reuters"/>
<dc element="dc.creator.location.country.name" value="CHINA"/>
<dc element="dc.source" value="Reuters"/>
</metadata>
</newsitem>
