<?xml version="1.0" encoding="iso-8859-1" ?>
<newsitem itemid="131925" id="root" date="1996-10-21" xml:lang="en">
<title>INDONESIA: PRESS DIGEST - Indonesian newspapers - Oct 21.</title>
<headline>PRESS DIGEST - Indonesian newspapers - Oct 21.</headline>
<text>
<p>The following are the leading stories in the Indonesian press on Oct 21. Reuters has not verified these stories and does not vouch for their accuracy. Telephone: (6221) 384-6364. Fax: (6221) 344-8404.</p>
<p>- - - -</p>
<p>KOMPAS</p>
<p>Boxing legend Muhammad Ali arrived in Jakarta to attend the Islamic Chambers of Commerce meeting on Monday. The three-times world heavyweight champion converted to Islam in the 1960s.</p>
<p>- - - -</p>
<p>JAKARTA POST</p>
<p>President Suharto, speaking at the ruling Golkar political party's 32nd anniversary on Sunday, said that competition was normal in politics. The president added, however, that next year's parliamentary elections should create unity and not conflict in society.</p>
<p>PT Bakrie Investindo, a unit of Bakrie Brothers, has been given the go-ahead by Indonesia to produce vans next year with an investment of US$ 100 million. The company plans to start trial production in September 1997.</p>
<p>- - - -</p>
<p>MERDEKA</p>
<p>Indonesia's ruling Golkar political party set out nine qualities that any future president of the republic should embody. These included patriotism and pushing forward national development.</p>
<p>- - - -</p>
<p>REPUBLIKA</p>
<p>Allegations that Indonesia's Lippo Group funded President Bill Clinton's Democratic Party are still filling the pages of the American press, although the news has died down here.</p>
<p>- - - -</p>
<p>BISNIS INDONESIA</p>
<p>Dow Chemicals has bought a majority stake in one of the subsidiaries of manufacturing company Bukaka Teknik Utama which is expected to build a 1.2 trillion rupiah petrochemical project.</p>
</text>
<copyright>(c) Reuters Limited 1996</copyright>
<metadata>
<codes class="bip:countries:1.0">
  <code code="INDON">
    <editdetail attribution="Reuters BIP Coding Group" action="confirmed" date="1996-10-21"/>
  </code>
</codes>
<codes class="bip:topics:1.0">
  <code code="GCAT">
    <editdetail attribution="Reuters BIP Coding Group" action="confirmed" date="1996-10-21"/>
  </code>
</codes>
<dc element="dc.publisher" value="Reuters Holdings Plc"/>
<dc element="dc.date.published" value="1996-10-21"/>
<dc element="dc.source" value="Reuters"/>
<dc element="dc.creator.location.country.name" value="INDONESIA"/>
<dc element="dc.source" value="Reuters"/>
</metadata>
</newsitem>
