<?xml version="1.0" encoding="iso-8859-1" ?>
<newsitem itemid="131991" id="root" date="1996-10-21" xml:lang="en">
<title>INDONESIA: Indonesia coffee prices off as London, NY battered.</title>
<headline>Indonesia coffee prices off as London, NY battered.</headline>
<dateline>JAKARTA 1996-10-21</dateline>
<text>
<p>Indonesian coffee prices slid on Monday following a pounding of New York and London values last Friday, traders said.</p>
<p>They said grade four robusta was quoted at 2,600-50 rupiah/kg in the key growing region of Lampung in South Sumatra, compared with 2,700-800 rupiah a week ago.</p>
<p>The export price fob Lampung was quoted at around $1,200/tonne, down from $1,230 last week.</p>
<p>&quot;Local prices are adjusting to the falls in New York and London,&quot; one Lampung trader said. &quot;I think London prices will be stable on support when the market opens today.&quot;</p>
</text>
<copyright>(c) Reuters Limited 1996</copyright>
<metadata>
<codes class="bip:countries:1.0">
  <code code="INDON">
    <editdetail attribution="Reuters BIP Coding Group" action="confirmed" date="1996-10-21"/>
  </code>
</codes>
<codes class="bip:topics:1.0">
  <code code="M14">
    <editdetail attribution="Reuters BIP Coding Group" action="confirmed" date="1996-10-21"/>
  </code>
  <code code="M141">
    <editdetail attribution="Reuters BIP Coding Group" action="confirmed" date="1996-10-21"/>
  </code>
  <code code="MCAT">
    <editdetail attribution="Reuters BIP Coding Group" action="confirmed" date="1996-10-21"/>
  </code>
</codes>
<dc element="dc.date.created" value="1996-10-21"/>
<dc element="dc.publisher" value="Reuters Holdings Plc"/>
<dc element="dc.date.published" value="1996-10-21"/>
<dc element="dc.source" value="Reuters"/>
<dc element="dc.creator.location" value="JAKARTA"/>
<dc element="dc.creator.location.country.name" value="INDONESIA"/>
<dc element="dc.source" value="Reuters"/>
</metadata>
</newsitem>
