<?xml version="1.0" encoding="iso-8859-1" ?>
<newsitem itemid="131987" id="root" date="1996-10-21" xml:lang="en">
<title>JAPAN: Tokyo rubber futures end mixed in thin trade.</title>
<headline>Tokyo rubber futures end mixed in thin trade.</headline>
<dateline>TOKYO 1996-10-21</dateline>
<text>
<p>Tokyo rubber futures ended mixed in thin trade on Monday as market players retreated to the sidelines ahead of the spot expiry on Friday, traders said.</p>
<p>Prices ranged from 0.9 yen per kg lower to 0.5 yen firmer. Benchmark March was up 0.5 yen at 136.4 yen.</p>
<p>Activity was mainly dominated by position-adjustment trade, with prices drifting within ranges in directionless trade.</p>
<p>&quot;Market players believed it would be risky to make fresh buying as bumper rubber stocks cast a shadow on the market, while lower prices here relative to producing countries and a weak yen made players cautious of selling,&quot; one trader said.</p>
</text>
<copyright>(c) Reuters Limited 1996</copyright>
<metadata>
<codes class="bip:countries:1.0">
  <code code="JAP">
    <editdetail attribution="Reuters BIP Coding Group" action="confirmed" date="1996-10-21"/>
  </code>
</codes>
<codes class="bip:topics:1.0">
  <code code="M14">
    <editdetail attribution="Reuters BIP Coding Group" action="confirmed" date="1996-10-21"/>
  </code>
  <code code="M141">
    <editdetail attribution="Reuters BIP Coding Group" action="confirmed" date="1996-10-21"/>
  </code>
  <code code="MCAT">
    <editdetail attribution="Reuters BIP Coding Group" action="confirmed" date="1996-10-21"/>
  </code>
</codes>
<dc element="dc.date.created" value="1996-10-21"/>
<dc element="dc.publisher" value="Reuters Holdings Plc"/>
<dc element="dc.date.published" value="1996-10-21"/>
<dc element="dc.source" value="Reuters"/>
<dc element="dc.creator.location" value="TOKYO"/>
<dc element="dc.creator.location.country.name" value="JAPAN"/>
<dc element="dc.source" value="Reuters"/>
</metadata>
</newsitem>
