<?xml version="1.0" encoding="iso-8859-1" ?>
<newsitem itemid="131996" id="root" date="1996-10-21" xml:lang="en">
<title>SOUTH KOREA: S.Korean firms to seek 52,500 T of U.S. corn.</title>
<headline>S.Korean firms to seek 52,500 T of U.S. corn.</headline>
<dateline>SEOUL 1996-10-21</dateline>
<text>
<p>South Korean feed mill companies including Miwon Co Ltd, Woo Sung Feed Mill Co Ltd and Purina Korea have invited tenders for 52,500 tonnes of U.S. No.3 yellow corn by 2:00 p.m. (0500 GMT) on Tuesday, traders said on Monday.  </p>
<p>Traders said shipment was slated for February 14-March 5 if from the Pacific Northwest or for February 1-20 if from the U.S. Gulf.</p>
<p>Arrival was scheduled for March 20 to the western port cities of Inchon and Kunsan.</p>
<p>--Seoul Newsroom (822) 727 5651</p>
</text>
<copyright>(c) Reuters Limited 1996</copyright>
<metadata>
<codes class="bip:countries:1.0">
  <code code="SKOREA">
    <editdetail attribution="Reuters BIP Coding Group" action="confirmed" date="1996-10-21"/>
  </code>
  <code code="USA">
    <editdetail attribution="Reuters BIP Coding Group" action="confirmed" date="1996-10-21"/>
  </code>
</codes>
<codes class="bip:topics:1.0">
  <code code="M14">
    <editdetail attribution="Reuters BIP Coding Group" action="confirmed" date="1996-10-21"/>
  </code>
  <code code="M141">
    <editdetail attribution="Reuters BIP Coding Group" action="confirmed" date="1996-10-21"/>
  </code>
  <code code="MCAT">
    <editdetail attribution="Reuters BIP Coding Group" action="confirmed" date="1996-10-21"/>
  </code>
</codes>
<dc element="dc.date.created" value="1996-10-21"/>
<dc element="dc.publisher" value="Reuters Holdings Plc"/>
<dc element="dc.date.published" value="1996-10-21"/>
<dc element="dc.source" value="Reuters"/>
<dc element="dc.creator.location" value="SEOUL"/>
<dc element="dc.creator.location.country.name" value="SOUTH KOREA"/>
<dc element="dc.source" value="Reuters"/>
</metadata>
</newsitem>
