<?xml version="1.0" encoding="iso-8859-1" ?>
<newsitem itemid="131939" id="root" date="1996-10-21" xml:lang="en">
<title>PHILIPPINES: Philippine coconut products average weekly prices.</title>
<headline>Philippine coconut products average weekly prices.</headline>
<dateline>MANILA 1996-10-21</dateline>
<text>
<p>Following are average weekly prices for Philippine coconut products. The prices are based on trades carried out through the United Coconut Associations of the Philippines.</p>
<p>International prices (dollars per tonne CIF Europe)</p>
<p>		  (Nearest Forward shipments)</p>
<p>COCONUT OIL</p>
<p>Europe</p>
<p>($/tonne CIF)</p>
<p>			     Oct 19	    Oct 12</p>
<p>    Sellers		718		 732.25</p>
<p>    Buyers		 712.25	    724.5</p>
<p>    Traded		 713		 730</p>
<p>EUROPE</p>
<p>($/tonne FOB)</p>
<p>    Sellers	     690		  707.5</p>
<p>    Buyers		679.25	     698.25</p>
<p>    Traded		NQ		   706.25</p>
<p>US EAST (Bulk Oil)</p>
<p>(cents/lb CIF)</p>
<p>     Sellers	    33		   33.75</p>
<p>     Buyers	     32.75		33.0</p>
<p>     Traded	     NQ		   NQ</p>
<p>US West Coast</p>
<p>(cents/lb CIF)</p>
<p>    Sellers	     NQ		    NQ</p>
<p>    Buyers		NQ		    NQ</p>
<p>    Traded		NQ		    NQ</p>
<p>COPRA</p>
<p>EUROPE</p>
<p>($/tonne CIF)</p>
<p>    Sellers	     NQ		    NQ</p>
<p>    Buyers		NQ		    NQ</p>
<p>    Traded		NQ		    NQ</p>
<p>COPRA EXPELLER PELLETS</p>
<p>Europe</p>
<p>($/tonne CIF)</p>
<p>    Sellers		138.25	    137.75</p>
<p>    Buyers		 NQ		  NQ</p>
<p>    Traded		 NQ		  NQ</p>
<p>COPRA SOLVENT PELLETS</p>
<p>Europe</p>
<p>($/tonne CIF)</p>
<p>    Sellers		128.75	    128.50</p>
<p>    Buyers		 NQ		  NQ</p>
<p>    Traded		 NQ		  NQ</p>
<p>			     ***</p>
<p>DOMESTIC PRICES</p>
<p>COPRA (pesos per 100 kg in Manila)</p>
<p>    Sellers	     1,285		   1,285</p>
<p>    Buyers		1,254		   1,259</p>
<p>    Traded		1,280		   NQ</p>
<p>CRUDE COCONUT OIL (pesos per kilo)</p>
<p>    Sellers		21.27		  21.46</p>
<p>    Buyers		 20.33		  20.47</p>
<p>    Traded		 21.05		  NQ</p>
<p>REFINED COCONUT OIL (pesos per kilo)</p>
<p>    Sellers		23.54		  23.83</p>
<p>    Buyers		 NQ		     23.25</p>
<p>    Traded		 NQ		     NQ</p>
<p>COPRA MEAL PELLETS (pesos per kilo)</p>
<p>    Sellers		4.12		   4.18</p>
<p>		   *NQ - No quotes</p>
<p>-- Manila newsroom (632) 841-8936, fax 817-6267</p>
</text>
<copyright>(c) Reuters Limited 1996</copyright>
<metadata>
<codes class="bip:countries:1.0">
  <code code="PHLNS">
    <editdetail attribution="Reuters BIP Coding Group" action="confirmed" date="1996-10-21"/>
  </code>
</codes>
<codes class="bip:topics:1.0">
  <code code="M14">
    <editdetail attribution="Reuters BIP Coding Group" action="confirmed" date="1996-10-21"/>
  </code>
  <code code="M141">
    <editdetail attribution="Reuters BIP Coding Group" action="confirmed" date="1996-10-21"/>
  </code>
  <code code="MCAT">
    <editdetail attribution="Reuters BIP Coding Group" action="confirmed" date="1996-10-21"/>
  </code>
</codes>
<dc element="dc.date.created" value="1996-10-21"/>
<dc element="dc.publisher" value="Reuters Holdings Plc"/>
<dc element="dc.date.published" value="1996-10-21"/>
<dc element="dc.source" value="Reuters"/>
<dc element="dc.creator.location" value="MANILA"/>
<dc element="dc.creator.location.country.name" value="PHILIPPINES"/>
<dc element="dc.source" value="Reuters"/>
</metadata>
</newsitem>
