<?xml version="1.0" encoding="iso-8859-1" ?>
<newsitem itemid="131998" id="root" date="1996-10-21" xml:lang="en">
<title>THAILAND: Thailand to start 96/97 sugar cane crushing Nov 5.</title>
<headline>Thailand to start 96/97 sugar cane crushing Nov 5.</headline>
<dateline>BANGKOK 1996-10-21</dateline>
<text>
<p>Thailand will begin its sugar cane crushing for 1996/97 (November-October) on November 5, an industry ministry official said on Monday.</p>
<p>The crushing that begins on November 5 applies to mills in northeastern region where 11 out of 46 sugar cane crushing mills are located, she said.  </p>
<p>The crushing scheduled for the central, northern and eastern regions will be decided later this month by a tripartite committee comprising government representatives, farmers and millers.</p>
<p>The decision is usually based on weather conditions and the readiness of the cane and the mills.</p>
<p>Mills in the northeastern region traditionally start crushing in early November while those in the northern and central area start crushing in December.</p>
<p>There are 46 sugar cane crushing mills at present, 19 in central region, 11 in the northeast, 10 in the north and 6 in the east.</p>
<p>The agriculture ministry on Monday revised the 1996/97 sugar cane output forecast to 61.53 million tonnes from its previous 62.42 million tonne projection due to floods.</p>
<p>-- Bangkok newsroom (662) 652-0642</p>
</text>
<copyright>(c) Reuters Limited 1996</copyright>
<metadata>
<codes class="bip:countries:1.0">
  <code code="THAIL">
    <editdetail attribution="Reuters BIP Coding Group" action="confirmed" date="1996-10-21"/>
  </code>
</codes>
<codes class="bip:industries:1.0">
  <code code="I01001">
    <editdetail attribution="Reuters BIP Coding Group" action="confirmed" date="1996-10-21"/>
  </code>
  <code code="I0100136">
    <editdetail attribution="Reuters BIP Coding Group" action="confirmed" date="1996-10-21"/>
  </code>
  <code code="I42000">
    <editdetail attribution="Reuters BIP Coding Group" action="confirmed" date="1996-10-21"/>
  </code>
</codes>
<codes class="bip:topics:1.0">
  <code code="C21">
    <editdetail attribution="Reuters BIP Coding Group" action="confirmed" date="1996-10-21"/>
  </code>
  <code code="C24">
    <editdetail attribution="Reuters BIP Coding Group" action="confirmed" date="1996-10-21"/>
  </code>
  <code code="CCAT">
    <editdetail attribution="Reuters BIP Coding Group" action="confirmed" date="1996-10-21"/>
  </code>
  <code code="M14">
    <editdetail attribution="Reuters BIP Coding Group" action="confirmed" date="1996-10-21"/>
  </code>
  <code code="M141">
    <editdetail attribution="Reuters BIP Coding Group" action="confirmed" date="1996-10-21"/>
  </code>
  <code code="MCAT">
    <editdetail attribution="Reuters BIP Coding Group" action="confirmed" date="1996-10-21"/>
  </code>
</codes>
<dc element="dc.date.created" value="1996-10-21"/>
<dc element="dc.publisher" value="Reuters Holdings Plc"/>
<dc element="dc.date.published" value="1996-10-21"/>
<dc element="dc.source" value="Reuters"/>
<dc element="dc.creator.location" value="BANGKOK"/>
<dc element="dc.creator.location.country.name" value="THAILAND"/>
<dc element="dc.source" value="Reuters"/>
</metadata>
</newsitem>
