<?xml version="1.0" encoding="iso-8859-1" ?>
<newsitem itemid="131930" id="root" date="1996-10-21" xml:lang="en">
<title>MALAYSIA: Ringgit stuck in tight range on lack of interest.</title>
<headline>Ringgit stuck in tight range on lack of interest.</headline>
<dateline>KUALA LUMPUR 1996-10-21</dateline>
<text>
<p>The ringgit was stuck in a tight range towards the end of the Asian day on lack of trading interest ahead of Malaysia's annual budget on October 25, dealers said on Monday.</p>
<p>&quot;There is hardly any interest. Trading is in a real tight range,&quot; said a dealer with a Kuala Lumpur-based bank.</p>
<p>He said there was mild ringgit buying in late afternoon trading, which moved dollar/ringgit by five points.</p>
<p>At 0900 GMT, the ringgit was at 2.5064/69 a dollar against 2.5064/75 at close of Kuala Lumpur on Friday.  </p>
<p>But forecasts for the ringgit's movement were mixed.</p>
<p>Some said the ringgit would continue easing against the dollar, which is expected to remain strong against majors.</p>
<p>&quot;It will move higher in response to the big dollar's movement,&quot; a Singapore-based European bank dealer said.</p>
<p>&quot;But there is selling interest from funds around 2.5080 level, which may slow down the ringgit's decline,&quot; he said.</p>
<p>But others said it would be rangebound ahead of the annual budget to be unveiled on October 25.</p>
<p>&quot;I think it will range-trade before the budget,&quot; a dealer with a Malaysian bank said. - Madhav Reddy (603-230 8911)</p>
</text>
<copyright>(c) Reuters Limited 1996</copyright>
<metadata>
<codes class="bip:countries:1.0">
  <code code="MALAY">
    <editdetail attribution="Reuters BIP Coding Group" action="confirmed" date="1996-10-21"/>
  </code>
</codes>
<codes class="bip:topics:1.0">
  <code code="M13">
    <editdetail attribution="Reuters BIP Coding Group" action="confirmed" date="1996-10-21"/>
  </code>
  <code code="M132">
    <editdetail attribution="Reuters BIP Coding Group" action="confirmed" date="1996-10-21"/>
  </code>
  <code code="MCAT">
    <editdetail attribution="Reuters BIP Coding Group" action="confirmed" date="1996-10-21"/>
  </code>
</codes>
<dc element="dc.date.created" value="1996-10-21"/>
<dc element="dc.publisher" value="Reuters Holdings Plc"/>
<dc element="dc.date.published" value="1996-10-21"/>
<dc element="dc.source" value="Reuters"/>
<dc element="dc.creator.location" value="KUALA LUMPUR"/>
<dc element="dc.creator.location.country.name" value="MALAYSIA"/>
<dc element="dc.source" value="Reuters"/>
</metadata>
</newsitem>
