<?xml version="1.0" encoding="iso-8859-1" ?>
<newsitem itemid="131929" id="root" date="1996-10-21" xml:lang="en">
<title>SINGAPORE: Singapore rubber ends flat in lifeless trading.</title>
<headline>Singapore rubber ends flat in lifeless trading.</headline>
<dateline>SINGAPORE 1996-10-21</dateline>
<text>
<p>Rubber futures closed almost flat on Monday in thin, aimless trading with the thin volume in Japan weighing on the local market, dealers said.</p>
<p>The absence of fresh buying from major consumers and flat offtake in a local exchange looking for fresh factors conspired to depress the market, the traders said.</p>
<p>&quot;It's quiet and boring. Nothing substantial has been done. It's a sleepy market looking for news to give it some life,&quot; a local rubber trader said. Traders said the market will drift through most of the week and see if the spot expiry in Japan on Friday will trigger any movement in the market.  </p>
<p>&quot;Even Japan is dead ahead of the expiry. Volume was so poor today,&quot; another rubber dealer said.</p>
<p>At around 0945 GMT, December RSS3 was seen at 124.50-125.50 U.S. cents a kg from 125.25 cents.</p>
<p>December RSS1 was seen at 177.00-178.00 Singapore cents (US$1.25-$1.26) a kg from the previous 178.00 cents.</p>
<p>December TSR20 was seen at 172.00-173.00 Singapore cents (US$1.22-$1.23) a kg against the previous 173.25 cents.</p>
<p>(US$1-S$1.41) -- Rene Pastor (65-870-3305)</p>
</text>
<copyright>(c) Reuters Limited 1996</copyright>
<metadata>
<codes class="bip:countries:1.0">
  <code code="JAP">
    <editdetail attribution="Reuters BIP Coding Group" action="confirmed" date="1996-10-21"/>
  </code>
  <code code="SINGP">
    <editdetail attribution="Reuters BIP Coding Group" action="confirmed" date="1996-10-21"/>
  </code>
</codes>
<codes class="bip:topics:1.0">
  <code code="M14">
    <editdetail attribution="Reuters BIP Coding Group" action="confirmed" date="1996-10-21"/>
  </code>
  <code code="M141">
    <editdetail attribution="Reuters BIP Coding Group" action="confirmed" date="1996-10-21"/>
  </code>
  <code code="MCAT">
    <editdetail attribution="Reuters BIP Coding Group" action="confirmed" date="1996-10-21"/>
  </code>
</codes>
<dc element="dc.date.created" value="1996-10-21"/>
<dc element="dc.publisher" value="Reuters Holdings Plc"/>
<dc element="dc.date.published" value="1996-10-21"/>
<dc element="dc.source" value="Reuters"/>
<dc element="dc.creator.location" value="SINGAPORE"/>
<dc element="dc.creator.location.country.name" value="SINGAPORE"/>
<dc element="dc.source" value="Reuters"/>
</metadata>
</newsitem>
