<?xml version="1.0" encoding="iso-8859-1" ?>
<newsitem itemid="131951" id="root" date="1996-10-21" xml:lang="en">
<title>TAIWAN: Chang Hwa Bank cuts prime lending rate.</title>
<headline>Chang Hwa Bank cuts prime lending rate.</headline>
<dateline>TAIPEI 1996-10-21</dateline>
<text>
<p>Chang Hwa Bank, one of Taiwan's &quot;big three&quot; state banks, said on Monday it was cutting its prime lending rate by 0.025 percentage points to 7.525 percent, effective on Tuesday.</p>
<p>Chang Hwa was cutting its various time deposit rates by between 0.10 and 0.25 percentage points, also effective on Tuesday, the bank said in a statement.  </p>
<p>The other two &quot;big three&quot; banks, Hua Nan Bank and First Commercial Bank, on Saturday announced they would cut their prime lending rates by the same 0.025 percentage points to 7.525 percent, effective from Monday.</p>
<p>Recent loose liquidity has forced the island's major banks to lower rates. Taiwan's largest state-run commercial bank, Bank of Taiwan, cut its rates on October 16.</p>
<p>-- Taipei Newsroom (5080815)</p>
</text>
<copyright>(c) Reuters Limited 1996</copyright>
<metadata>
<codes class="bip:countries:1.0">
  <code code="TAIWAN">
    <editdetail attribution="Reuters BIP Coding Group" action="confirmed" date="1996-10-21"/>
  </code>
</codes>
<codes class="bip:industries:1.0">
  <code code="I81402">
    <editdetail attribution="Reuters BIP Coding Group" action="confirmed" date="1996-10-21"/>
  </code>
</codes>
<codes class="bip:topics:1.0">
  <code code="C31">
    <editdetail attribution="Reuters BIP Coding Group" action="confirmed" date="1996-10-21"/>
  </code>
  <code code="CCAT">
    <editdetail attribution="Reuters BIP Coding Group" action="confirmed" date="1996-10-21"/>
  </code>
</codes>
<dc element="dc.date.created" value="1996-10-21"/>
<dc element="dc.publisher" value="Reuters Holdings Plc"/>
<dc element="dc.date.published" value="1996-10-21"/>
<dc element="dc.source" value="Reuters"/>
<dc element="dc.creator.location" value="TAIPEI"/>
<dc element="dc.creator.location.country.name" value="TAIWAN"/>
<dc element="dc.source" value="Reuters"/>
</metadata>
</newsitem>
