<?xml version="1.0" encoding="iso-8859-1" ?>
<newsitem itemid="131969" id="root" date="1996-10-21" xml:lang="en">
<title>MALAYSIA: Bank Negara's reserves increase to 68.52 bln rgt.</title>
<headline>Bank Negara's reserves increase to 68.52 bln rgt.</headline>
<dateline>KUALA LUMPUR 1996-10-21</dateline>
<text>
<p>Bank Negara's gold, foreign exchange and other reserves increased to 68.52 billion ringgit as at October 15, 1996 compared with 67.87 billion a fortnight earlier, the Bank said in a statement.</p>
<p>The central bank said its total assets and liabilities rose</p>
<p>to 95.56 billion ringgit from 94.99 billion two weeks earlier.</p>
<p>(In bln rgt)    Oct 15, 1996    Sept 30,1996   Oct 14, 1995</p>
<p>Reserves	    68.52		67.87	    65.90</p>
<p>Assets		95.56		94.99	    91.45</p>
<p>Currency	    19.82		19.97	    18.02</p>
<p>Govt paper	   3.0		  3.06	     1.90</p>
<p>- Kuala Lumpur newsroom (603-230 8911)</p>
</text>
<copyright>(c) Reuters Limited 1996</copyright>
<metadata>
<codes class="bip:countries:1.0">
  <code code="MALAY">
    <editdetail attribution="Reuters BIP Coding Group" action="confirmed" date="1996-10-21"/>
  </code>
</codes>
<codes class="bip:topics:1.0">
  <code code="E51">
    <editdetail attribution="Reuters BIP Coding Group" action="confirmed" date="1996-10-21"/>
  </code>
  <code code="E513">
    <editdetail attribution="Reuters BIP Coding Group" action="confirmed" date="1996-10-21"/>
  </code>
  <code code="ECAT">
    <editdetail attribution="Reuters BIP Coding Group" action="confirmed" date="1996-10-21"/>
  </code>
</codes>
<dc element="dc.date.created" value="1996-10-21"/>
<dc element="dc.publisher" value="Reuters Holdings Plc"/>
<dc element="dc.date.published" value="1996-10-21"/>
<dc element="dc.source" value="Reuters"/>
<dc element="dc.creator.location" value="KUALA LUMPUR"/>
<dc element="dc.creator.location.country.name" value="MALAYSIA"/>
<dc element="dc.source" value="Reuters"/>
</metadata>
</newsitem>
