<?xml version="1.0" encoding="iso-8859-1" ?>
<newsitem itemid="131975" id="root" date="1996-10-21" xml:lang="en">
<title>JAPAN: Kawasumi sets terms on convertible bonds.</title>
<headline>Kawasumi sets terms on convertible bonds.</headline>
<dateline>TOKYO 1996-10-21</dateline>
<text>
<p>BORROWER - Kawasumi Laboratories</p>
<p>Inc</p>
<p>LEAD MGR - Yamaichi Bank (Switzerland)</p>
<p> TYPE Euroyen convertible		   AMT   4 bln yen</p>
<p> COUPON 0.0 percent   ISSU PRICE	  MATURITY 14.Nov.2000</p>
<p> CONV PRICE	     CURR RATE</p>
<p>CONV FROM 28.Nov.96  CONV TO 7.Nov.2000</p>
<p> LAST MOODY'S	   PAY DATE 14.Nov.96  INT PAY</p>
<p> LAST S&amp;P		 SIGN DATE	     SUB DATE</p>
<p> LAST JCR		 LAST JBRI	     LAST NIS</p>
<p>The conversion price will be decided on Oct 29.</p>
</text>
<copyright>(c) Reuters Limited 1996</copyright>
<metadata>
<codes class="bip:countries:1.0">
  <code code="JAP">
    <editdetail attribution="Reuters BIP Coding Group" action="confirmed" date="1996-10-21"/>
  </code>
</codes>
<codes class="bip:industries:1.0">
  <code code="I37200">
    <editdetail attribution="Reuters BIP Coding Group" action="confirmed" date="1996-10-21"/>
  </code>
</codes>
<codes class="bip:topics:1.0">
  <code code="C17">
    <editdetail attribution="Reuters BIP Coding Group" action="confirmed" date="1996-10-21"/>
  </code>
  <code code="C172">
    <editdetail attribution="Reuters BIP Coding Group" action="confirmed" date="1996-10-21"/>
  </code>
  <code code="CCAT">
    <editdetail attribution="Reuters BIP Coding Group" action="confirmed" date="1996-10-21"/>
  </code>
</codes>
<dc element="dc.date.created" value="1996-10-21"/>
<dc element="dc.publisher" value="Reuters Holdings Plc"/>
<dc element="dc.date.published" value="1996-10-21"/>
<dc element="dc.source" value="Reuters"/>
<dc element="dc.creator.location" value="TOKYO"/>
<dc element="dc.creator.location.country.name" value="JAPAN"/>
<dc element="dc.source" value="Reuters"/>
</metadata>
</newsitem>
