<?xml version="1.0" encoding="iso-8859-1" ?>
<newsitem itemid="131935" id="root" date="1996-10-21" xml:lang="en">
<title>MALAYSIA: Malaysia rubber ends up but buying stays scarce.</title>
<headline>Malaysia rubber ends up but buying stays scarce.</headline>
<dateline>KUALA LUMPUR 1996-10-21</dateline>
<text>
<p>Malaysian rubber prices retained midday gains to end higher on the back of strong Tokyo futures, dealers said.</p>
<p>But trading was featureless and dull with both buyers and sellers not eager to commit, dealers said.</p>
<p>At the close, the Malaysian Rubber Exchange and Licensing Board (MRELB) quoted market indicator price for November RSS 1 buyer at 310.50 cents ($1.24) a kg, up half cent from Friday. November SMR 20 buyer was unchanged at 306.50.</p>
<p>Traders offered the SMR 20 at 305 cents, SMR10 at 306, SMR 5 at 316, SMR L at 342, SMR CV at 363 and drum latex at 235.  </p>
<p>&quot;I'll call it the Monday blues if the market hasn't been so bad this month,&quot; said a dealer.</p>
<p>Traders said buyers were looking at lower prices while producers were trying to hold at current levels. Rains since early October have seen little tapping activity at rubber estates, and producers are unhappy that this has not converted into higher prices at the market.</p>
<p>The INRO five-day average fell to 238.69 Malaysian/Singapore cents per kg on Oct 18 from 238.77 on Oct 17. The daily indicator fell to 238.98 from 238.77 previously.</p>
<p>-- Barani Krishnaan (603-230-7510) ($1=2.5070 ringgit)</p>
</text>
<copyright>(c) Reuters Limited 1996</copyright>
<metadata>
<codes class="bip:countries:1.0">
  <code code="JAP">
    <editdetail attribution="Reuters BIP Coding Group" action="confirmed" date="1996-10-21"/>
  </code>
  <code code="MALAY">
    <editdetail attribution="Reuters BIP Coding Group" action="confirmed" date="1996-10-21"/>
  </code>
</codes>
<codes class="bip:topics:1.0">
  <code code="M14">
    <editdetail attribution="Reuters BIP Coding Group" action="confirmed" date="1996-10-21"/>
  </code>
  <code code="M141">
    <editdetail attribution="Reuters BIP Coding Group" action="confirmed" date="1996-10-21"/>
  </code>
  <code code="MCAT">
    <editdetail attribution="Reuters BIP Coding Group" action="confirmed" date="1996-10-21"/>
  </code>
</codes>
<dc element="dc.date.created" value="1996-10-21"/>
<dc element="dc.publisher" value="Reuters Holdings Plc"/>
<dc element="dc.date.published" value="1996-10-21"/>
<dc element="dc.source" value="Reuters"/>
<dc element="dc.creator.location" value="KUALA LUMPUR"/>
<dc element="dc.creator.location.country.name" value="MALAYSIA"/>
<dc element="dc.source" value="Reuters"/>
</metadata>
</newsitem>
