<?xml version="1.0" encoding="iso-8859-1" ?>
<newsitem itemid="131922" id="root" date="1996-10-21" xml:lang="en">
<title>PHILIPPINES: Manila call loan rate rises on weekend covering.</title>
<headline>Manila call loan rate rises on weekend covering.</headline>
<dateline>MANILA 1996-10-21</dateline>
<text>
<p>---------------------- Oct 21 --------------------------</p>
<p>*Central Bank stops buying one-year bills</p>
<p>---------------------------------------------------------</p>
<p>Philippine interbank call loan rates rose on Monday as banks covered their reserve positions for the weekend, traders said.</p>
<p>The average rate rose to 11.34375 from 11.0625 percent, with done rates ranging from 12.0 to 11.0625.</p>
<p>&quot;It's usually up on a Monday,&quot; a dealer said.</p>
<p>&quot;Some big banks had become borrowers,&quot; a second trader said.</p>
</text>
<copyright>(c) Reuters Limited 1996</copyright>
<metadata>
<codes class="bip:countries:1.0">
  <code code="PHLNS">
    <editdetail attribution="Reuters BIP Coding Group" action="confirmed" date="1996-10-21"/>
  </code>
</codes>
<codes class="bip:topics:1.0">
  <code code="M13">
    <editdetail attribution="Reuters BIP Coding Group" action="confirmed" date="1996-10-21"/>
  </code>
  <code code="M131">
    <editdetail attribution="Reuters BIP Coding Group" action="confirmed" date="1996-10-21"/>
  </code>
  <code code="MCAT">
    <editdetail attribution="Reuters BIP Coding Group" action="confirmed" date="1996-10-21"/>
  </code>
</codes>
<dc element="dc.date.created" value="1996-10-21"/>
<dc element="dc.publisher" value="Reuters Holdings Plc"/>
<dc element="dc.date.published" value="1996-10-21"/>
<dc element="dc.source" value="Reuters"/>
<dc element="dc.creator.location" value="MANILA"/>
<dc element="dc.creator.location.country.name" value="PHILIPPINES"/>
<dc element="dc.source" value="Reuters"/>
</metadata>
</newsitem>
