<?xml version="1.0" encoding="iso-8859-1" ?>
<newsitem itemid="131967" id="root" date="1996-10-21" xml:lang="en">
<title>JAPAN: Japan doesn't need stimulative extra budget -- MOF.</title>
<headline>Japan doesn't need stimulative extra budget -- MOF.</headline>
<dateline>TOKYO 1996-10-21</dateline>
<text>
<p>There is no need for Japan to consider an extra stimulative budget at present, Vice Finance Minister Tadashi Ogawa told a news conference on Monday.  </p>
<p>Asked about the need to formulate an extra budget for the current fiscal year, ending next March, to stimulate the economy, Ogawa said: &quot;At present I don't think the situation warrants starting to discuss such things. At the same time, we must watch economic conditions carefully.&quot;</p>
<p>Japan's economy is steadily recovering, although the pace is gradual, he said. &quot;At the moment we should smoothly implement the state budget for fiscal 1996/97 and hope the economic recovery will strengthen.&quot;</p>
</text>
<copyright>(c) Reuters Limited 1996</copyright>
<metadata>
<codes class="bip:countries:1.0">
  <code code="JAP">
    <editdetail attribution="Reuters BIP Coding Group" action="confirmed" date="1996-10-21"/>
  </code>
</codes>
<codes class="bip:topics:1.0">
  <code code="E21">
    <editdetail attribution="Reuters BIP Coding Group" action="confirmed" date="1996-10-21"/>
  </code>
  <code code="E211">
    <editdetail attribution="Reuters BIP Coding Group" action="confirmed" date="1996-10-21"/>
  </code>
  <code code="ECAT">
    <editdetail attribution="Reuters BIP Coding Group" action="confirmed" date="1996-10-21"/>
  </code>
</codes>
<dc element="dc.date.created" value="1996-10-21"/>
<dc element="dc.publisher" value="Reuters Holdings Plc"/>
<dc element="dc.date.published" value="1996-10-21"/>
<dc element="dc.source" value="Reuters"/>
<dc element="dc.creator.location" value="TOKYO"/>
<dc element="dc.creator.location.country.name" value="JAPAN"/>
<dc element="dc.source" value="Reuters"/>
</metadata>
</newsitem>
