<?xml version="1.0" encoding="iso-8859-1" ?>
<newsitem itemid="131909" id="root" date="1996-10-21" xml:lang="en">
<title>PHILIPPINES: Manila opening coconut oil/copra prices.</title>
<headline>Manila opening coconut oil/copra prices.</headline>
<dateline>MANILA 1996-10-21</dateline>
<text>
<p>Opening Manila coconut oil prices as reported by the United Coconut Associations of the Philippines.</p>
<p>Copra (pesos per 100 kg fob Manila)</p>
<p>	     Buyers     Sellers    Last    Prev</p>
<p>	     1,230	1,265	none    1,255</p>
<p>Coconut oil (pesos per kg fob Manila)</p>
<p>	     Buyers     Sellers    Last    Prev</p>
<p>	     20.00	21.10	none    none</p>
</text>
<copyright>(c) Reuters Limited 1996</copyright>
<metadata>
<codes class="bip:countries:1.0">
  <code code="PHLNS">
    <editdetail attribution="Reuters BIP Coding Group" action="confirmed" date="1996-10-21"/>
  </code>
</codes>
<codes class="bip:topics:1.0">
  <code code="M14">
    <editdetail attribution="Reuters BIP Coding Group" action="confirmed" date="1996-10-21"/>
  </code>
  <code code="M141">
    <editdetail attribution="Reuters BIP Coding Group" action="confirmed" date="1996-10-21"/>
  </code>
  <code code="MCAT">
    <editdetail attribution="Reuters BIP Coding Group" action="confirmed" date="1996-10-21"/>
  </code>
</codes>
<dc element="dc.date.created" value="1996-10-21"/>
<dc element="dc.publisher" value="Reuters Holdings Plc"/>
<dc element="dc.date.published" value="1996-10-21"/>
<dc element="dc.source" value="Reuters"/>
<dc element="dc.creator.location" value="MANILA"/>
<dc element="dc.creator.location.country.name" value="PHILIPPINES"/>
<dc element="dc.source" value="Reuters"/>
</metadata>
</newsitem>
