<?xml version="1.0" encoding="iso-8859-1" ?>
<newsitem itemid="131926" id="root" date="1996-10-21" xml:lang="en">
<title>MALAYSIA: PRESS DIGEST - Malaysia - Oct 21.</title>
<headline>PRESS DIGEST - Malaysia - Oct 21.</headline>
<text>
<p>Following are the main stories in Monday's Malaysian newspapers. Reuters has not verified these stories and does not vouch for their accuracy.</p>
<p>NEW STRAITS TIMES</p>
<p>-- Landlords who inintentionally or deliberately rent their rpemises to illegal foreign workers will be charged with harbouring illegal immigrants, Deputy Home Minister Ong Ka Ting said.</p>
<p>-- Prime Minister Mahathir Mohamad said the proposal by Cuepacs that the 850,000 civil servants be paid two months bonus this year would be discussed in a meeting with its representatives soon.</p>
<p>-- The export ban on logs imposed by the Sabah state government in 1991 will be partially lifted next month, Chief Minister Yong Teck Lee said.</p>
<p>-- The Adil Islamic Growth Fund, the first Islamic fund registered in the Labuan Offshore Financial Centre, was launched on Sunday.</p>
<p>-- Mobile telephone operator Mutiara Telecommunications Sdn Bhd has made available an international gateweay for its customers with the launch of its satellite earth station in Pahang.</p>
<p>THE STAR</p>
<p>-- Arab Malaysian Corp has propsoed to buy between 49 and 50 percent of Goh Ban Huat Bhd at 7.50 per share.</p>
<p>-- PB Securities Sdn Bhd has appointed a merchant bank to advise it on its plan to seek a listing on the KLSE main board targetted for the middle of next year.</p>
<p>-- United Oriental Assurance plans to list and achieve Tier-1 status by 1998.</p>
<p>-- Quarry operations are projected to grow by more than 15 percent a year in line with the rapid infrastructure development in Malaysia, said Institute of Quarries in Malaysia Chairman Sim Qang Seng.</p>
<p>UTUSAN MELAYU</p>
<p>-- As many as 12,25 cases of HIV in the country are now ethnic Malays or about 70 percent of all cases, the Health ministry said.</p>
<p>BUSINESS TIMES</p>
<p>-- A deal struck between Goh Ban Huat Bhd and Arab-Malaysian Corp will see the former bidding farewell to its original owners, who will also be taking its businesses in ceramic products and clay pipe making with them.</p>
<p>-- The current slowdown in the electronics industry is no cause for concern and will ge tback to normal by middle of next year, according to Malaysian-American Electronics Industries Chairman Roger Bertelson.</p>
<p>-- Sabah-based Suria Capital Holdings Bhd, en route to the main board of the Kuala Lumpur Stock Exchange, has seven projects in the pipeline and expects to have at least two finalised by its listing date on November 25.</p>
<p>-- Mutiara Telekom said future plans call for investment of 1.2 billion ringgit by 1998 to further develop its infrastructue and expand its services.</p>
<p>- Kuala Lumpur newsroom (603-230 8911)</p>
</text>
<copyright>(c) Reuters Limited 1996</copyright>
<metadata>
<codes class="bip:countries:1.0">
  <code code="MALAY">
    <editdetail attribution="Reuters BIP Coding Group" action="confirmed" date="1996-10-21"/>
  </code>
</codes>
<codes class="bip:topics:1.0">
  <code code="GCAT">
    <editdetail attribution="Reuters BIP Coding Group" action="confirmed" date="1996-10-21"/>
  </code>
</codes>
<dc element="dc.publisher" value="Reuters Holdings Plc"/>
<dc element="dc.date.published" value="1996-10-21"/>
<dc element="dc.source" value="Reuters"/>
<dc element="dc.creator.location.country.name" value="MALAYSIA"/>
<dc element="dc.source" value="Reuters"/>
</metadata>
</newsitem>
