<?xml version="1.0" encoding="iso-8859-1" ?>
<newsitem itemid="131924" id="root" date="1996-10-21" xml:lang="en">
<title>SOUTH KOREA: PRESS DIGEST - South Korean newspapers - Oct 21.</title>
<headline>PRESS DIGEST - South Korean newspapers - Oct 21.</headline>
<text>
<p>The following is a summary of major South Korean political stories in leading newspapers, prepared by Reuters in Seoul. Reuters has not checked the stories and does not gaurantee their accuracy. Telephone: (822) 727-5650. Fax: (822) 727-5666.</p>
<p>----</p>
<p>Dong-a Ilbo</p>
<p>- Prosecution to summon former Defense Minister Lee Yang-ho tomorrow to probe alleged leakage of military secrets during his tenure as chairman of joint chiefs of staff: lee's bank accounts to be scrutinized to track alleged bribe money taken from arms dealer.</p>
<p>- Japan's ruling liberal democratic party fails to secure majority in parliamentary election Sunday.</p>
<p>-----</p>
<p>CHOSUN ILBO</p>
<p>- N. Korean Foreign Ministry's American bureau director-general Lee to visit U.S. this week to meet with U.S. officials to discuss relations with the U.S. following last Month's sub infiltration incident.</p>
<p>-----</p>
<p>HANKOOK INBO</p>
<p>- Past military procurement projects under close scrutiny in connection with leakage of military secrets involving former defense minister lEE.</p>
<p>-----</p>
<p>KOREA TIMES</p>
<p>- Prosecution to summon Lee Yang-ho to probe bribery, leak of secrets.</p>
<p>- King Jung Carlos I of Spain arrives here for 5-day visit.</p>
<p>-----</p>
<p>KOREA HERALD</p>
<p>- Former Defense chief faces questioning by prosecution: lee Yang-ho tied to bribery, military leaks.</p>
</text>
<copyright>(c) Reuters Limited 1996</copyright>
<metadata>
<codes class="bip:countries:1.0">
  <code code="SKOREA">
    <editdetail attribution="Reuters BIP Coding Group" action="confirmed" date="1996-10-21"/>
  </code>
</codes>
<codes class="bip:topics:1.0">
  <code code="GCAT">
    <editdetail attribution="Reuters BIP Coding Group" action="confirmed" date="1996-10-21"/>
  </code>
</codes>
<dc element="dc.publisher" value="Reuters Holdings Plc"/>
<dc element="dc.date.published" value="1996-10-21"/>
<dc element="dc.source" value="Reuters"/>
<dc element="dc.creator.location.country.name" value="SOUTH KOREA"/>
<dc element="dc.source" value="Reuters"/>
</metadata>
</newsitem>
