<?xml version="1.0" encoding="iso-8859-1" ?>
<newsitem itemid="131940" id="root" date="1996-10-21" xml:lang="en">
<title>SINGAPORE: Singapore bunkers firm on strong regional markets.</title>
<headline>Singapore bunkers firm on strong regional markets.</headline>
<dateline>SINGAPORE 1996-10-21</dateline>
<text>
<p>Singapore bunker indications on Monday were quoted firmer from Friday tracking strong crude oil and European bunker prices, traders said.</p>
<p>Majors were quoting 180-cst at $128-$129 per tonne, with independents at $125-$126. Independents were indicating 380-cst supplies at $121-$122 and majors at $124-$125. Prices were about a dollar firmer from Friday.</p>
<p>&quot;Demand has not increased very much,&quot; a trader said. &quot;But prices are rising on back of firm crudes and firm bunker prices in the region,&quot; he said. MDO prices were stable at $223-228 and gas oil at $235-$238. -- Singapore newsroom (+65-870-3082)</p>
</text>
<copyright>(c) Reuters Limited 1996</copyright>
<metadata>
<codes class="bip:countries:1.0">
  <code code="SINGP">
    <editdetail attribution="Reuters BIP Coding Group" action="confirmed" date="1996-10-21"/>
  </code>
</codes>
<codes class="bip:topics:1.0">
  <code code="M14">
    <editdetail attribution="Reuters BIP Coding Group" action="confirmed" date="1996-10-21"/>
  </code>
  <code code="M143">
    <editdetail attribution="Reuters BIP Coding Group" action="confirmed" date="1996-10-21"/>
  </code>
  <code code="MCAT">
    <editdetail attribution="Reuters BIP Coding Group" action="confirmed" date="1996-10-21"/>
  </code>
</codes>
<dc element="dc.date.created" value="1996-10-21"/>
<dc element="dc.publisher" value="Reuters Holdings Plc"/>
<dc element="dc.date.published" value="1996-10-21"/>
<dc element="dc.source" value="Reuters"/>
<dc element="dc.creator.location" value="SINGAPORE"/>
<dc element="dc.creator.location.country.name" value="SINGAPORE"/>
<dc element="dc.source" value="Reuters"/>
</metadata>
</newsitem>
