<?xml version="1.0" encoding="iso-8859-1" ?>
<newsitem itemid="131911" id="root" date="1996-10-21" xml:lang="en">
<title>CHINA: Nippon Carbide opens China sheeting plant.</title>
<headline>Nippon Carbide opens China sheeting plant.</headline>
<dateline>BEIJING 1996-10-21</dateline>
<text>
<p>Japan's Nippon Carbide Industries Co Inc has officially started up a $74.6 million reflective sheeting plant in China's eastern province of Zhejiang, the China Daily said on Monday.</p>
<p>The new factory in the Xiaoshan Economic and Technological Development Zone near the provincial capital of Hangzhou would produce 5.0 million square metres (53.8 million square ft) of retro-reflective sheeting and 700,000 square metres (7.5 million square ft) of high intensity retro-reflective sheeting a year, it said.</p>
<p>About 70 percent of the plant's output would be exported to the United States and southeast Asia while 30 percent would be sold within China, it said.</p>
<p>Retro-reflective sheeting is used in making licence plates and highway, railway, port and construction signs.</p>
<p>Demand for retro-reflective sheeting in China was estimated to be about 4.0 million square metres (43 million square ft) a year, a market second only to the United States, it said.</p>
<p>The plant has registered capital of $62 million, the newspaper said.</p>
</text>
<copyright>(c) Reuters Limited 1996</copyright>
<metadata>
<codes class="bip:countries:1.0">
  <code code="CHINA">
    <editdetail attribution="Reuters BIP Coding Group" action="confirmed" date="1996-10-21"/>
  </code>
  <code code="JAP">
    <editdetail attribution="Reuters BIP Coding Group" action="confirmed" date="1996-10-21"/>
  </code>
</codes>
<codes class="bip:industries:1.0">
  <code code="I25000">
    <editdetail attribution="Reuters BIP Coding Group" action="confirmed" date="1996-10-21"/>
  </code>
</codes>
<codes class="bip:topics:1.0">
  <code code="C24">
    <editdetail attribution="Reuters BIP Coding Group" action="confirmed" date="1996-10-21"/>
  </code>
  <code code="CCAT">
    <editdetail attribution="Reuters BIP Coding Group" action="confirmed" date="1996-10-21"/>
  </code>
</codes>
<dc element="dc.date.created" value="1996-10-21"/>
<dc element="dc.publisher" value="Reuters Holdings Plc"/>
<dc element="dc.date.published" value="1996-10-21"/>
<dc element="dc.source" value="Reuters"/>
<dc element="dc.creator.location" value="BEIJING"/>
<dc element="dc.creator.location.country.name" value="CHINA"/>
<dc element="dc.source" value="Reuters"/>
</metadata>
</newsitem>
