<?xml version="1.0" encoding="iso-8859-1" ?>
<newsitem itemid="131953" id="root" date="1996-10-21" xml:lang="en">
<title>SOUTH KOREA: S.Korean top appliance makers announce price cuts.</title>
<headline>S.Korean top appliance makers announce price cuts.</headline>
<dateline>SEOUL 1996-10-21</dateline>
<text>
<p>South Korea's top three electronic home appliance makers said on Monday that they have cut prices by up to 20 percent on major home appliances, effective immediately.</p>
<p>Officials at Samsung Electronics Co, Daewoo Electronics Co and LG Electronics Inc said the moves were aimed at &quot;joining the government's calls for efforts to cap the consumer inflation&quot;.</p>
<p>The firms are core units of Samsung Group, Daewoo Group and LG Group, respectively.  </p>
<p>Samsung announced price cuts of between three and 15 percent, Daewoo by between 2.4 percent and 20 percent and LG by between three and 15.3 percent.</p>
<p>The government has urged the nation to join its efforts to check the inflationary pressure, resulting mainly from increased international prices on its major imports.</p>
<p>-- Seoul Newsroom (822) 727-5646</p>
</text>
<copyright>(c) Reuters Limited 1996</copyright>
<metadata>
<codes class="bip:countries:1.0">
  <code code="SKOREA">
    <editdetail attribution="Reuters BIP Coding Group" action="confirmed" date="1996-10-21"/>
  </code>
</codes>
<codes class="bip:industries:1.0">
  <code code="I33020">
    <editdetail attribution="Reuters BIP Coding Group" action="confirmed" date="1996-10-21"/>
  </code>
  <code code="I34540">
    <editdetail attribution="Reuters BIP Coding Group" action="confirmed" date="1996-10-21"/>
  </code>
</codes>
<codes class="bip:topics:1.0">
  <code code="C31">
    <editdetail attribution="Reuters BIP Coding Group" action="confirmed" date="1996-10-21"/>
  </code>
  <code code="CCAT">
    <editdetail attribution="Reuters BIP Coding Group" action="confirmed" date="1996-10-21"/>
  </code>
</codes>
<dc element="dc.date.created" value="1996-10-21"/>
<dc element="dc.publisher" value="Reuters Holdings Plc"/>
<dc element="dc.date.published" value="1996-10-21"/>
<dc element="dc.source" value="Reuters"/>
<dc element="dc.creator.location" value="SEOUL"/>
<dc element="dc.creator.location.country.name" value="SOUTH KOREA"/>
<dc element="dc.source" value="Reuters"/>
</metadata>
</newsitem>
