<?xml version="1.0" encoding="iso-8859-1" ?>
<newsitem itemid="131923" id="root" date="1996-10-21" xml:lang="en">
<title>PHILIPPINES: Manila stocks end lower, despite rebound.</title>
<headline>Manila stocks end lower, despite rebound.</headline>
<dateline>MANILA 1996-10-21</dateline>
<text>
<p>------------------------- Oct 21 ----------------------------</p>
<p>* PLDT, San Miguel bounce back in midsession</p>
<p>-------------------------------------------------------------</p>
<p>Manila shares ended slightly lower on Monday despite a rebound towards the end of the session after an initial spasm of profit-taking, brokers said.</p>
<p>&quot;It was just profit-taking but some of the players decided to buy back in late trade,&quot; said Jonas Ferrer, research director at Pryce Securities Inc.</p>
<p>The main index shed 7.39 points to close at 3,092.34 points, off the intra-day low of 3,062.11.  </p>
<p>Blue chips PLDT and San Miguel Corp which fell in early trade ended up pulling the index to higher ground, traders added.</p>
<p>&quot;Overall, you see the underlying strength of the market because after reaching a low of 3,060 points, it rebounded,&quot; said Ferrer.</p>
<p>The market is expected to drift sideways with an upward bias for the rest of the week, said Julie Villena, trader at Dharmala Securities (Phils) Inc.</p>
<p>She added the index will move within the 3,150 to 3,200 range. -KATHERINE ESPINA (63) 2 841-8937 Fax 8176267</p>
</text>
<copyright>(c) Reuters Limited 1996</copyright>
<metadata>
<codes class="bip:countries:1.0">
  <code code="PHLNS">
    <editdetail attribution="Reuters BIP Coding Group" action="confirmed" date="1996-10-21"/>
  </code>
</codes>
<codes class="bip:topics:1.0">
  <code code="M11">
    <editdetail attribution="Reuters BIP Coding Group" action="confirmed" date="1996-10-21"/>
  </code>
  <code code="MCAT">
    <editdetail attribution="Reuters BIP Coding Group" action="confirmed" date="1996-10-21"/>
  </code>
</codes>
<dc element="dc.date.created" value="1996-10-21"/>
<dc element="dc.publisher" value="Reuters Holdings Plc"/>
<dc element="dc.date.published" value="1996-10-21"/>
<dc element="dc.source" value="Reuters"/>
<dc element="dc.creator.location" value="MANILA"/>
<dc element="dc.creator.location.country.name" value="PHILIPPINES"/>
<dc element="dc.source" value="Reuters"/>
</metadata>
</newsitem>
