<?xml version="1.0" encoding="iso-8859-1" ?>
<newsitem itemid="131907" id="root" date="1996-10-21" xml:lang="en">
<title>SINGAPORE: SIMEX Brent up as NYMEX hits fresh five-year high.</title>
<headline>SIMEX Brent up as NYMEX hits fresh five-year high.</headline>
<dateline>SINGAPORE 1996-10-21</dateline>
<text>
<p>SIMEX Brent December futures were firmer in thin trading late on Monday, supported by ongoing worries over heating oil stocks.</p>
<p>December Brent last traded at a contract-high of $24.70 per barrel, up 17 cents from London's settlement of $24.53. Volume was 73 lots.</p>
<p>&quot;It's a continuation of Friday's trend,&quot; one broker said, referring to Brent's rally in London. December closed 34 cents up in London.  </p>
<p>NYMEX November futures rose to a five-year high of $25.86 on the after-hours ACCESS system and last traded at $25.85. Volume was slight, brokers said.</p>
<p>They pointed to worries over falling heating oil stocks on both sides of the Atlantic and fighting among Kurdish groups in northern Iraq as keeping prices supported.</p>
<p>They said jitters concerning the sacking of Russian President Boris Yeltsin's security chief Alexander Lebed had subsided, but Lebed's long-term threat as a strong presidential rival to Yelstin could support prices.</p>
<p>-- Singapore Newsroom (+65 870 3081)</p>
</text>
<copyright>(c) Reuters Limited 1996</copyright>
<metadata>
<codes class="bip:countries:1.0">
  <code code="SINGP">
    <editdetail attribution="Reuters BIP Coding Group" action="confirmed" date="1996-10-21"/>
  </code>
</codes>
<codes class="bip:topics:1.0">
  <code code="M14">
    <editdetail attribution="Reuters BIP Coding Group" action="confirmed" date="1996-10-21"/>
  </code>
  <code code="M143">
    <editdetail attribution="Reuters BIP Coding Group" action="confirmed" date="1996-10-21"/>
  </code>
  <code code="MCAT">
    <editdetail attribution="Reuters BIP Coding Group" action="confirmed" date="1996-10-21"/>
  </code>
</codes>
<dc element="dc.date.created" value="1996-10-21"/>
<dc element="dc.publisher" value="Reuters Holdings Plc"/>
<dc element="dc.date.published" value="1996-10-21"/>
<dc element="dc.source" value="Reuters"/>
<dc element="dc.creator.location" value="SINGAPORE"/>
<dc element="dc.creator.location.country.name" value="SINGAPORE"/>
<dc element="dc.source" value="Reuters"/>
</metadata>
</newsitem>
