<?xml version="1.0" encoding="iso-8859-1" ?>
<newsitem itemid="131941" id="root" date="1996-10-21" xml:lang="en">
<title>INDONESIA: Indonesia SIR20 rubber flat in late trading.</title>
<headline>Indonesia SIR20 rubber flat in late trading.</headline>
<dateline>JAKARTA 1996-10-21</dateline>
<text>
<p>Indonesian benchmark tyre-grade SIR20 offer prices were flat in slow late trading on Monday, with no deals heard in Medan almost for two weeks, dealers said.</p>
<p>&quot;Dealers in Palembang and Padang are willing to secure deals at lower prices that's why we see deals mostly coming out of these two cities and not from Medan,&quot; one Jakarta dealer said.</p>
<p>Dealers said SIR20 offer prices for November/December were at at 55.00-55.50 U.S. cents/lb fob Medan and at 54.50-55.00 cents fob Palembang, Surabaya and Padang, and at 54.50-54.75 cents fob Jambi and Pontianak.  </p>
<p>The Jakarta dealer said trading on Mondays was usually slow, but said deals were likely to be done on Tuesday following some fresh enquiries from Singapore today.</p>
<p>High amoniac latex for export was last traded at 90 cents/kg fob Medan for October deliveries, down from 108 cents last week, dealers said.</p>
<p>One Medan-based latex dealer said he had shipped some 2,300 tonnes of latex mostly to the U.S. this month and expected to ship an additional 800 tonnes later this month following deals done in recent months. -- Jakarta newsroom +6221 384-6364</p>
</text>
<copyright>(c) Reuters Limited 1996</copyright>
<metadata>
<codes class="bip:countries:1.0">
  <code code="INDON">
    <editdetail attribution="Reuters BIP Coding Group" action="confirmed" date="1996-10-21"/>
  </code>
</codes>
<codes class="bip:topics:1.0">
  <code code="M14">
    <editdetail attribution="Reuters BIP Coding Group" action="confirmed" date="1996-10-21"/>
  </code>
  <code code="M141">
    <editdetail attribution="Reuters BIP Coding Group" action="confirmed" date="1996-10-21"/>
  </code>
  <code code="MCAT">
    <editdetail attribution="Reuters BIP Coding Group" action="confirmed" date="1996-10-21"/>
  </code>
</codes>
<dc element="dc.date.created" value="1996-10-21"/>
<dc element="dc.publisher" value="Reuters Holdings Plc"/>
<dc element="dc.date.published" value="1996-10-21"/>
<dc element="dc.source" value="Reuters"/>
<dc element="dc.creator.location" value="JAKARTA"/>
<dc element="dc.creator.location.country.name" value="INDONESIA"/>
<dc element="dc.source" value="Reuters"/>
</metadata>
</newsitem>
