<?xml version="1.0" encoding="iso-8859-1" ?>
<newsitem itemid="131946" id="root" date="1996-10-21" xml:lang="en">
<title>CHINA: Shanghai B shares end up on half-year thin volume.</title>
<headline>Shanghai B shares end up on half-year thin volume.</headline>
<dateline>SHANGHAI 1996-10-21</dateline>
<text>
<p>Shanghai B shares closed up on Monday but trading was dull with the smallest volume since April, broker said.</p>
<p>The index rose 0.205 points or 0.42 percent to 48.726 points on volume of 2.0 million shares worth $812,000. Of 41 B shares, 32 traded with 15 up, 10 flat and seven down.</p>
<p>Brokers said some domestic buying pushed the index up but overseas investors withdrew their capital, which makes the market very fragile despite the rises,&quot; one broker said.  </p>
<p>&quot;The market was very bearish, as the trading volume has contracted to the lowest point since April 8 and the sluggish mood will not improve in the short term,&quot; a second trader said.</p>
<p>Shanghai Rubber Belt was the star on speculative buying, gaining $0.010 or 8.47 percent to $0.128 on volume of 4,000 shares.</p>
<p>Shanghai Steel Tube followed also on speculative buying, rising $0.006 or 4.83 percent to $0.130 on volume of 5,000.</p>
<p>Shanghai Lujiazui Finance &amp; Trade Zone Development traded the most, shedding $0.002 or 0.21 percent to $0.928 on volume of 273,600 shares.  </p>
<p>The A shares closed up sharply in active trading on bullish sentiment, traders said.</p>
<p>The A index rose 26.198 points or 2.65 percent to 1014.548 points on volume of 713.5 million shares worth 5.5 billion yuan. The SSE 30 blue-chip index rose 32.564 points or 1.27 percent to 2588.277 points.</p>
<p>Nanjing Fibre was the star, jumping 1.09 yuan or 16.79 percent to 7.58 yuan on volume of 5.5 million shares.</p>
<p>-- Shanghai newsroom (86-21) 6279-7004</p>
</text>
<copyright>(c) Reuters Limited 1996</copyright>
<metadata>
<codes class="bip:countries:1.0">
  <code code="CHINA">
    <editdetail attribution="Reuters BIP Coding Group" action="confirmed" date="1996-10-21"/>
  </code>
</codes>
<codes class="bip:topics:1.0">
  <code code="M11">
    <editdetail attribution="Reuters BIP Coding Group" action="confirmed" date="1996-10-21"/>
  </code>
  <code code="MCAT">
    <editdetail attribution="Reuters BIP Coding Group" action="confirmed" date="1996-10-21"/>
  </code>
</codes>
<dc element="dc.date.created" value="1996-10-21"/>
<dc element="dc.publisher" value="Reuters Holdings Plc"/>
<dc element="dc.date.published" value="1996-10-21"/>
<dc element="dc.source" value="Reuters"/>
<dc element="dc.creator.location" value="SHANGHAI"/>
<dc element="dc.creator.location.country.name" value="CHINA"/>
<dc element="dc.source" value="Reuters"/>
</metadata>
</newsitem>
