<?xml version="1.0" encoding="iso-8859-1" ?>
<newsitem itemid="131989" id="root" date="1996-10-21" xml:lang="en">
<title>PHILIPPINES: Philippine govt securities secondary market rates.</title>
<headline>Philippine govt securities secondary market rates.</headline>
<dateline>MANILA 1996-10-21</dateline>
<text>
<p>The following are secondary market rates quoted by banks on Monday for Philippine government securities. The rates are indicative as maturities are slightly varying.</p>
<p>			     ---------------</p>
<p>  BANK			  RATES BID/OFFER PCT</p>
<p>			 3-mths	   6-mths	    1-year</p>
<p>Bank of America  11.70/11.50    12.10/11.90    12.825/12.625</p>
<p>Citibank	   11.60/11.50     12.0/11.90     12.70/12.60</p>
<p>Metrobank	  11.60/11.40    12.10/11.65    12.775/12.60</p>
<p>Multinational    11.70/11.55    12.25/11.925    12.85/12.625</p>
<p>StanChart	  11.60/11.35    12.10/11.65     12.80/12.50</p>
<p>			     ---------------</p>
<p>* To contribute to this page, please fax your quotes to Reuters Manila newsroom on (632) 817 6267. For details, please phone on (632) 841 8934.</p>
</text>
<copyright>(c) Reuters Limited 1996</copyright>
<metadata>
<codes class="bip:countries:1.0">
  <code code="PHLNS">
    <editdetail attribution="Reuters BIP Coding Group" action="confirmed" date="1996-10-21"/>
  </code>
</codes>
<codes class="bip:topics:1.0">
  <code code="M13">
    <editdetail attribution="Reuters BIP Coding Group" action="confirmed" date="1996-10-21"/>
  </code>
  <code code="M131">
    <editdetail attribution="Reuters BIP Coding Group" action="confirmed" date="1996-10-21"/>
  </code>
  <code code="MCAT">
    <editdetail attribution="Reuters BIP Coding Group" action="confirmed" date="1996-10-21"/>
  </code>
</codes>
<dc element="dc.date.created" value="1996-10-21"/>
<dc element="dc.publisher" value="Reuters Holdings Plc"/>
<dc element="dc.date.published" value="1996-10-21"/>
<dc element="dc.source" value="Reuters"/>
<dc element="dc.creator.location" value="MANILA"/>
<dc element="dc.creator.location.country.name" value="PHILIPPINES"/>
<dc element="dc.source" value="Reuters"/>
</metadata>
</newsitem>
