<?xml version="1.0" encoding="iso-8859-1" ?>
<newsitem itemid="132097" id="root" date="1996-10-21" xml:lang="en">
<title>PHILIPPINES: Assets of Philippine banks inch up 1.7 percent.</title>
<headline>Assets of Philippine banks inch up 1.7 percent.</headline>
<dateline>MANILA 1996-10-21</dateline>
<text>
<p>Total assets of Philippine banks edged up by 1.7 percent to 1.699.6 billion pesos as of July 31 from 1,670.4 billion pesos the previous month, the Philippine Central Bank said on Monday.</p>
<p>It said the banks' net loan portfolio as of end July increased by 16.6 billion pesos to 1,039.9 billion pesos while investment accounts added 17.2 billion pesos to 289.5 billion pesos.</p>
<p>Bank deposits also jumped by 16.3 billion pesos, or 1.6 percent, to 1,004.7 billion pesos.</p>
<p>--Manila newsroom (632) 841-89-36, fax 817-62-67</p>
</text>
<copyright>(c) Reuters Limited 1996</copyright>
<metadata>
<codes class="bip:countries:1.0">
  <code code="PHLNS">
    <editdetail attribution="Reuters BIP Coding Group" action="confirmed" date="1996-10-21"/>
  </code>
</codes>
<codes class="bip:industries:1.0">
  <code code="I81402">
    <editdetail attribution="Reuters BIP Coding Group" action="confirmed" date="1996-10-21"/>
  </code>
</codes>
<codes class="bip:topics:1.0">
  <code code="C15">
    <editdetail attribution="Reuters BIP Coding Group" action="confirmed" date="1996-10-21"/>
  </code>
  <code code="C151">
    <editdetail attribution="Reuters BIP Coding Group" action="confirmed" date="1996-10-21"/>
  </code>
  <code code="C31">
    <editdetail attribution="Reuters BIP Coding Group" action="confirmed" date="1996-10-21"/>
  </code>
  <code code="CCAT">
    <editdetail attribution="Reuters BIP Coding Group" action="confirmed" date="1996-10-21"/>
  </code>
</codes>
<dc element="dc.date.created" value="1996-10-21"/>
<dc element="dc.publisher" value="Reuters Holdings Plc"/>
<dc element="dc.date.published" value="1996-10-21"/>
<dc element="dc.source" value="Reuters"/>
<dc element="dc.creator.location" value="MANILA"/>
<dc element="dc.creator.location.country.name" value="PHILIPPINES"/>
<dc element="dc.source" value="Reuters"/>
</metadata>
</newsitem>
