<?xml version="1.0" encoding="iso-8859-1" ?>
<newsitem itemid="132006" id="root" date="1996-10-21" xml:lang="en">
<title>JAPAN: Best Denki -96/97 parent forecast.</title>
<headline>Best Denki -96/97 parent forecast.</headline>
<dateline>TOKYO 1996-10-21</dateline>
<text>
<p>Year to February 28, 1997</p>
<p>		   (in billions of yen unless specified)</p>
<p>			   LATEST	    ACTUAL</p>
<p> (Parent)	     FORECAST	  YEAR-AGO</p>
<p> Sales		275.00	     238.40</p>
<p> Current	     11.20		10.02</p>
<p> Net		    5.50		 4.59</p>
<p> EPS		   43.49 yen	  36.27 yen</p>
<p> Ord div	     25.00 yen	  25.00 yen</p>
<p>NOTE - Best Denki Co Ltd is a mass retailer of consumer electronics.</p>
</text>
<copyright>(c) Reuters Limited 1996</copyright>
<metadata>
<codes class="bip:countries:1.0">
  <code code="JAP">
    <editdetail attribution="Reuters BIP Coding Group" action="confirmed" date="1996-10-21"/>
  </code>
</codes>
<codes class="bip:industries:1.0">
  <code code="I64800">
    <editdetail attribution="Reuters BIP Coding Group" action="confirmed" date="1996-10-21"/>
  </code>
</codes>
<codes class="bip:topics:1.0">
  <code code="C15">
    <editdetail attribution="Reuters BIP Coding Group" action="confirmed" date="1996-10-21"/>
  </code>
  <code code="C152">
    <editdetail attribution="Reuters BIP Coding Group" action="confirmed" date="1996-10-21"/>
  </code>
  <code code="CCAT">
    <editdetail attribution="Reuters BIP Coding Group" action="confirmed" date="1996-10-21"/>
  </code>
</codes>
<dc element="dc.date.created" value="1996-10-21"/>
<dc element="dc.publisher" value="Reuters Holdings Plc"/>
<dc element="dc.date.published" value="1996-10-21"/>
<dc element="dc.source" value="Reuters"/>
<dc element="dc.creator.location" value="TOKYO"/>
<dc element="dc.creator.location.country.name" value="JAPAN"/>
<dc element="dc.source" value="Reuters"/>
</metadata>
</newsitem>
