<?xml version="1.0" encoding="iso-8859-1" ?>
<newsitem itemid="132084" id="root" date="1996-10-21" xml:lang="en">
<title>PHILIPPINES: PHILIPPINE SHIPPING-Oct 21.</title>
<headline>PHILIPPINE SHIPPING-Oct 21.</headline>
<dateline>MANILA 1996-10-21</dateline>
<text>
<p>The following vessels are carrying U.S. wheat from the Pacific northwest:</p>
<p>-----------------------------------------------------</p>
<p> Name		 Arrival	Destination	    Unloading</p>
<p>								    (tonnes)</p>
<p> MV Artemis	 November     Iligan Port	    35,000</p>
<p> MV Quan Hai	November     Manila South Harbor  35,000</p>
<p> MV Padang Hawk   November     Manila South Harbor  35,000</p>
<p>--Manila newsroom (632) 841-89-36, fax 817-62-67</p>
</text>
<copyright>(c) Reuters Limited 1996</copyright>
<metadata>
<codes class="bip:countries:1.0">
  <code code="PHLNS">
    <editdetail attribution="Reuters BIP Coding Group" action="confirmed" date="1996-10-21"/>
  </code>
</codes>
<codes class="bip:topics:1.0">
  <code code="M14">
    <editdetail attribution="Reuters BIP Coding Group" action="confirmed" date="1996-10-21"/>
  </code>
  <code code="MCAT">
    <editdetail attribution="Reuters BIP Coding Group" action="confirmed" date="1996-10-21"/>
  </code>
</codes>
<dc element="dc.date.created" value="1996-10-21"/>
<dc element="dc.publisher" value="Reuters Holdings Plc"/>
<dc element="dc.date.published" value="1996-10-21"/>
<dc element="dc.source" value="Reuters"/>
<dc element="dc.creator.location" value="MANILA"/>
<dc element="dc.creator.location.country.name" value="PHILIPPINES"/>
<dc element="dc.source" value="Reuters"/>
</metadata>
</newsitem>
