<?xml version="1.0" encoding="iso-8859-1" ?>
<newsitem itemid="132008" id="root" date="1996-10-21" xml:lang="en">
<title>JAPAN: Best Denki -6mth parent results.</title>
<headline>Best Denki -6mth parent results.</headline>
<dateline>TOKYO 1996-10-21</dateline>
<text>
<p>Six months to August 31, 1996</p>
<p> (Parent)	(in billions of yen unless specified)</p>
<p> Sales		137.40		vs	  116.43</p>
<p> Operating	    4.08		vs	    3.46</p>
<p> Current		6.24		vs	     6.1</p>
<p> Net		    3.40		vs	    2.72</p>
<p> EPS		   26.88 yen	  vs	   21.51 yen</p>
<p> Shares	    126 million	  vs	 126 million</p>
<p> Interim div	    --		vs		--</p>
<p>NOTE - Best Denki Co Ltd is a mass retailer of consumer electronics.</p>
</text>
<copyright>(c) Reuters Limited 1996</copyright>
<metadata>
<codes class="bip:countries:1.0">
  <code code="JAP">
    <editdetail attribution="Reuters BIP Coding Group" action="confirmed" date="1996-10-21"/>
  </code>
</codes>
<codes class="bip:industries:1.0">
  <code code="I64800">
    <editdetail attribution="Reuters BIP Coding Group" action="confirmed" date="1996-10-21"/>
  </code>
</codes>
<codes class="bip:topics:1.0">
  <code code="C15">
    <editdetail attribution="Reuters BIP Coding Group" action="confirmed" date="1996-10-21"/>
  </code>
  <code code="C151">
    <editdetail attribution="Reuters BIP Coding Group" action="confirmed" date="1996-10-21"/>
  </code>
  <code code="CCAT">
    <editdetail attribution="Reuters BIP Coding Group" action="confirmed" date="1996-10-21"/>
  </code>
</codes>
<dc element="dc.date.created" value="1996-10-21"/>
<dc element="dc.publisher" value="Reuters Holdings Plc"/>
<dc element="dc.date.published" value="1996-10-21"/>
<dc element="dc.source" value="Reuters"/>
<dc element="dc.creator.location" value="TOKYO"/>
<dc element="dc.creator.location.country.name" value="JAPAN"/>
<dc element="dc.source" value="Reuters"/>
</metadata>
</newsitem>
