<?xml version="1.0" encoding="iso-8859-1" ?>
<newsitem itemid="132087" id="root" date="1996-10-21" xml:lang="en">
<title>PHILIPPINES: Manila international coconut oil prices.</title>
<headline>Manila international coconut oil prices.</headline>
<dateline>MANILA 1996-10-21</dateline>
<text>
<p>International Philippine coconut oil prices as reported by the United Coconut Associations of the Philippines (dollars per tonne cif Europe).</p>
<p>	    Buyers   Sellers   Last     Prev</p>
<p>  SepOct  716.25   721.25    unq	715</p>
<p>  OctNov  710	715	 unq	711.66</p>
<p>  NovDec  705	712.5     unq	707.5</p>
<p>  DecJan  700	710	 unq	700</p>
<p>  JanFeb  700	710	 unq	700</p>
<p>  FebMar  unq	unq	 unq	unq</p>
</text>
<copyright>(c) Reuters Limited 1996</copyright>
<metadata>
<codes class="bip:countries:1.0">
  <code code="PHLNS">
    <editdetail attribution="Reuters BIP Coding Group" action="confirmed" date="1996-10-21"/>
  </code>
</codes>
<codes class="bip:topics:1.0">
  <code code="M14">
    <editdetail attribution="Reuters BIP Coding Group" action="confirmed" date="1996-10-21"/>
  </code>
  <code code="M141">
    <editdetail attribution="Reuters BIP Coding Group" action="confirmed" date="1996-10-21"/>
  </code>
  <code code="MCAT">
    <editdetail attribution="Reuters BIP Coding Group" action="confirmed" date="1996-10-21"/>
  </code>
</codes>
<dc element="dc.date.created" value="1996-10-21"/>
<dc element="dc.publisher" value="Reuters Holdings Plc"/>
<dc element="dc.date.published" value="1996-10-21"/>
<dc element="dc.source" value="Reuters"/>
<dc element="dc.creator.location" value="MANILA"/>
<dc element="dc.creator.location.country.name" value="PHILIPPINES"/>
<dc element="dc.source" value="Reuters"/>
</metadata>
</newsitem>
