<?xml version="1.0" encoding="iso-8859-1" ?>
<newsitem itemid="132010" id="root" date="1996-10-21" xml:lang="en">
<title>JAPAN: Aderans -6mth parent results.</title>
<headline>Aderans -6mth parent results.</headline>
<dateline>TOKYO 1996-10-21</dateline>
<text>
<p>Six months to August 31, 1996</p>
<p> (Parent)	(in billions of yen unless specified)</p>
<p> Sales		 20.83		vs	   17.38</p>
<p> Operating	    4.37		vs	    2.58</p>
<p> Current		4.60		vs	    3.09</p>
<p> Net		    2.47		vs	    1.63</p>
<p> EPS		   61.36 yen	  vs	   43.42 yen</p>
<p> Shares	     41 million	  vs	  39 million</p>
<p> Interim div	 10.00 yen	  vs	    8.00 yen</p>
<p>NOTE - Aderans Co Ltd is a large hairpiece maker for men.</p>
</text>
<copyright>(c) Reuters Limited 1996</copyright>
<metadata>
<codes class="bip:countries:1.0">
  <code code="JAP">
    <editdetail attribution="Reuters BIP Coding Group" action="confirmed" date="1996-10-21"/>
  </code>
</codes>
<codes class="bip:industries:1.0">
  <code code="I43000">
    <editdetail attribution="Reuters BIP Coding Group" action="confirmed" date="1996-10-21"/>
  </code>
</codes>
<codes class="bip:topics:1.0">
  <code code="C15">
    <editdetail attribution="Reuters BIP Coding Group" action="confirmed" date="1996-10-21"/>
  </code>
  <code code="C151">
    <editdetail attribution="Reuters BIP Coding Group" action="confirmed" date="1996-10-21"/>
  </code>
  <code code="CCAT">
    <editdetail attribution="Reuters BIP Coding Group" action="confirmed" date="1996-10-21"/>
  </code>
</codes>
<dc element="dc.date.created" value="1996-10-21"/>
<dc element="dc.publisher" value="Reuters Holdings Plc"/>
<dc element="dc.date.published" value="1996-10-21"/>
<dc element="dc.source" value="Reuters"/>
<dc element="dc.creator.location" value="TOKYO"/>
<dc element="dc.creator.location.country.name" value="JAPAN"/>
<dc element="dc.source" value="Reuters"/>
</metadata>
</newsitem>
