<?xml version="1.0" encoding="iso-8859-1" ?>
<newsitem itemid="132038" id="root" date="1996-10-21" xml:lang="en">
<title>JAPAN: Chiyoda Integre - 95/96 parent results.</title>
<headline>Chiyoda Integre - 95/96 parent results.</headline>
<dateline>TOKYO 1996-10-21</dateline>
<text>
<p>Year to August 31, 1996</p>
<p> (Parent)	(in billions of yen unless specified)</p>
<p> Sales		 14.78		vs	   14.62</p>
<p> Operating	  370    million    vs	  163    million</p>
<p> Current	    409    million    vs	  180    million</p>
<p> Net		  143    million    vs	   56    million</p>
<p> EPS		   13.40 yen	  vs	    5.28 yen</p>
<p> Diluted EPS	     -		vs		 -</p>
<p> Shares	     11 million	  vs	  11 million</p>
<p> Ord div	     10.00 yen	  vs	   10.00 yen</p>
<p>NOTE - Chiyoda Integre Co Ltd is a manufacturer of mechanical components, mainly for audio and office automation equipment.</p>
</text>
<copyright>(c) Reuters Limited 1996</copyright>
<metadata>
<codes class="bip:countries:1.0">
  <code code="JAP">
    <editdetail attribution="Reuters BIP Coding Group" action="confirmed" date="1996-10-21"/>
  </code>
</codes>
<codes class="bip:industries:1.0">
  <code code="I34532">
    <editdetail attribution="Reuters BIP Coding Group" action="confirmed" date="1996-10-21"/>
  </code>
</codes>
<codes class="bip:topics:1.0">
  <code code="C15">
    <editdetail attribution="Reuters BIP Coding Group" action="confirmed" date="1996-10-21"/>
  </code>
  <code code="C151">
    <editdetail attribution="Reuters BIP Coding Group" action="confirmed" date="1996-10-21"/>
  </code>
  <code code="C1511">
    <editdetail attribution="Reuters BIP Coding Group" action="confirmed" date="1996-10-21"/>
  </code>
  <code code="CCAT">
    <editdetail attribution="Reuters BIP Coding Group" action="confirmed" date="1996-10-21"/>
  </code>
</codes>
<dc element="dc.date.created" value="1996-10-21"/>
<dc element="dc.publisher" value="Reuters Holdings Plc"/>
<dc element="dc.date.published" value="1996-10-21"/>
<dc element="dc.source" value="Reuters"/>
<dc element="dc.creator.location" value="TOKYO"/>
<dc element="dc.creator.location.country.name" value="JAPAN"/>
<dc element="dc.source" value="Reuters"/>
</metadata>
</newsitem>
