<?xml version="1.0" encoding="iso-8859-1" ?>
<newsitem itemid="132059" id="root" date="1996-10-21" xml:lang="en">
<title>JAPAN: Takashimaya - 6mth parent results.</title>
<headline>Takashimaya - 6mth parent results.</headline>
<dateline>TOKYO 1996-10-21</dateline>
<text>
<p>Six months to August 31, 1996</p>
<p> (Parent)	(in billions of yen unless specified)</p>
<p> Sales		511.53		vs	  346.23</p>
<p> Operating	   11.35		vs	    6.12</p>
<p> Current		8.12		vs	    2.73</p>
<p> Net		    5.13		vs	    2.10</p>
<p> EPS		   17.48 yen	  vs	    9.49 yen</p>
<p> Shares	    305 million	  vs	 221 million</p>
<p> Interim div	  3.75 yen	  vs	    3.75 yen</p>
<p>NOTE - Takashimaya Co Ltd is a department store operator.</p>
</text>
<copyright>(c) Reuters Limited 1996</copyright>
<metadata>
<codes class="bip:countries:1.0">
  <code code="JAP">
    <editdetail attribution="Reuters BIP Coding Group" action="confirmed" date="1996-10-21"/>
  </code>
</codes>
<codes class="bip:industries:1.0">
  <code code="I65600">
    <editdetail attribution="Reuters BIP Coding Group" action="confirmed" date="1996-10-21"/>
  </code>
  <code code="I6560002">
    <editdetail attribution="Reuters BIP Coding Group" action="confirmed" date="1996-10-21"/>
  </code>
</codes>
<codes class="bip:topics:1.0">
  <code code="C15">
    <editdetail attribution="Reuters BIP Coding Group" action="confirmed" date="1996-10-21"/>
  </code>
  <code code="C151">
    <editdetail attribution="Reuters BIP Coding Group" action="confirmed" date="1996-10-21"/>
  </code>
  <code code="CCAT">
    <editdetail attribution="Reuters BIP Coding Group" action="confirmed" date="1996-10-21"/>
  </code>
</codes>
<dc element="dc.date.created" value="1996-10-21"/>
<dc element="dc.publisher" value="Reuters Holdings Plc"/>
<dc element="dc.date.published" value="1996-10-21"/>
<dc element="dc.source" value="Reuters"/>
<dc element="dc.creator.location" value="TOKYO"/>
<dc element="dc.creator.location.country.name" value="JAPAN"/>
<dc element="dc.source" value="Reuters"/>
</metadata>
</newsitem>
