<?xml version="1.0" encoding="iso-8859-1" ?>
<newsitem itemid="132088" id="root" date="1996-10-21" xml:lang="en">
<title>SOUTH KOREA: Kim Young-sam demands N.Korea apology on submarine.</title>
<headline>Kim Young-sam demands N.Korea apology on submarine.</headline>
<dateline>SEOUL 1996-10-21</dateline>
<text>
<p>South Korean president Kim Young-sam on Monday demanded an apology from North Korea over the intrusion of a submarine last month.</p>
<p>&quot;North Korea should confess, make an apology and promise not to make the same kind of provocation again,&quot; he said in a speech for delivery to the National Assembly.  </p>
<p>Prime Minister Lee Soo-sung was scheduled to deliver the speech to parliament.</p>
<p>Kim was referring to the incursion of a Shark-class submarine that landed 26 North Koreans on an east coast beach on September 18. Twenty two have been killed and one captured, and North Korea has threatened to retaliate.</p>
<p>&quot;If they push us beyond our endurance, we will take stern steps under the Korea-US joint defence posture,&quot; according to an advance copy of the speech. The U.S. maintains 37,000 troops in South Korea to deter any North Korean military action.</p>
<p>Kim urged North Korea to respond to four party peace talks, including the United States and China, to replace a truce that ended the 1950-53 Korean War with a peace arrangement.</p>
</text>
<copyright>(c) Reuters Limited 1996</copyright>
<metadata>
<codes class="bip:countries:1.0">
  <code code="NKOREA">
    <editdetail attribution="Reuters BIP Coding Group" action="confirmed" date="1996-10-21"/>
  </code>
  <code code="SKOREA">
    <editdetail attribution="Reuters BIP Coding Group" action="confirmed" date="1996-10-21"/>
  </code>
</codes>
<codes class="bip:topics:1.0">
  <code code="GCAT">
    <editdetail attribution="Reuters BIP Coding Group" action="confirmed" date="1996-10-21"/>
  </code>
  <code code="GDIP">
    <editdetail attribution="Reuters BIP Coding Group" action="confirmed" date="1996-10-21"/>
  </code>
  <code code="GVIO">
    <editdetail attribution="Reuters BIP Coding Group" action="confirmed" date="1996-10-21"/>
  </code>
</codes>
<dc element="dc.date.created" value="1996-10-21"/>
<dc element="dc.publisher" value="Reuters Holdings Plc"/>
<dc element="dc.date.published" value="1996-10-21"/>
<dc element="dc.source" value="Reuters"/>
<dc element="dc.creator.location" value="SEOUL"/>
<dc element="dc.creator.location.country.name" value="SOUTH KOREA"/>
<dc element="dc.source" value="Reuters"/>
</metadata>
</newsitem>
