<?xml version="1.0" encoding="iso-8859-1" ?>
<newsitem itemid="132034" id="root" date="1996-10-21" xml:lang="en">
<title>JAPAN: Matsuya -96/97 parent forecast.</title>
<headline>Matsuya -96/97 parent forecast.</headline>
<dateline>TOKYO 1996-10-21</dateline>
<text>
<p>Year to February 28, 1997</p>
<p>		   (in billions of yen unless specified)</p>
<p>			   LATEST	    ACTUAL</p>
<p> (Parent)	     FORECAST	  YEAR-AGO</p>
<p> Sales		 94.00		93.71</p>
<p> Current	    750    million	 642    million</p>
<p> Net		  300    million	 272    million</p>
<p> EPS		    5.63 yen	   5.12 yen</p>
<p> Ord div		5.00 yen	   5.00 yen</p>
<p>NOTE - Matsuya Co Ltd is a department store operator.</p>
</text>
<copyright>(c) Reuters Limited 1996</copyright>
<metadata>
<codes class="bip:countries:1.0">
  <code code="JAP">
    <editdetail attribution="Reuters BIP Coding Group" action="confirmed" date="1996-10-21"/>
  </code>
</codes>
<codes class="bip:industries:1.0">
  <code code="I65600">
    <editdetail attribution="Reuters BIP Coding Group" action="confirmed" date="1996-10-21"/>
  </code>
  <code code="I6560002">
    <editdetail attribution="Reuters BIP Coding Group" action="confirmed" date="1996-10-21"/>
  </code>
</codes>
<codes class="bip:topics:1.0">
  <code code="C15">
    <editdetail attribution="Reuters BIP Coding Group" action="confirmed" date="1996-10-21"/>
  </code>
  <code code="C152">
    <editdetail attribution="Reuters BIP Coding Group" action="confirmed" date="1996-10-21"/>
  </code>
  <code code="CCAT">
    <editdetail attribution="Reuters BIP Coding Group" action="confirmed" date="1996-10-21"/>
  </code>
</codes>
<dc element="dc.date.created" value="1996-10-21"/>
<dc element="dc.publisher" value="Reuters Holdings Plc"/>
<dc element="dc.date.published" value="1996-10-21"/>
<dc element="dc.source" value="Reuters"/>
<dc element="dc.creator.location" value="TOKYO"/>
<dc element="dc.creator.location.country.name" value="JAPAN"/>
<dc element="dc.source" value="Reuters"/>
</metadata>
</newsitem>
