<?xml version="1.0" encoding="iso-8859-1" ?>
<newsitem itemid="132092" id="root" date="1996-10-21" xml:lang="en">
<title>JAPAN: S&amp;P assigns AA- to Finnish Export Credit samurais.</title>
<headline>S&amp;P assigns AA- to Finnish Export Credit samurais.</headline>
<dateline>TOKYO 1996-10-21</dateline>
<text>
<p>Standard &amp; Poor's Corp (S&amp;P) said on Monday that it had assigned an AA- rating to 25 billion yen worth of five percent yen/U.S. dollar dual currency bonds issued by Finnish Export Credit Ltd.</p>
<p>The bonds are due February 3, 2000.</p>
<p>S&amp;P's outlook for the bonds is positive, S&amp;P said in a statement.</p>
</text>
<copyright>(c) Reuters Limited 1996</copyright>
<metadata>
<codes class="bip:countries:1.0">
  <code code="FIN">
    <editdetail attribution="Reuters BIP Coding Group" action="confirmed" date="1996-10-21"/>
  </code>
  <code code="JAP">
    <editdetail attribution="Reuters BIP Coding Group" action="confirmed" date="1996-10-21"/>
  </code>
</codes>
<codes class="bip:industries:1.0">
  <code code="I81501">
    <editdetail attribution="Reuters BIP Coding Group" action="confirmed" date="1996-10-21"/>
  </code>
  <code code="I8150110">
    <editdetail attribution="Reuters BIP Coding Group" action="confirmed" date="1996-10-21"/>
  </code>
</codes>
<codes class="bip:topics:1.0">
  <code code="C17">
    <editdetail attribution="Reuters BIP Coding Group" action="confirmed" date="1996-10-21"/>
  </code>
  <code code="C174">
    <editdetail attribution="Reuters BIP Coding Group" action="confirmed" date="1996-10-21"/>
  </code>
  <code code="CCAT">
    <editdetail attribution="Reuters BIP Coding Group" action="confirmed" date="1996-10-21"/>
  </code>
</codes>
<dc element="dc.date.created" value="1996-10-21"/>
<dc element="dc.publisher" value="Reuters Holdings Plc"/>
<dc element="dc.date.published" value="1996-10-21"/>
<dc element="dc.source" value="Reuters"/>
<dc element="dc.creator.location" value="TOKYO"/>
<dc element="dc.creator.location.country.name" value="JAPAN"/>
<dc element="dc.source" value="Reuters"/>
</metadata>
</newsitem>
