<?xml version="1.0" encoding="iso-8859-1" ?>
<newsitem itemid="132040" id="root" date="1996-10-21" xml:lang="en">
<title>JAPAN: Gakuikusha - 95/96 parent results.</title>
<headline>Gakuikusha - 95/96 parent results.</headline>
<dateline>TOKYO 1996-10-21</dateline>
<text>
<p>Year to August 31, 1996</p>
<p> (Parent)	(in billions of yen unless specified)</p>
<p> Sales		  2.30		vs	    2.02</p>
<p> Operating	  432    million    vs	  416    million</p>
<p> Current	    425    million    vs	  396    million</p>
<p> Net		  209    million    vs	  178    million</p>
<p> EPS		   45.60 yen	  vs	   45.01 yen</p>
<p> Diluted EPS	   -   yen	  vs	    -    yen</p>
<p> Shares		5 million	  vs	   5 million</p>
<p> Ord div	     12.00 yen	  vs	   10.00 yen</p>
<p>NOTE - Gakuikusha Co Ltd is the full company name.</p>
</text>
<copyright>(c) Reuters Limited 1996</copyright>
<metadata>
<codes class="bip:countries:1.0">
  <code code="JAP">
    <editdetail attribution="Reuters BIP Coding Group" action="confirmed" date="1996-10-21"/>
  </code>
</codes>
<codes class="bip:topics:1.0">
  <code code="C15">
    <editdetail attribution="Reuters BIP Coding Group" action="confirmed" date="1996-10-21"/>
  </code>
  <code code="C151">
    <editdetail attribution="Reuters BIP Coding Group" action="confirmed" date="1996-10-21"/>
  </code>
  <code code="C1511">
    <editdetail attribution="Reuters BIP Coding Group" action="confirmed" date="1996-10-21"/>
  </code>
  <code code="CCAT">
    <editdetail attribution="Reuters BIP Coding Group" action="confirmed" date="1996-10-21"/>
  </code>
</codes>
<dc element="dc.date.created" value="1996-10-21"/>
<dc element="dc.publisher" value="Reuters Holdings Plc"/>
<dc element="dc.date.published" value="1996-10-21"/>
<dc element="dc.source" value="Reuters"/>
<dc element="dc.creator.location" value="TOKYO"/>
<dc element="dc.creator.location.country.name" value="JAPAN"/>
<dc element="dc.source" value="Reuters"/>
</metadata>
</newsitem>
