<?xml version="1.0" encoding="iso-8859-1" ?>
<newsitem itemid="13208" id="root" date="1996-08-25" xml:lang="en">
<title>CHINA: China to reform military trial procedures.</title>
<headline>China to reform military trial procedures.</headline>
<dateline>BEIJING 1996-08-25</dateline>
<text>
<p>China plans to make military trials more open as part of a reform of court procedures within the People's Liberation Army, the Liberation Army Daily said on Sunday.</p>
<p>The newspaper said trials would be brought closer in line with criminal procedures in civilian courts, with more responsibility given to both the prosecution and defence in presenting evidence.</p>
<p>Pilot reforms had already begun in army and air force units in Chengdu in southwest China and Shenyang in the northeast. The changes were set to be implemented nationally by the end of next year.</p>
<p>The changes would ensure the fairness of trials, the newspaper said without elaborating.</p>
<p>Military and civilian court procedures in China are secretive. Defendants are usually given little opportunity to prepare their cases and appeals rarely overturn preliminary decisions.</p>
</text>
<copyright>(c) Reuters Limited 1996</copyright>
<metadata>
<codes class="bip:countries:1.0">
  <code code="CHINA">
    <editdetail attribution="Reuters BIP Coding Group" action="confirmed" date="1996-08-25"/>
  </code>
</codes>
<codes class="bip:topics:1.0">
  <code code="GCAT">
    <editdetail attribution="Reuters BIP Coding Group" action="confirmed" date="1996-08-25"/>
  </code>
  <code code="GCRIM">
    <editdetail attribution="Reuters BIP Coding Group" action="confirmed" date="1996-08-25"/>
  </code>
  <code code="GDEF">
    <editdetail attribution="Reuters BIP Coding Group" action="confirmed" date="1996-08-25"/>
  </code>
</codes>
<dc element="dc.date.created" value="1996-08-25"/>
<dc element="dc.publisher" value="Reuters Holdings Plc"/>
<dc element="dc.date.published" value="1996-08-25"/>
<dc element="dc.source" value="Reuters"/>
<dc element="dc.creator.location" value="BEIJING"/>
<dc element="dc.creator.location.country.name" value="CHINA"/>
<dc element="dc.source" value="Reuters"/>
</metadata>
</newsitem>
