<?xml version="1.0" encoding="iso-8859-1" ?>
<newsitem itemid="132036" id="root" date="1996-10-21" xml:lang="en">
<title>JAPAN: Anritsu -96/97 parent forecast.</title>
<headline>Anritsu -96/97 parent forecast.</headline>
<dateline>TOKYO 1996-10-21</dateline>
<text>
<p>Year to March 31, 1997</p>
<p>		   (in billions of yen unless specified)</p>
<p>			   LATEST	    PREVIOUS	   ACTUAL</p>
<p> (Parent)	     FORECAST	   FORECAST	  YEAR-AGO</p>
<p> Sales		 98.00		94.50		87.54</p>
<p> Current		5.30		 4.70		 3.99</p>
<p> Net		    2.70		 2.40		 1.74</p>
<p>NOTE - Anritsu Corp is an electronics equipment maker affiliated with NEC Corp.</p>
</text>
<copyright>(c) Reuters Limited 1996</copyright>
<metadata>
<codes class="bip:countries:1.0">
  <code code="JAP">
    <editdetail attribution="Reuters BIP Coding Group" action="confirmed" date="1996-10-21"/>
  </code>
</codes>
<codes class="bip:industries:1.0">
  <code code="I33020">
    <editdetail attribution="Reuters BIP Coding Group" action="confirmed" date="1996-10-21"/>
  </code>
  <code code="I34420">
    <editdetail attribution="Reuters BIP Coding Group" action="confirmed" date="1996-10-21"/>
  </code>
</codes>
<codes class="bip:topics:1.0">
  <code code="C15">
    <editdetail attribution="Reuters BIP Coding Group" action="confirmed" date="1996-10-21"/>
  </code>
  <code code="C152">
    <editdetail attribution="Reuters BIP Coding Group" action="confirmed" date="1996-10-21"/>
  </code>
  <code code="CCAT">
    <editdetail attribution="Reuters BIP Coding Group" action="confirmed" date="1996-10-21"/>
  </code>
</codes>
<dc element="dc.date.created" value="1996-10-21"/>
<dc element="dc.publisher" value="Reuters Holdings Plc"/>
<dc element="dc.date.published" value="1996-10-21"/>
<dc element="dc.source" value="Reuters"/>
<dc element="dc.creator.location" value="TOKYO"/>
<dc element="dc.creator.location.country.name" value="JAPAN"/>
<dc element="dc.source" value="Reuters"/>
</metadata>
</newsitem>
