<?xml version="1.0" encoding="iso-8859-1" ?>
<newsitem itemid="13207" id="root" date="1996-08-25" xml:lang="en">
<title>SOUTH KOREA: The case against South Korea's Chun, Roh.</title>
<headline>The case against South Korea's Chun, Roh.</headline>
<dateline>SEOUL 1996-08-25</dateline>
<text>
<p>A Seoul court is expected to deliver a verdict and pass sentence on Monday on former South Korean presidents Chun Doo Hwan and Roh Tae-woo on charges of treason, mutiny and corruption.</p>
<p>Prosecutors have demanded death for Chun and life in jail for Roh.</p>
<p>Sentencing will be divided into three parts.</p>
<p>First, for Chun, Roh and 14 former military associates on charges of mutiny and treason. Second, for Roh, nine business tycoons and five former top officials on charges of corruption. Third, for Chun and four former officials for corruption.</p>
<p>The following is a chronology of major events leading up to what has been billed in South Korea the &quot;trial of the century&quot;.</p>
<p>Oct 19, 1995 - Opposition lawmaker Park Key-dong drops bombshell in parliament by saying Roh amassed 400 billion won ($492 million) while in office from 1988-93.</p>
<p>Oct 27 - Roh tearful confesses he secretly amassed a slush fund totalling 500 billion won.</p>
<p>Nov 1 - Prosecutors start grilling Roh, the first South Korean president serving or retired to face legal questioning.</p>
<p>Nov 16 - Roh is arrested and held on charges of taking bribes from business tycoons.</p>
<p>Nov 24 - President Kim Young-sam orders his ruling party to draft a special law to punish his two predecessors for abuses.</p>
<p>Nov 30 - Prosecutors form team to reopen investigation into a 1979 coup and 1980 army massacre of pro-democracy protesters in the southern city of Kwangju.</p>
<p>Dec 1 - Chun rejects prosecution summons to appear for questioning and the following day heads for his hometown after holding a defiant news conference to accuse President Kim of political witchhunt.</p>
<p>Dec 3 - Chun is arrested on charges of masterminding the 1979 putsch and brought back to Seoul where he is detained in Anyang Prison. He begins a hunger strike.</p>
<p>Dec 5 - Roh is charged with accepting bribes from business tycoons. Prosecutors also indict nine business tycoons but they are not detained.</p>
<p>Dec 9 - Seoul prosecutors probe into Chun's slush fund.</p>
<p>Dec 18 - Corruption trial starts for Roh, nine business moguls and five former top officials.</p>
<p>Dec 21 - Chun and Roh are formally indicted on mutiny charges for their major roles in the 1979 coup.</p>
<p>Dec 29 - Chun ends fasting.</p>
<p>Jan 12, 1996 - Chun is charged with accepting bribes.</p>
<p>Jan 22 - Prosecutors indict Chun and Roh on treason charges over the Kwangju massacre.</p>
<p>Feb 26 - Chun appears in court to answer bribery charges.</p>
<p>Feb 28 - Prosecutors wind up a three-month probe into the coup and the army massacre.</p>
<p>March 11 - Hearing begins on mutiny and treason charges against Chun and Roh.</p>
<p>June 29 - Prosecutors demand jail sentences for nine tycoons on trial with Roh for corruption, including chairmen of Samsung and Daewoo groups, and the five others.</p>
<p>Aug 5 - Prosecutors ask court to sentence Chun to death and Roh to life in prison. Jail terms of between 10 years and life sought for the 14 former officers.</p>
</text>
<copyright>(c) Reuters Limited 1996</copyright>
<metadata>
<codes class="bip:countries:1.0">
  <code code="SKOREA">
    <editdetail attribution="Reuters BIP Coding Group" action="confirmed" date="1996-08-25"/>
  </code>
</codes>
<codes class="bip:topics:1.0">
  <code code="GCAT">
    <editdetail attribution="Reuters BIP Coding Group" action="confirmed" date="1996-08-25"/>
  </code>
  <code code="GCRIM">
    <editdetail attribution="Reuters BIP Coding Group" action="confirmed" date="1996-08-25"/>
  </code>
  <code code="GPOL">
    <editdetail attribution="Reuters BIP Coding Group" action="confirmed" date="1996-08-25"/>
  </code>
</codes>
<dc element="dc.date.created" value="1996-08-25"/>
<dc element="dc.publisher" value="Reuters Holdings Plc"/>
<dc element="dc.date.published" value="1996-08-25"/>
<dc element="dc.source" value="Reuters"/>
<dc element="dc.creator.location" value="SEOUL"/>
<dc element="dc.creator.location.country.name" value="SOUTH KOREA"/>
<dc element="dc.source" value="Reuters"/>
</metadata>
</newsitem>
