<?xml version="1.0" encoding="iso-8859-1" ?>
<newsitem itemid="132009" id="root" date="1996-10-21" xml:lang="en">
<title>SINGAPORE: FOCUS-Singapore non-oil exports slide in September.</title>
<headline>FOCUS-Singapore non-oil exports slide in September.</headline>
<byline>Chris Johnson</byline>
<dateline>SINGAPORE 1996-10-21</dateline>
<text>
<p>Singapore's non-oil exports fell 6.2 percent year-on-year in nominal terms in September due to a slump in the worldwide electronics industry, the Trade Development Board (TDB) said on Monday.</p>
<p>The fall in exports was worse than expected and led some economists to cut further their forecasts for the city-state's economic growth in 1996.</p>
<p>The TDB said in a statement non-oil domestic exports totalled Singapore $7.31 billion (US$5.18 billion) in September.  </p>
<p>In August, the city-state's non-oil domestic exports fell 6.3 percent to S$7.01 billion.</p>
<p>A Reuter poll of 12 Singapore-based economists had predicted a nominal year-on-year fall of 3.4 percent in September.</p>
<p>The TDB said non-oil exports to the United States increased marginally by 1.2 percent to S$2.3 billion in September, but exports to Europe, Japan and neighbouring Malaysia all fell.</p>
<p>&quot;Non-oil domestic exports declined by 6.2 percent due to the continued sluggishness in global electronics demand,&quot; the TDB statement said.  </p>
<p>Electronics, computers and related products account for about half Singapore's total industrial production and almost 60 percent of its non-oil exports.</p>
<p>In real terms, non-oil exports fell 2.5 percent in September to S$9.29 billion after falling 2.8 percent in August.</p>
<p>The biggest percentage fall in exports was seen for telecommunication equipment, which registered a 23.7 percent year-on-year fall in September.</p>
<p>Exports of electrical machinery and electronic valves also fell sharply, by 16.2 percent and 11.7 percent respectively.  </p>
<p>Analysts said the figures confirmed their generally pessimistic view of the prospects for the Singapore economy as a whole for 1996.</p>
<p>In a Reuters poll conducted at the end of last week, 12 economists produced an average forecast of a rise of 6.5 percent in Singapore's gross domestic product (GDP) in 1996, after growth of 8.8 percent in 1995 and 10.2 percent in 1994.</p>
<p>But several of the economists in that survey said on Monday they would now consider revising downwards their GDP forecasts.  </p>
<p>Paul Schymyck, head of research at Canadian Imperial Bank of Commerce, who had expected the September export figures to show a rebound from the slump in August, said he might cut his forecast for Singapore's 1996 growth by 0.5 percentage points.</p>
<p>&quot;It is worse than expected,&quot; he said. &quot;I think it would lead to a further reduction of our (growth) forecast for the year by perhaps 0.5 percent to close to six percent.&quot;</p>
<p>Deutsche Morgan Grenfell economist Ng Bock Eng agreed, saying he would also now consider shaving 0.4 or 0.5 percentage points off his full-year forecast for Singapore's 1996 growth.  </p>
<p>&quot;These export figures suggest the Singapore economy was very weak in the third quarter,&quot; Ng said.</p>
<p>&quot;The question is now whether things will begin to push up from here. There is talk of some electronics orders picking up but we are not sure yet. Some electronics products are still seeing very weak demand,&quot; he said.</p>
<p>(US$1=S$1.41)</p>
<p>-- Singapore newsroom (65 8703199)</p>
</text>
<copyright>(c) Reuters Limited 1996</copyright>
<metadata>
<codes class="bip:countries:1.0">
  <code code="SINGP">
    <editdetail attribution="Reuters BIP Coding Group" action="confirmed" date="1996-10-21"/>
  </code>
</codes>
<codes class="bip:topics:1.0">
  <code code="E51">
    <editdetail attribution="Reuters BIP Coding Group" action="confirmed" date="1996-10-21"/>
  </code>
  <code code="E512">
    <editdetail attribution="Reuters BIP Coding Group" action="confirmed" date="1996-10-21"/>
  </code>
  <code code="ECAT">
    <editdetail attribution="Reuters BIP Coding Group" action="confirmed" date="1996-10-21"/>
  </code>
</codes>
<dc element="dc.date.created" value="1996-10-21"/>
<dc element="dc.publisher" value="Reuters Holdings Plc"/>
<dc element="dc.date.published" value="1996-10-21"/>
<dc element="dc.source" value="Reuters"/>
<dc element="dc.creator.location" value="SINGAPORE"/>
<dc element="dc.creator.location.country.name" value="SINGAPORE"/>
<dc element="dc.source" value="Reuters"/>
</metadata>
</newsitem>
