<?xml version="1.0" encoding="iso-8859-1" ?>
<newsitem itemid="132049" id="root" date="1996-10-21" xml:lang="en">
<title>JAPAN: Yamatane -6mth parent results.</title>
<headline>Yamatane -6mth parent results.</headline>
<dateline>TOKYO 1996-10-21</dateline>
<text>
<p>Six months to September 30, 1996</p>
<p> (Parent)	(in billions of yen unless specified)</p>
<p> Sales		 26.47		vs	   25.07</p>
<p> Operating	  861    million    vs	  675    million</p>
<p> Current	    820    million    vs	  910    million</p>
<p> Net		  406    million    vs	  460    million</p>
<p> EPS		    4.88 yen	  vs	    5.73 yen</p>
<p> Shares	     84 million	  vs	  80 million</p>
<p> Interim div	  3.00 yen	  vs	    3.00 yen</p>
<p>NOTE - Yamatane Corp is a warehouse operator.</p>
</text>
<copyright>(c) Reuters Limited 1996</copyright>
<metadata>
<codes class="bip:countries:1.0">
  <code code="JAP">
    <editdetail attribution="Reuters BIP Coding Group" action="confirmed" date="1996-10-21"/>
  </code>
</codes>
<codes class="bip:industries:1.0">
  <code code="I77003">
    <editdetail attribution="Reuters BIP Coding Group" action="confirmed" date="1996-10-21"/>
  </code>
</codes>
<codes class="bip:topics:1.0">
  <code code="C15">
    <editdetail attribution="Reuters BIP Coding Group" action="confirmed" date="1996-10-21"/>
  </code>
  <code code="C151">
    <editdetail attribution="Reuters BIP Coding Group" action="confirmed" date="1996-10-21"/>
  </code>
  <code code="CCAT">
    <editdetail attribution="Reuters BIP Coding Group" action="confirmed" date="1996-10-21"/>
  </code>
</codes>
<dc element="dc.date.created" value="1996-10-21"/>
<dc element="dc.publisher" value="Reuters Holdings Plc"/>
<dc element="dc.date.published" value="1996-10-21"/>
<dc element="dc.source" value="Reuters"/>
<dc element="dc.creator.location" value="TOKYO"/>
<dc element="dc.creator.location.country.name" value="JAPAN"/>
<dc element="dc.source" value="Reuters"/>
</metadata>
</newsitem>
