<?xml version="1.0" encoding="iso-8859-1" ?>
<newsitem itemid="132027" id="root" date="1996-10-21" xml:lang="en">
<title>JAPAN: Maruha -96/97 parent forecast.</title>
<headline>Maruha -96/97 parent forecast.</headline>
<dateline>TOKYO 1996-10-21</dateline>
<text>
<p>Year to March 31, 1997</p>
<p>		   (in billions of yen unless specified)</p>
<p>			   LATEST	    PREVIOUS	   ACTUAL</p>
<p> (Parent)	     FORECAST	   FORECAST	  YEAR-AGO</p>
<p> Sales		410.00	     410.00	     411.38</p>
<p> Current		4.00		 3.50		 2.95</p>
<p> Net		    1.50		 1.50	     856    million</p>
<p> Ord div		 nil		  nil		  nil</p>
<p>NOTE - Maruha Corp is a large fishing company.</p>
</text>
<copyright>(c) Reuters Limited 1996</copyright>
<metadata>
<codes class="bip:countries:1.0">
  <code code="JAP">
    <editdetail attribution="Reuters BIP Coding Group" action="confirmed" date="1996-10-21"/>
  </code>
</codes>
<codes class="bip:industries:1.0">
  <code code="I03000">
    <editdetail attribution="Reuters BIP Coding Group" action="confirmed" date="1996-10-21"/>
  </code>
</codes>
<codes class="bip:topics:1.0">
  <code code="C15">
    <editdetail attribution="Reuters BIP Coding Group" action="confirmed" date="1996-10-21"/>
  </code>
  <code code="C152">
    <editdetail attribution="Reuters BIP Coding Group" action="confirmed" date="1996-10-21"/>
  </code>
  <code code="CCAT">
    <editdetail attribution="Reuters BIP Coding Group" action="confirmed" date="1996-10-21"/>
  </code>
</codes>
<dc element="dc.date.created" value="1996-10-21"/>
<dc element="dc.publisher" value="Reuters Holdings Plc"/>
<dc element="dc.date.published" value="1996-10-21"/>
<dc element="dc.source" value="Reuters"/>
<dc element="dc.creator.location" value="TOKYO"/>
<dc element="dc.creator.location.country.name" value="JAPAN"/>
<dc element="dc.source" value="Reuters"/>
</metadata>
</newsitem>
