<?xml version="1.0" encoding="iso-8859-1" ?>
<newsitem itemid="132053" id="root" date="1996-10-21" xml:lang="en">
<title>JAPAN: Tokyo stocks end sharply lower after election.</title>
<headline>Tokyo stocks end sharply lower after election.</headline>
<dateline>TOKYO 1996-10-21</dateline>
<text>
<p>Tokyo stocks closed sharply lower on Monday after rounds of profit-taking ate away gains posted last week in anticipation of Lower House elections on Sunday, brokers said. Turnover was small as investors retreated into a wait-and-see stance, they added.</p>
<p>The benchmark Nikkei 225 average sank 309.35 points, or 1.43 percent, to settle at 21,302.95. Its December futures were down 390 points at 21,310.</p>
<p>&quot;The profit-taking was accelerated by disappointment that the Liberal Democratic Party (LDP) did not win a majority,&quot; said Akihiro Naemura, strategist at Okasan Securities.</p>
</text>
<copyright>(c) Reuters Limited 1996</copyright>
<metadata>
<codes class="bip:countries:1.0">
  <code code="JAP">
    <editdetail attribution="Reuters BIP Coding Group" action="confirmed" date="1996-10-21"/>
  </code>
</codes>
<codes class="bip:topics:1.0">
  <code code="M11">
    <editdetail attribution="Reuters BIP Coding Group" action="confirmed" date="1996-10-21"/>
  </code>
  <code code="MCAT">
    <editdetail attribution="Reuters BIP Coding Group" action="confirmed" date="1996-10-21"/>
  </code>
</codes>
<dc element="dc.date.created" value="1996-10-21"/>
<dc element="dc.publisher" value="Reuters Holdings Plc"/>
<dc element="dc.date.published" value="1996-10-21"/>
<dc element="dc.source" value="Reuters"/>
<dc element="dc.creator.location" value="TOKYO"/>
<dc element="dc.creator.location.country.name" value="JAPAN"/>
<dc element="dc.source" value="Reuters"/>
</metadata>
</newsitem>
