<?xml version="1.0" encoding="iso-8859-1" ?>
<newsitem itemid="132013" id="root" date="1996-10-21" xml:lang="en">
<title>JAPAN: Plenus - 96/97 parent results.</title>
<headline>Plenus - 96/97 parent results.</headline>
<dateline>TOKYO 1996-10-21</dateline>
<text>
<p>Year to February 28, 1997</p>
<p> (Parent)	(in billions of yen unless specified)</p>
<p> Sales		 49.00		vs	   44.41</p>
<p> Current		5.30		vs	    5.03</p>
<p> Net		    2.55		vs	    2.45</p>
<p> EPS		  187.82 yen	  vs	  198.80 yen</p>
<p> Ord div	     24.00 yen	  vs	   24.00 yen</p>
<p>NOTE - Plenus Co Ltd sells take-out boxed meals.</p>
</text>
<copyright>(c) Reuters Limited 1996</copyright>
<metadata>
<codes class="bip:countries:1.0">
  <code code="JAP">
    <editdetail attribution="Reuters BIP Coding Group" action="confirmed" date="1996-10-21"/>
  </code>
</codes>
<codes class="bip:industries:1.0">
  <code code="I66100">
    <editdetail attribution="Reuters BIP Coding Group" action="confirmed" date="1996-10-21"/>
  </code>
</codes>
<codes class="bip:topics:1.0">
  <code code="C15">
    <editdetail attribution="Reuters BIP Coding Group" action="confirmed" date="1996-10-21"/>
  </code>
  <code code="C151">
    <editdetail attribution="Reuters BIP Coding Group" action="confirmed" date="1996-10-21"/>
  </code>
  <code code="C1511">
    <editdetail attribution="Reuters BIP Coding Group" action="confirmed" date="1996-10-21"/>
  </code>
  <code code="CCAT">
    <editdetail attribution="Reuters BIP Coding Group" action="confirmed" date="1996-10-21"/>
  </code>
</codes>
<dc element="dc.date.created" value="1996-10-21"/>
<dc element="dc.publisher" value="Reuters Holdings Plc"/>
<dc element="dc.date.published" value="1996-10-21"/>
<dc element="dc.source" value="Reuters"/>
<dc element="dc.creator.location" value="TOKYO"/>
<dc element="dc.creator.location.country.name" value="JAPAN"/>
<dc element="dc.source" value="Reuters"/>
</metadata>
</newsitem>
