<?xml version="1.0" encoding="iso-8859-1" ?>
<newsitem itemid="132095" id="root" date="1996-10-21" xml:lang="en">
<title>PHILIPPINES: Manila's PHIBOR rates steady in all maturities.</title>
<headline>Manila's PHIBOR rates steady in all maturities.</headline>
<dateline>MANILA 1996-10-21</dateline>
<text>
<p>Philippine interbank offered rates (PHIBOR) were unchanged on Monday with traders citing an absence of market-moving developments.</p>
<p>&quot;Inflows and outflows of dollars are just equal. On the domestic side, the market is liquid,&quot; a dealer said.</p>
<p>PHIBOR did not follow money market rates, which inched up, because the latter are expected to ease on Tuesday, she said.</p>
<p>PHIBOR represents rates at which banks are willing to swap pesos for dollars.  </p>
<p>Average rates quoted by 20 banks were:</p>
<p>			  OCT 21		 OCT 18</p>
<p>    1 W		11  3/8		 11 3/8</p>
<p>    2 W		11  3/8		 11 3/8</p>
<p>    1 M		11  3/8		 11 3/8</p>
<p>    2 M		11  3/8		 11 3/8</p>
<p>    3 M		11  1/2		 11 1/2</p>
<p>    6 M		11  3/4		 11 3/4</p>
<p>    12M		11 13/16		11 13/16</p>
<p>    VAL		22-Oct		  21-Oct</p>
<p>- LILIAN KARUNUNGAN (632) 841-8937</p>
</text>
<copyright>(c) Reuters Limited 1996</copyright>
<metadata>
<codes class="bip:countries:1.0">
  <code code="PHLNS">
    <editdetail attribution="Reuters BIP Coding Group" action="confirmed" date="1996-10-21"/>
  </code>
</codes>
<codes class="bip:topics:1.0">
  <code code="M13">
    <editdetail attribution="Reuters BIP Coding Group" action="confirmed" date="1996-10-21"/>
  </code>
  <code code="M131">
    <editdetail attribution="Reuters BIP Coding Group" action="confirmed" date="1996-10-21"/>
  </code>
  <code code="MCAT">
    <editdetail attribution="Reuters BIP Coding Group" action="confirmed" date="1996-10-21"/>
  </code>
</codes>
<dc element="dc.date.created" value="1996-10-21"/>
<dc element="dc.publisher" value="Reuters Holdings Plc"/>
<dc element="dc.date.published" value="1996-10-21"/>
<dc element="dc.source" value="Reuters"/>
<dc element="dc.creator.location" value="MANILA"/>
<dc element="dc.creator.location.country.name" value="PHILIPPINES"/>
<dc element="dc.source" value="Reuters"/>
</metadata>
</newsitem>
