<?xml version="1.0" encoding="iso-8859-1" ?>
<newsitem itemid="132003" id="root" date="1996-10-21" xml:lang="en">
<title>THAILAND: Nava Finance Q3 net profit lower.</title>
<headline>Nava Finance Q3 net profit lower.</headline>
<dateline>BANGKOK 1996-10-21</dateline>
<text>
<p>Unaudited financial results for the first nine months ending September 30, 1996.</p>
<p>		   (in millions of baht unless stated)</p>
<p>				 Third quarter</p>
<p>				   1996			1995</p>
<p>    Shr (baht)		 0.80			1.06</p>
<p>    Net			179.65		    239.54</p>
<p>				 Nine months</p>
<p>				   1996			1995</p>
<p>    Shr (baht)		 3.30     vs	     4.18</p>
<p>    Net			741.56     vs	   662.50</p>
<p>NOTES: Company's full name is Nava Finance and Securities Plc. It is a finance and securities firm.</p>
<p>-- Bangkok newsroom 662-652-0642</p>
</text>
<copyright>(c) Reuters Limited 1996</copyright>
<metadata>
<codes class="bip:countries:1.0">
  <code code="THAIL">
    <editdetail attribution="Reuters BIP Coding Group" action="confirmed" date="1996-10-21"/>
  </code>
</codes>
<codes class="bip:industries:1.0">
  <code code="I83100">
    <editdetail attribution="Reuters BIP Coding Group" action="confirmed" date="1996-10-21"/>
  </code>
</codes>
<codes class="bip:topics:1.0">
  <code code="C15">
    <editdetail attribution="Reuters BIP Coding Group" action="confirmed" date="1996-10-21"/>
  </code>
  <code code="C151">
    <editdetail attribution="Reuters BIP Coding Group" action="confirmed" date="1996-10-21"/>
  </code>
  <code code="CCAT">
    <editdetail attribution="Reuters BIP Coding Group" action="confirmed" date="1996-10-21"/>
  </code>
</codes>
<dc element="dc.date.created" value="1996-10-21"/>
<dc element="dc.publisher" value="Reuters Holdings Plc"/>
<dc element="dc.date.published" value="1996-10-21"/>
<dc element="dc.source" value="Reuters"/>
<dc element="dc.creator.location" value="BANGKOK"/>
<dc element="dc.creator.location.country.name" value="THAILAND"/>
<dc element="dc.source" value="Reuters"/>
</metadata>
</newsitem>
