<?xml version="1.0" encoding="iso-8859-1" ?>
<newsitem itemid="132057" id="root" date="1996-10-21" xml:lang="en">
<title>JAPAN: Horiba -6mth parent results.</title>
<headline>Horiba -6mth parent results.</headline>
<dateline>TOKYO 1996-10-21</dateline>
<text>
<p>Six months to September 20, 1996</p>
<p> (Parent)	(in billions of yen unless specified)</p>
<p> Sales		 13.16		vs	   12.23</p>
<p> Operating	  561    million    vs	  175    million</p>
<p> Current	    714    million    vs	  373    million</p>
<p> Net		  301    million    vs	  126    million</p>
<p> EPS		    9.65 yen	  vs	    4.06 yen</p>
<p> Shares	     31 million	  vs	  31 million</p>
<p> Interim div	  3.00 yen	  vs	     nil</p>
<p>NOTE - Horiba Ltd is a maker of measuring instrumnents.</p>
</text>
<copyright>(c) Reuters Limited 1996</copyright>
<metadata>
<codes class="bip:countries:1.0">
  <code code="JAP">
    <editdetail attribution="Reuters BIP Coding Group" action="confirmed" date="1996-10-21"/>
  </code>
</codes>
<codes class="bip:industries:1.0">
  <code code="I37100">
    <editdetail attribution="Reuters BIP Coding Group" action="confirmed" date="1996-10-21"/>
  </code>
</codes>
<codes class="bip:topics:1.0">
  <code code="C15">
    <editdetail attribution="Reuters BIP Coding Group" action="confirmed" date="1996-10-21"/>
  </code>
  <code code="C151">
    <editdetail attribution="Reuters BIP Coding Group" action="confirmed" date="1996-10-21"/>
  </code>
  <code code="CCAT">
    <editdetail attribution="Reuters BIP Coding Group" action="confirmed" date="1996-10-21"/>
  </code>
</codes>
<dc element="dc.date.created" value="1996-10-21"/>
<dc element="dc.publisher" value="Reuters Holdings Plc"/>
<dc element="dc.date.published" value="1996-10-21"/>
<dc element="dc.source" value="Reuters"/>
<dc element="dc.creator.location" value="TOKYO"/>
<dc element="dc.creator.location.country.name" value="JAPAN"/>
<dc element="dc.source" value="Reuters"/>
</metadata>
</newsitem>
