<?xml version="1.0" encoding="iso-8859-1" ?>
<newsitem itemid="132075" id="root" date="1996-10-21" xml:lang="en">
<title>JAPAN: Advan - 6mth parent results.</title>
<headline>Advan - 6mth parent results.</headline>
<dateline>TOKYO 1996-10-21</dateline>
<text>
<p>Six months to September 30, 1996</p>
<p> (Parent)	(in billions of yen unless specified)</p>
<p> Sales		  5.07		vs	    4.22</p>
<p> Operating	  889    million    vs	  758    million</p>
<p> Current	    899    million    vs	  583    million</p>
<p> Net		  599    million    vs	  431    million</p>
<p> EPS		   50.43 yen	  vs	   41.81 yen</p>
<p> Shares	     12 million	  vs	  10 million</p>
<p> Interim div	   nil		vs	  nil</p>
<p>NOTE - Advan Co Ltd sells construction decoration materials.</p>
</text>
<copyright>(c) Reuters Limited 1996</copyright>
<metadata>
<codes class="bip:countries:1.0">
  <code code="JAP">
    <editdetail attribution="Reuters BIP Coding Group" action="confirmed" date="1996-10-21"/>
  </code>
</codes>
<codes class="bip:industries:1.0">
  <code code="I61000">
    <editdetail attribution="Reuters BIP Coding Group" action="confirmed" date="1996-10-21"/>
  </code>
</codes>
<codes class="bip:topics:1.0">
  <code code="C15">
    <editdetail attribution="Reuters BIP Coding Group" action="confirmed" date="1996-10-21"/>
  </code>
  <code code="C151">
    <editdetail attribution="Reuters BIP Coding Group" action="confirmed" date="1996-10-21"/>
  </code>
  <code code="CCAT">
    <editdetail attribution="Reuters BIP Coding Group" action="confirmed" date="1996-10-21"/>
  </code>
</codes>
<dc element="dc.date.created" value="1996-10-21"/>
<dc element="dc.publisher" value="Reuters Holdings Plc"/>
<dc element="dc.date.published" value="1996-10-21"/>
<dc element="dc.source" value="Reuters"/>
<dc element="dc.creator.location" value="TOKYO"/>
<dc element="dc.creator.location.country.name" value="JAPAN"/>
<dc element="dc.source" value="Reuters"/>
</metadata>
</newsitem>
