<?xml version="1.0" encoding="iso-8859-1" ?>
<newsitem itemid="132089" id="root" date="1996-10-21" xml:lang="en">
<title>SINGAPORE: Singapore oil exports up 8.2 pct in Sept from Aug.</title>
<headline>Singapore oil exports up 8.2 pct in Sept from Aug.</headline>
<dateline>SINGAPORE 1996-10-21</dateline>
<text>
<p>The value of Singapore's oil exports in September rose a nominal 8.2 percent to S$1.311 billion from a month-earlier S$1.211, data from the Trade Development Board (TDB) showed on Monday.</p>
<p>The September exports were 26.3 percent higher than the year-earlier exports, the figures showed.</p>
<p>In real terms, September oil exports were 7.3 percent higher at S$1.894 billion from August's S$1.765 billion. The September figure was 8.6 percent higher in real term than the year-earlier level.  </p>
<p>The TDB attributed the oil export growth to &quot;the escalation of oil price in the aftermath of the U.S.-Iraq conflict.&quot;</p>
<p>The United States fired missiles on southern Iraq in the first week of September in relatiation for Iraq's incursion against Kurds in the north of the country.</p>
<p>The attack prompted prompt Brent crude futures to rise to a five-year high.</p>
<p>-- Singapore Newsroom (+65 870 3081)</p>
</text>
<copyright>(c) Reuters Limited 1996</copyright>
<metadata>
<codes class="bip:countries:1.0">
  <code code="SINGP">
    <editdetail attribution="Reuters BIP Coding Group" action="confirmed" date="1996-10-21"/>
  </code>
</codes>
<codes class="bip:industries:1.0">
  <code code="I13000">
    <editdetail attribution="Reuters BIP Coding Group" action="confirmed" date="1996-10-21"/>
  </code>
</codes>
<codes class="bip:topics:1.0">
  <code code="C31">
    <editdetail attribution="Reuters BIP Coding Group" action="confirmed" date="1996-10-21"/>
  </code>
  <code code="C312">
    <editdetail attribution="Reuters BIP Coding Group" action="confirmed" date="1996-10-21"/>
  </code>
  <code code="CCAT">
    <editdetail attribution="Reuters BIP Coding Group" action="confirmed" date="1996-10-21"/>
  </code>
  <code code="E51">
    <editdetail attribution="Reuters BIP Coding Group" action="confirmed" date="1996-10-21"/>
  </code>
  <code code="E512">
    <editdetail attribution="Reuters BIP Coding Group" action="confirmed" date="1996-10-21"/>
  </code>
  <code code="ECAT">
    <editdetail attribution="Reuters BIP Coding Group" action="confirmed" date="1996-10-21"/>
  </code>
</codes>
<dc element="dc.date.created" value="1996-10-21"/>
<dc element="dc.publisher" value="Reuters Holdings Plc"/>
<dc element="dc.date.published" value="1996-10-21"/>
<dc element="dc.source" value="Reuters"/>
<dc element="dc.creator.location" value="SINGAPORE"/>
<dc element="dc.creator.location.country.name" value="SINGAPORE"/>
<dc element="dc.source" value="Reuters"/>
</metadata>
</newsitem>
