<?xml version="1.0" encoding="iso-8859-1" ?>
<newsitem itemid="132052" id="root" date="1996-10-21" xml:lang="en">
<title>JAPAN: CATS Inc - 95/96 group results.</title>
<headline>CATS Inc - 95/96 group results.</headline>
<dateline>TOKYO 1996-10-21</dateline>
<text>
<p>Year to August 31, 1996</p>
<p> (Group)	(in billions of yen unless specified)</p>
<p> Sales		  9.82		vs	    8.49</p>
<p> Operating	  925    million    vs	  680    million</p>
<p> Current	    955    million    vs	  664    million</p>
<p> Net		  394    million    vs	  263    million</p>
<p> EPS		   24.97 yen	  vs	   17.51 yen</p>
<p> Diluted EPS	     -		vs		 -</p>
<p>NOTE - CATS Inc is a pest control company.</p>
</text>
<copyright>(c) Reuters Limited 1996</copyright>
<metadata>
<codes class="bip:countries:1.0">
  <code code="JAP">
    <editdetail attribution="Reuters BIP Coding Group" action="confirmed" date="1996-10-21"/>
  </code>
</codes>
<codes class="bip:industries:1.0">
  <code code="I25680">
    <editdetail attribution="Reuters BIP Coding Group" action="confirmed" date="1996-10-21"/>
  </code>
</codes>
<codes class="bip:topics:1.0">
  <code code="C15">
    <editdetail attribution="Reuters BIP Coding Group" action="confirmed" date="1996-10-21"/>
  </code>
  <code code="C151">
    <editdetail attribution="Reuters BIP Coding Group" action="confirmed" date="1996-10-21"/>
  </code>
  <code code="C1511">
    <editdetail attribution="Reuters BIP Coding Group" action="confirmed" date="1996-10-21"/>
  </code>
  <code code="CCAT">
    <editdetail attribution="Reuters BIP Coding Group" action="confirmed" date="1996-10-21"/>
  </code>
</codes>
<dc element="dc.date.created" value="1996-10-21"/>
<dc element="dc.publisher" value="Reuters Holdings Plc"/>
<dc element="dc.date.published" value="1996-10-21"/>
<dc element="dc.source" value="Reuters"/>
<dc element="dc.creator.location" value="TOKYO"/>
<dc element="dc.creator.location.country.name" value="JAPAN"/>
<dc element="dc.source" value="Reuters"/>
</metadata>
</newsitem>
