<?xml version="1.0" encoding="iso-8859-1" ?>
<newsitem itemid="132045" id="root" date="1996-10-21" xml:lang="en">
<title>JAPAN: Shibaura Engineering -96/97 group forecast.</title>
<headline>Shibaura Engineering -96/97 group forecast.</headline>
<dateline>TOKYO 1996-10-21</dateline>
<text>
<p>Year to March 31, 1997</p>
<p>		   (in billions of yen unless specified)</p>
<p>			   LATEST	    PREVIOUS	   ACTUAL</p>
<p> (Group)		FORECAST	   FORECAST	  YEAR-AGO</p>
<p> Sales		 51.30		51.80		50.13</p>
<p> Current	    630    million	 670    million	 837    million</p>
<p> Net		  270    million	 190    million	 365    million</p>
<p>NOTE - Shibaura Engineering Works Co Ltd manufactures small motors for consumer electronics.</p>
</text>
<copyright>(c) Reuters Limited 1996</copyright>
<metadata>
<codes class="bip:countries:1.0">
  <code code="JAP">
    <editdetail attribution="Reuters BIP Coding Group" action="confirmed" date="1996-10-21"/>
  </code>
</codes>
<codes class="bip:industries:1.0">
  <code code="I34000">
    <editdetail attribution="Reuters BIP Coding Group" action="confirmed" date="1996-10-21"/>
  </code>
</codes>
<codes class="bip:topics:1.0">
  <code code="C15">
    <editdetail attribution="Reuters BIP Coding Group" action="confirmed" date="1996-10-21"/>
  </code>
  <code code="C152">
    <editdetail attribution="Reuters BIP Coding Group" action="confirmed" date="1996-10-21"/>
  </code>
  <code code="CCAT">
    <editdetail attribution="Reuters BIP Coding Group" action="confirmed" date="1996-10-21"/>
  </code>
</codes>
<dc element="dc.date.created" value="1996-10-21"/>
<dc element="dc.publisher" value="Reuters Holdings Plc"/>
<dc element="dc.date.published" value="1996-10-21"/>
<dc element="dc.source" value="Reuters"/>
<dc element="dc.creator.location" value="TOKYO"/>
<dc element="dc.creator.location.country.name" value="JAPAN"/>
<dc element="dc.source" value="Reuters"/>
</metadata>
</newsitem>
