<?xml version="1.0" encoding="iso-8859-1" ?>
<newsitem itemid="132061" id="root" date="1996-10-21" xml:lang="en">
<title>JAPAN: Tokyo Disneyland operator may list in Dec -- sources.</title>
<headline>Tokyo Disneyland operator may list in Dec -- sources.</headline>
<dateline>TOKYO 1996-10-21</dateline>
<text>
<p>Oriental Land Co Ltd, the operator of Tokyo Disneyland, is likely to go public on the Tokyo Stock Exchange in mid-December, brokerage officials said on Monday.</p>
<p>&quot;It hasn't been decided officially, but we hear that it (the listing) will be in mid-December and that details of the listing will be announced in the beginning of December,&quot; said a source at a medium-sized brokerage involved in the listing.</p>
<p>A fund manager at an investment trust company said the fine print concerning Oriental Land's listing had been discussed last week and that the likely date for the listing was December 11.  </p>
<p>Oriental Land officials declined to comment. The company has said in the past that it wants to list its shares, but has not yet announced any specific plans.</p>
<p>&quot;In anticipation of the listing, shares in Keisei Electric Railway Co Ltd and Mitsui Fudosan Co Ltd may attract investors,&quot; a broker said.</p>
<p>Mitsui and Keisei Electric are Oriental Land's largest shareholders.</p>
<p>As of 0559 GMT, Keisei Electric, the seventh most heavily traded issue, was down 30 yen at 1,140 with a 2.52 million turnover. Mitsui, ranking 11th, was down 30 yen at 1,470 yen with a volume of 2.16 million shares.</p>
</text>
<copyright>(c) Reuters Limited 1996</copyright>
<metadata>
<codes class="bip:countries:1.0">
  <code code="JAP">
    <editdetail attribution="Reuters BIP Coding Group" action="confirmed" date="1996-10-21"/>
  </code>
</codes>
<codes class="bip:industries:1.0">
  <code code="I71000">
    <editdetail attribution="Reuters BIP Coding Group" action="confirmed" date="1996-10-21"/>
  </code>
  <code code="I85000">
    <editdetail attribution="Reuters BIP Coding Group" action="confirmed" date="1996-10-21"/>
  </code>
  <code code="I97412">
    <editdetail attribution="Reuters BIP Coding Group" action="confirmed" date="1996-10-21"/>
  </code>
</codes>
<codes class="bip:topics:1.0">
  <code code="C14">
    <editdetail attribution="Reuters BIP Coding Group" action="confirmed" date="1996-10-21"/>
  </code>
  <code code="C17">
    <editdetail attribution="Reuters BIP Coding Group" action="confirmed" date="1996-10-21"/>
  </code>
  <code code="C171">
    <editdetail attribution="Reuters BIP Coding Group" action="confirmed" date="1996-10-21"/>
  </code>
  <code code="CCAT">
    <editdetail attribution="Reuters BIP Coding Group" action="confirmed" date="1996-10-21"/>
  </code>
</codes>
<dc element="dc.date.created" value="1996-10-21"/>
<dc element="dc.publisher" value="Reuters Holdings Plc"/>
<dc element="dc.date.published" value="1996-10-21"/>
<dc element="dc.source" value="Reuters"/>
<dc element="dc.creator.location" value="TOKYO"/>
<dc element="dc.creator.location.country.name" value="JAPAN"/>
<dc element="dc.source" value="Reuters"/>
</metadata>
</newsitem>
