<?xml version="1.0" encoding="iso-8859-1" ?>
<newsitem itemid="132026" id="root" date="1996-10-21" xml:lang="en">
<title>VIETNAM: Beauty has no bounds in Vietnam.</title>
<headline>Beauty has no bounds in Vietnam.</headline>
<dateline>HANOI 1996-10-21</dateline>
<text>
<p>Vietnam announced on Monday the winner of a national beauty contest...for jailkeepers.</p>
<p>The People's Police newspaper published a picture of the proud first-prize winner, Pham Ngoc Tam, head of the Womens' Association at a jail to the southeast of Hanoi.</p>
<p>The photo showed a middle-aged woman, in uniform, and probably best-described as being handsome.</p>
<p>Vietnam prides itself on the beauty of its women and contests are held regularly for occupations ranging from street cleaners to market hawkers.</p>
</text>
<copyright>(c) Reuters Limited 1996</copyright>
<metadata>
<codes class="bip:countries:1.0">
  <code code="VIETN">
    <editdetail attribution="Reuters BIP Coding Group" action="confirmed" date="1996-10-21"/>
  </code>
</codes>
<codes class="bip:topics:1.0">
  <code code="GCAT">
    <editdetail attribution="Reuters BIP Coding Group" action="confirmed" date="1996-10-21"/>
  </code>
  <code code="GODD">
    <editdetail attribution="Reuters BIP Coding Group" action="confirmed" date="1996-10-21"/>
  </code>
</codes>
<dc element="dc.date.created" value="1996-10-21"/>
<dc element="dc.publisher" value="Reuters Holdings Plc"/>
<dc element="dc.date.published" value="1996-10-21"/>
<dc element="dc.source" value="Reuters"/>
<dc element="dc.creator.location" value="HANOI"/>
<dc element="dc.creator.location.country.name" value="VIETNAM"/>
<dc element="dc.source" value="Reuters"/>
</metadata>
</newsitem>
