<?xml version="1.0" encoding="iso-8859-1" ?>
<newsitem itemid="13209" id="root" date="1996-08-25" xml:lang="en">
<title>CHINA: China state firms form new insurance company.</title>
<headline>China state firms form new insurance company.</headline>
<dateline>BEIJING 1996-08-25</dateline>
<text>
<p>A group of state owned Chinese companies has set up the Yongan Insurance Company, the Financial News said on Sunday.</p>
<p>The company, based in the western city of Xian, has registered assets of 680 million yuan and plans to focus on property and liability insurance, the newspaper said.</p>
<p>Major shareholders are state companies in the electronics, aerospace, metals and telecommunications.</p>
</text>
<copyright>(c) Reuters Limited 1996</copyright>
<metadata>
<codes class="bip:countries:1.0">
  <code code="CHINA">
    <editdetail attribution="Reuters BIP Coding Group" action="confirmed" date="1996-08-25"/>
  </code>
</codes>
<codes class="bip:industries:1.0">
  <code code="I82000">
    <editdetail attribution="Reuters BIP Coding Group" action="confirmed" date="1996-08-25"/>
  </code>
</codes>
<codes class="bip:topics:1.0">
  <code code="C11">
    <editdetail attribution="Reuters BIP Coding Group" action="confirmed" date="1996-08-25"/>
  </code>
  <code code="CCAT">
    <editdetail attribution="Reuters BIP Coding Group" action="confirmed" date="1996-08-25"/>
  </code>
</codes>
<dc element="dc.date.created" value="1996-08-25"/>
<dc element="dc.publisher" value="Reuters Holdings Plc"/>
<dc element="dc.date.published" value="1996-08-25"/>
<dc element="dc.source" value="Reuters"/>
<dc element="dc.creator.location" value="BEIJING"/>
<dc element="dc.creator.location.country.name" value="CHINA"/>
<dc element="dc.source" value="Reuters"/>
</metadata>
</newsitem>
