<?xml version="1.0" encoding="iso-8859-1" ?>
<newsitem itemid="132021" id="root" date="1996-10-21" xml:lang="en">
<title>JAPAN: Nikkiso -6mth parent results.</title>
<headline>Nikkiso -6mth parent results.</headline>
<dateline>TOKYO 1996-10-21</dateline>
<text>
<p>Six months to September 30, 1996</p>
<p> (Parent)	(in billions of yen unless specified)</p>
<p> Sales		 19.82		vs	   19.19</p>
<p> Operating	    1.12		vs	  831    million</p>
<p> Current		1.17		vs	  948    million</p>
<p> Net		  633    million    vs	  525    million</p>
<p> EPS		    8.67 yen	  vs	    7.19 yen</p>
<p> Shares	     73 million	  vs	  73 million</p>
<p> Interim div	  0.00 yen	  vs	    0.00 yen</p>
<p>NOTE - Nikkiso Co Ltd makes precision pumps for chemicals.</p>
</text>
<copyright>(c) Reuters Limited 1996</copyright>
<metadata>
<codes class="bip:countries:1.0">
  <code code="JAP">
    <editdetail attribution="Reuters BIP Coding Group" action="confirmed" date="1996-10-21"/>
  </code>
</codes>
<codes class="bip:industries:1.0">
  <code code="I32870">
    <editdetail attribution="Reuters BIP Coding Group" action="confirmed" date="1996-10-21"/>
  </code>
</codes>
<codes class="bip:topics:1.0">
  <code code="C15">
    <editdetail attribution="Reuters BIP Coding Group" action="confirmed" date="1996-10-21"/>
  </code>
  <code code="C151">
    <editdetail attribution="Reuters BIP Coding Group" action="confirmed" date="1996-10-21"/>
  </code>
  <code code="CCAT">
    <editdetail attribution="Reuters BIP Coding Group" action="confirmed" date="1996-10-21"/>
  </code>
</codes>
<dc element="dc.date.created" value="1996-10-21"/>
<dc element="dc.publisher" value="Reuters Holdings Plc"/>
<dc element="dc.date.published" value="1996-10-21"/>
<dc element="dc.source" value="Reuters"/>
<dc element="dc.creator.location" value="TOKYO"/>
<dc element="dc.creator.location.country.name" value="JAPAN"/>
<dc element="dc.source" value="Reuters"/>
</metadata>
</newsitem>
