<?xml version="1.0" encoding="iso-8859-1" ?>
<newsitem itemid="132022" id="root" date="1996-10-21" xml:lang="en">
<title>JAPAN: Plenus -6mth parent results.</title>
<headline>Plenus -6mth parent results.</headline>
<dateline>TOKYO 1996-10-21</dateline>
<text>
<p>Six months to August 31, 1996</p>
<p> (Parent)	(in billions of yen unless specified)</p>
<p> Sales		 24.44		vs	   21.80</p>
<p> Operating	    2.77		vs	    2.22</p>
<p> Current		2.91		vs	    2.39</p>
<p> Net		    1.36		vs	    1.16</p>
<p> EPS		  100.38 yen	  vs	   93.92 yen</p>
<p> Shares	     14 million	  vs	  12 million</p>
<p> Interim div	 12.00 yen	  vs	   12.00 yen</p>
<p>NOTE - Plenus Co Ltd sells take-out boxed meals.</p>
</text>
<copyright>(c) Reuters Limited 1996</copyright>
<metadata>
<codes class="bip:countries:1.0">
  <code code="JAP">
    <editdetail attribution="Reuters BIP Coding Group" action="confirmed" date="1996-10-21"/>
  </code>
</codes>
<codes class="bip:industries:1.0">
  <code code="I66100">
    <editdetail attribution="Reuters BIP Coding Group" action="confirmed" date="1996-10-21"/>
  </code>
</codes>
<codes class="bip:topics:1.0">
  <code code="C15">
    <editdetail attribution="Reuters BIP Coding Group" action="confirmed" date="1996-10-21"/>
  </code>
  <code code="C151">
    <editdetail attribution="Reuters BIP Coding Group" action="confirmed" date="1996-10-21"/>
  </code>
  <code code="CCAT">
    <editdetail attribution="Reuters BIP Coding Group" action="confirmed" date="1996-10-21"/>
  </code>
</codes>
<dc element="dc.date.created" value="1996-10-21"/>
<dc element="dc.publisher" value="Reuters Holdings Plc"/>
<dc element="dc.date.published" value="1996-10-21"/>
<dc element="dc.source" value="Reuters"/>
<dc element="dc.creator.location" value="TOKYO"/>
<dc element="dc.creator.location.country.name" value="JAPAN"/>
<dc element="dc.source" value="Reuters"/>
</metadata>
</newsitem>
