<?xml version="1.0" encoding="iso-8859-1" ?>
<newsitem itemid="132070" id="root" date="1996-10-21" xml:lang="en">
<title>JAPAN: Daimaru - 6mth parent results.</title>
<headline>Daimaru - 6mth parent results.</headline>
<dateline>TOKYO 1996-10-21</dateline>
<text>
<p>Six months to August 31, 1996</p>
<p> (Parent)	(in billions of yen unless specified)</p>
<p> Revenues	   248.16		vs	  245.33</p>
<p> Operating	    1.87		vs	    1.31</p>
<p> Current		1.59		vs	  643    million</p>
<p> Net		  897    million    vs	  596    million</p>
<p> EPS		    3.31 yen	  vs	    2.20 yen</p>
<p> Shares	    271 million	  vs	 271 million</p>
<p> Interim div	   nil		vs	     nil</p>
<p>NOTE - Daimaru Inc is an Osaka-based department store.</p>
</text>
<copyright>(c) Reuters Limited 1996</copyright>
<metadata>
<codes class="bip:countries:1.0">
  <code code="JAP">
    <editdetail attribution="Reuters BIP Coding Group" action="confirmed" date="1996-10-21"/>
  </code>
</codes>
<codes class="bip:industries:1.0">
  <code code="I65600">
    <editdetail attribution="Reuters BIP Coding Group" action="confirmed" date="1996-10-21"/>
  </code>
  <code code="I6560002">
    <editdetail attribution="Reuters BIP Coding Group" action="confirmed" date="1996-10-21"/>
  </code>
</codes>
<codes class="bip:topics:1.0">
  <code code="C15">
    <editdetail attribution="Reuters BIP Coding Group" action="confirmed" date="1996-10-21"/>
  </code>
  <code code="C151">
    <editdetail attribution="Reuters BIP Coding Group" action="confirmed" date="1996-10-21"/>
  </code>
  <code code="CCAT">
    <editdetail attribution="Reuters BIP Coding Group" action="confirmed" date="1996-10-21"/>
  </code>
</codes>
<dc element="dc.date.created" value="1996-10-21"/>
<dc element="dc.publisher" value="Reuters Holdings Plc"/>
<dc element="dc.date.published" value="1996-10-21"/>
<dc element="dc.source" value="Reuters"/>
<dc element="dc.creator.location" value="TOKYO"/>
<dc element="dc.creator.location.country.name" value="JAPAN"/>
<dc element="dc.source" value="Reuters"/>
</metadata>
</newsitem>
