<?xml version="1.0" encoding="iso-8859-1" ?>
<newsitem itemid="132032" id="root" date="1996-10-21" xml:lang="en">
<title>JAPAN: Maruha -6mth parent forecast.</title>
<headline>Maruha -6mth parent forecast.</headline>
<dateline>TOKYO 1996-10-21</dateline>
<text>
<p>Six months to September 30, 1996</p>
<p>		   (in billions of yen unless specified)</p>
<p>			   LATEST	    PREVIOUS	   ACTUAL</p>
<p> (Parent)	     FORECAST	   FORECAST	  YEAR-AGO</p>
<p> Sales		215.00	     210.00	     208.13</p>
<p> Current		2.60		 1.80		 1.56</p>
<p> Net		    1.90		 1.30	     626    million</p>
<p>NOTE - Maruha Corp is a large fishing company.</p>
</text>
<copyright>(c) Reuters Limited 1996</copyright>
<metadata>
<codes class="bip:countries:1.0">
  <code code="JAP">
    <editdetail attribution="Reuters BIP Coding Group" action="confirmed" date="1996-10-21"/>
  </code>
</codes>
<codes class="bip:industries:1.0">
  <code code="I03000">
    <editdetail attribution="Reuters BIP Coding Group" action="confirmed" date="1996-10-21"/>
  </code>
</codes>
<codes class="bip:topics:1.0">
  <code code="C15">
    <editdetail attribution="Reuters BIP Coding Group" action="confirmed" date="1996-10-21"/>
  </code>
  <code code="C152">
    <editdetail attribution="Reuters BIP Coding Group" action="confirmed" date="1996-10-21"/>
  </code>
  <code code="CCAT">
    <editdetail attribution="Reuters BIP Coding Group" action="confirmed" date="1996-10-21"/>
  </code>
</codes>
<dc element="dc.date.created" value="1996-10-21"/>
<dc element="dc.publisher" value="Reuters Holdings Plc"/>
<dc element="dc.date.published" value="1996-10-21"/>
<dc element="dc.source" value="Reuters"/>
<dc element="dc.creator.location" value="TOKYO"/>
<dc element="dc.creator.location.country.name" value="JAPAN"/>
<dc element="dc.source" value="Reuters"/>
</metadata>
</newsitem>
