<?xml version="1.0" encoding="iso-8859-1" ?>
<newsitem itemid="132109" id="root" date="1996-10-21" xml:lang="en">
<title>PHILIPPINES: Empire East says 9-mth net up 179 pct.</title>
<headline>Empire East says 9-mth net up 179 pct.</headline>
<dateline>MANILA 1996-10-21</dateline>
<text>
<p>Nine months to Sept 30.</p>
<p>			   (in billion pesos)</p>
<p>    Net income	  1.006 vs 0.360</p>
<p>    Net sales	   4.447 vs 1.975</p>
<p>Note: Full name Empire East Land Holdings Inc. It is the housing arm of Megaworld Property and Holdings Inc.</p>
<p>-Manila newsroom (632) 841-8936</p>
</text>
<copyright>(c) Reuters Limited 1996</copyright>
<metadata>
<codes class="bip:countries:1.0">
  <code code="PHLNS">
    <editdetail attribution="Reuters BIP Coding Group" action="confirmed" date="1996-10-21"/>
  </code>
</codes>
<codes class="bip:industries:1.0">
  <code code="I50100">
    <editdetail attribution="Reuters BIP Coding Group" action="confirmed" date="1996-10-21"/>
  </code>
  <code code="I5010022">
    <editdetail attribution="Reuters BIP Coding Group" action="confirmed" date="1996-10-21"/>
  </code>
  <code code="I85000">
    <editdetail attribution="Reuters BIP Coding Group" action="confirmed" date="1996-10-21"/>
  </code>
</codes>
<codes class="bip:topics:1.0">
  <code code="C15">
    <editdetail attribution="Reuters BIP Coding Group" action="confirmed" date="1996-10-21"/>
  </code>
  <code code="C151">
    <editdetail attribution="Reuters BIP Coding Group" action="confirmed" date="1996-10-21"/>
  </code>
  <code code="CCAT">
    <editdetail attribution="Reuters BIP Coding Group" action="confirmed" date="1996-10-21"/>
  </code>
</codes>
<dc element="dc.date.created" value="1996-10-21"/>
<dc element="dc.publisher" value="Reuters Holdings Plc"/>
<dc element="dc.date.published" value="1996-10-21"/>
<dc element="dc.source" value="Reuters"/>
<dc element="dc.creator.location" value="MANILA"/>
<dc element="dc.creator.location.country.name" value="PHILIPPINES"/>
<dc element="dc.source" value="Reuters"/>
</metadata>
</newsitem>
