<?xml version="1.0" encoding="iso-8859-1" ?>
<newsitem itemid="132105" id="root" date="1996-10-21" xml:lang="en">
<title>JAPAN: MOF says will hold 10-year JGB auction on Tuesday.</title>
<headline>MOF says will hold 10-year JGB auction on Tuesday.</headline>
<dateline>TOKYO 1996-10-21</dateline>
<text>
<p>The Ministry of Finance (MOF) will hold an auction of 10-year Japanese government bonds on Tuesday, a MOF official said on Monday.</p>
<p>Market sources said the coupon rate for the 10-year JGBs to be offered through an auction is likely to be 2.9 percent.</p>
<p>The size of the offer is expected to be around one trillion yen, a trader for a city bank's securities affiliate said.</p>
</text>
<copyright>(c) Reuters Limited 1996</copyright>
<metadata>
<codes class="bip:countries:1.0">
  <code code="JAP">
    <editdetail attribution="Reuters BIP Coding Group" action="confirmed" date="1996-10-21"/>
  </code>
</codes>
<codes class="bip:topics:1.0">
  <code code="M12">
    <editdetail attribution="Reuters BIP Coding Group" action="confirmed" date="1996-10-21"/>
  </code>
  <code code="MCAT">
    <editdetail attribution="Reuters BIP Coding Group" action="confirmed" date="1996-10-21"/>
  </code>
</codes>
<dc element="dc.date.created" value="1996-10-21"/>
<dc element="dc.publisher" value="Reuters Holdings Plc"/>
<dc element="dc.date.published" value="1996-10-21"/>
<dc element="dc.source" value="Reuters"/>
<dc element="dc.creator.location" value="TOKYO"/>
<dc element="dc.creator.location.country.name" value="JAPAN"/>
<dc element="dc.source" value="Reuters"/>
</metadata>
</newsitem>
