<?xml version="1.0" encoding="iso-8859-1" ?>
<newsitem itemid="132110" id="root" date="1996-10-21" xml:lang="en">
<title>SINGAPORE: Singapore non-oil exports down 6.2 pct in Sept. [CORRECTED 07:41 GMT]</title>
<headline>Singapore non-oil exports down 6.2 pct in Sept. [CORRECTED 07:41 GMT]</headline>
<dateline>SINGAPORE 1996-10-21</dateline>
<text>
<p>Singapore's non-oil domestic exports fell a nominal 6.2 percent year-on-year in September to Singapore $7.31 billion after falling 6.3 percent in August, the Trade Development Board (TDB) said on Monday.</p>
<p>A Reuter poll of 12 Singapore-based economists had predicted a nominal year-on-year fall of 3.4 percent in September.</p>
<p>In real terms, non-oil exports fell 2.5 percent in September to S$9.29 billion after falling 2.8 percent in August.</p>
<p>Trade in nominal terms, in bln S$ at current prices</p>
<p>(Year-on-year percentage changes given in parentheses)</p>
<p>				  September		 August</p>
<p>    Total trade	   29.47 (-0.6)	   28.64 (-6.6)</p>
<p>    Exports		 14.68 (-1.3)	   14.26 (-4.5)</p>
<p>    Domestic exports     8.62 (-2.3)	    8.22 (-4.6)</p>
<p>    Oil			1.31 (26.3)	    1.21 (7.4)</p>
<p>    Non-oil		  7.31 (-6.2)	    7.01 (-6.3)</p>
<p>    Re-exports	     6.07 (0.1)	     6.04 (-4.3)</p>
<p>    Imports		 14.79 (nil)	    14.39 (-8.5)</p>
<p>Trade in real terms, in blns of S$ at 1990 prices  </p>
<p>(Year-on-year percentage change given in parentheses)</p>
<p>				  September		August</p>
<p>    Total trade	   34.73 (1.9)	   33.72 (-4.6)</p>
<p>    Exports		 17.94 (1.0)	   17.42 (-2.5)</p>
<p>    Domestic exports    11.18 (-0.8)	  10.71 (-3.6)</p>
<p>    Oil			1.89 (8.6)	    1.77 (-7.7)</p>
<p>    Non-oil		  9.29 (-2.5)	   8.94 (-2.8)</p>
<p>    Re-exports	     6.76 (4.2)	    6.72 (-0.7)</p>
<p>    Imports		 16.79 (2.8)	   16.29 (-6.8)</p>
<p>Singapore's major markets for non-oil domestic exports in nominal terms (at current prices).</p>
<p>(Year-on-year percentage changes in parentheses)</p>
<p>				 September		August</p>
<p>    U.S.		     2.32 (1.2)	    2.02 (-9.7)</p>
<p>    EU			 1.34 (-4.5)	   1.30 (2.3)</p>
<p>    Malaysia		 0.93 (-11.4)	  0.94 (-9.7)</p>
<p>    Japan		    0.59 (-22.0)	  0.60 (-15.8)</p>
<p>    Hong Kong		0.40 (-12.6)	  0.42 (-12.3)</p>
<p>(Corrects all figures in above table)</p>
<p>-- Singapore newsroom 65-8703080</p>
</text>
<copyright>(c) Reuters Limited 1996</copyright>
<metadata>
<codes class="bip:countries:1.0">
  <code code="SINGP">
    <editdetail attribution="Reuters BIP Coding Group" action="confirmed" date="1996-10-21"/>
  </code>
</codes>
<codes class="bip:topics:1.0">
  <code code="E51">
    <editdetail attribution="Reuters BIP Coding Group" action="confirmed" date="1996-10-21"/>
  </code>
  <code code="E512">
    <editdetail attribution="Reuters BIP Coding Group" action="confirmed" date="1996-10-21"/>
  </code>
  <code code="ECAT">
    <editdetail attribution="Reuters BIP Coding Group" action="confirmed" date="1996-10-21"/>
  </code>
</codes>
<dc element="dc.date.created" value="1996-10-21"/>
<dc element="dc.publisher" value="Reuters Holdings Plc"/>
<dc element="dc.date.published" value="1996-10-21"/>
<dc element="dc.source" value="Reuters"/>
<dc element="dc.creator.location" value="SINGAPORE"/>
<dc element="dc.creator.location.country.name" value="SINGAPORE"/>
<dc element="dc.source" value="Reuters"/>
</metadata>
</newsitem>
