<?xml version="1.0" encoding="iso-8859-1" ?>
<newsitem itemid="132128" id="root" date="1996-10-21" xml:lang="en">
<title>TAIWAN: Taiwan shipping shares up sharply on China news.</title>
<headline>Taiwan shipping shares up sharply on China news.</headline>
<dateline>TAIPEI 1996-10-21</dateline>
<text>
<p>Taiwan's shipping shares rose sharply at mid-session on Monday after the government said it was considering expanding the scope of plans for direct shipping links with rival China, brokers said.</p>
<p>With 70 minutes left, First Steamship was up 5.94 percent or T$1.20 to T$21.40, Evergreen Transport 5.69 percent or T$3.50 to T$65 and Tze Shin Transport 5.15 percent or T$1.20 to T$24.50.  </p>
<p>The communications' ministry said on Monday it may allow foreign-registered vessels to extend their routes to third areas after they are allowed to sail between China and Taiwan.</p>
<p>&quot;Investors are looking for a sector to boost the market, and the news attracted them toward shipping shares,&quot; said Lin Long-hsien of United Securities.</p>
<p>Taiwan and China, separated by a civil war in 1949, still have no direct shipping, aviation or other communication links.</p>
<p>Taiwan proposed in 1995 to set up an offshore transshipment centre at its southern Kaohsiung port from which ships would be allowed to sail directly across the Taiwan Strait.</p>
<p>The project has been delayed by sovereignty issues.</p>
<p>-- Taipei Newsroom (5080815)</p>
</text>
<copyright>(c) Reuters Limited 1996</copyright>
<metadata>
<codes class="bip:countries:1.0">
  <code code="CHINA">
    <editdetail attribution="Reuters BIP Coding Group" action="confirmed" date="1996-10-21"/>
  </code>
  <code code="TAIWAN">
    <editdetail attribution="Reuters BIP Coding Group" action="confirmed" date="1996-10-21"/>
  </code>
</codes>
<codes class="bip:industries:1.0">
  <code code="I74000">
    <editdetail attribution="Reuters BIP Coding Group" action="confirmed" date="1996-10-21"/>
  </code>
  <code code="I75000">
    <editdetail attribution="Reuters BIP Coding Group" action="confirmed" date="1996-10-21"/>
  </code>
</codes>
<codes class="bip:topics:1.0">
  <code code="C13">
    <editdetail attribution="Reuters BIP Coding Group" action="confirmed" date="1996-10-21"/>
  </code>
  <code code="C15">
    <editdetail attribution="Reuters BIP Coding Group" action="confirmed" date="1996-10-21"/>
  </code>
  <code code="C152">
    <editdetail attribution="Reuters BIP Coding Group" action="confirmed" date="1996-10-21"/>
  </code>
  <code code="CCAT">
    <editdetail attribution="Reuters BIP Coding Group" action="confirmed" date="1996-10-21"/>
  </code>
</codes>
<dc element="dc.date.created" value="1996-10-21"/>
<dc element="dc.publisher" value="Reuters Holdings Plc"/>
<dc element="dc.date.published" value="1996-10-21"/>
<dc element="dc.source" value="Reuters"/>
<dc element="dc.creator.location" value="TAIPEI"/>
<dc element="dc.creator.location.country.name" value="TAIWAN"/>
<dc element="dc.source" value="Reuters"/>
</metadata>
</newsitem>
