<?xml version="1.0" encoding="iso-8859-1" ?>
<newsitem itemid="132112" id="root" date="1996-10-21" xml:lang="en">
<title>SOUTH KOREA: Hyundai Sec shrs up on trust firm report.</title>
<headline>Hyundai Sec shrs up on trust firm report.</headline>
<dateline>SEOUL 1996-10-21</dateline>
<text>
<p>Shares of Hyundai Securities Co rose 1,000 won to their daily limit of 17,700 won in Monday morning on a news report that the government was considering allowing Hyundai Group to take a controlling stake in a local investment trust firm, brokers said.</p>
<p>Brokers said investors continued buying the stock despite a denial by a senior official at the finance ministry of the Chosun Ilbo report.  </p>
<p>The newspaper report on Monday quoted unnamed government sources as saying the ministry was considering allowing Hyundai to take a controlling stake in Seoul-based Citizens Investment Trust Management Co.</p>
<p>Earlier bids by Hyundai to accumulate shares in Citizens had been aborted by a strong opposition by the government.</p>
<p>Analysts say Hyundai Group, South Korea's largest conglomerate in terms of assets, wants to take over the trust firm in a bid to strengthen its financial business sector.</p>
<p>Hyundai Group officials could not be immediately reached for comment on the report. --Seoul Newsroom (822) 727 5646</p>
</text>
<copyright>(c) Reuters Limited 1996</copyright>
<metadata>
<codes class="bip:countries:1.0">
  <code code="SKOREA">
    <editdetail attribution="Reuters BIP Coding Group" action="confirmed" date="1996-10-21"/>
  </code>
</codes>
<codes class="bip:industries:1.0">
  <code code="I63000">
    <editdetail attribution="Reuters BIP Coding Group" action="confirmed" date="1996-10-21"/>
  </code>
  <code code="I81502">
    <editdetail attribution="Reuters BIP Coding Group" action="confirmed" date="1996-10-21"/>
  </code>
  <code code="I8150206">
    <editdetail attribution="Reuters BIP Coding Group" action="confirmed" date="1996-10-21"/>
  </code>
  <code code="I83100">
    <editdetail attribution="Reuters BIP Coding Group" action="confirmed" date="1996-10-21"/>
  </code>
</codes>
<codes class="bip:topics:1.0">
  <code code="C13">
    <editdetail attribution="Reuters BIP Coding Group" action="confirmed" date="1996-10-21"/>
  </code>
  <code code="C15">
    <editdetail attribution="Reuters BIP Coding Group" action="confirmed" date="1996-10-21"/>
  </code>
  <code code="C152">
    <editdetail attribution="Reuters BIP Coding Group" action="confirmed" date="1996-10-21"/>
  </code>
  <code code="C18">
    <editdetail attribution="Reuters BIP Coding Group" action="confirmed" date="1996-10-21"/>
  </code>
  <code code="C181">
    <editdetail attribution="Reuters BIP Coding Group" action="confirmed" date="1996-10-21"/>
  </code>
  <code code="CCAT">
    <editdetail attribution="Reuters BIP Coding Group" action="confirmed" date="1996-10-21"/>
  </code>
</codes>
<dc element="dc.date.created" value="1996-10-21"/>
<dc element="dc.publisher" value="Reuters Holdings Plc"/>
<dc element="dc.date.published" value="1996-10-21"/>
<dc element="dc.source" value="Reuters"/>
<dc element="dc.creator.location" value="SEOUL"/>
<dc element="dc.creator.location.country.name" value="SOUTH KOREA"/>
<dc element="dc.source" value="Reuters"/>
</metadata>
</newsitem>
