<?xml version="1.0" encoding="iso-8859-1" ?>
<newsitem itemid="132127" id="root" date="1996-10-21" xml:lang="en">
<title>TAIWAN: PRESS DIGEST - Taiwan newspapers - October 21.</title>
<headline>PRESS DIGEST - Taiwan newspapers - October 21.</headline>
<dateline>TAIPEI 1996-10-21</dateline>
<text>
<p>These are the leading stories in the Taiwan press on Monday. Reuter has not verified these stories and does not vouch for their accuracy.</p>
<p>Newspaper headlines</p>
<p>CHINA TIMES - Liberal Democratic Party boosts parliamentary strength in Japan's general election.</p>
<p>Some 91 precent of government employees do not report property honestly as required.</p>
<p>UNITED DAILY NEWS - Ryutaro Hashimoto to continue as Japan's prime minister after Sunday's election.</p>
<p>Taiwan plans to allow foreign-owned mother vessels, in addition to feeder vessels, to sail between Taiwan and China after it allows direct links between two sides.</p>
<p>COMMERCIAL TIMES - Yoong Feng Yu Paper Corp buys 49 percent of Chung Hua Printing Co.</p>
<p>Japan's Liberal Democratic Party fails to win more than 50 percent of Lower House seats in Sunday's general election.</p>
<p>ECONOMIC DAILY NEWS - Foreign-owned mother vessels would be allowed to sail between Taiwan and China after direct shipping links between two sides go into effect.</p>
<p>Taiwan will start bilateral talks in Geneva with eight countries for entry to World Trade Organisation.</p>
<p>-- Taipei Newsroom (5080815)</p>
</text>
<copyright>(c) Reuters Limited 1996</copyright>
<metadata>
<codes class="bip:countries:1.0">
  <code code="TAIWAN">
    <editdetail attribution="Reuters BIP Coding Group" action="confirmed" date="1996-10-21"/>
  </code>
</codes>
<codes class="bip:topics:1.0">
  <code code="GCAT">
    <editdetail attribution="Reuters BIP Coding Group" action="confirmed" date="1996-10-21"/>
  </code>
</codes>
<dc element="dc.date.created" value="1996-10-21"/>
<dc element="dc.publisher" value="Reuters Holdings Plc"/>
<dc element="dc.date.published" value="1996-10-21"/>
<dc element="dc.source" value="Reuters"/>
<dc element="dc.creator.location" value="TAIPEI"/>
<dc element="dc.creator.location.country.name" value="TAIWAN"/>
<dc element="dc.source" value="Reuters"/>
</metadata>
</newsitem>
