<?xml version="1.0" encoding="iso-8859-1" ?>
<newsitem itemid="132122" id="root" date="1996-10-21" xml:lang="en">
<title>PHILIPPINES: RESEARCH ALERT-Hi-Cement rated a buy.</title>
<headline>RESEARCH ALERT-Hi-Cement rated a buy.</headline>
<dateline>MANILA 1996-10-21</dateline>
<text>
<p>Manila brokerage Anscor Hagedorn Securities Inc recommended a strong buy for Hi-Cement Corp on Monday, saying strong demand for cement and additional supply pacts will yield hefty earnings in the near-term.</p>
<p>&quot;...HCC should have no difficulty achieving exceptional results in the second quarter, sales volume is projected to more than double with margins also improving,&quot; a report by Anscor analyst Cecilio Castro said.</p>
<p>Hi-Cement is expected to release first quarter profits from June to August this week expected between 60 to 70 million pesos, Castro said.  </p>
<p>By the second quarter, Hi-Cement is expected to earn 130 to 135 million pesos from a net loss of 8.4 million pesos in the same period last year due to a 40-day shutdown, Castro added.</p>
<p>Anscor said Hi-Cement expects steady sales from having recently won contracts to supply cement for two major real estate developments in Makati, Manila's main financial districts.</p>
<p>These projects are the redevelopment of the former Rockwell power plant and the Fort Bonifacio development, Castro added.</p>
<p>- Manila newsroom 63 2 8418936 fax 8176267</p>
</text>
<copyright>(c) Reuters Limited 1996</copyright>
<metadata>
<codes class="bip:countries:1.0">
  <code code="PHLNS">
    <editdetail attribution="Reuters BIP Coding Group" action="confirmed" date="1996-10-21"/>
  </code>
</codes>
<codes class="bip:industries:1.0">
  <code code="I24200">
    <editdetail attribution="Reuters BIP Coding Group" action="confirmed" date="1996-10-21"/>
  </code>
</codes>
<codes class="bip:topics:1.0">
  <code code="C15">
    <editdetail attribution="Reuters BIP Coding Group" action="confirmed" date="1996-10-21"/>
  </code>
  <code code="C152">
    <editdetail attribution="Reuters BIP Coding Group" action="confirmed" date="1996-10-21"/>
  </code>
  <code code="CCAT">
    <editdetail attribution="Reuters BIP Coding Group" action="confirmed" date="1996-10-21"/>
  </code>
</codes>
<dc element="dc.date.created" value="1996-10-21"/>
<dc element="dc.publisher" value="Reuters Holdings Plc"/>
<dc element="dc.date.published" value="1996-10-21"/>
<dc element="dc.source" value="Reuters"/>
<dc element="dc.creator.location" value="MANILA"/>
<dc element="dc.creator.location.country.name" value="PHILIPPINES"/>
<dc element="dc.source" value="Reuters"/>
</metadata>
</newsitem>
