<?xml version="1.0" encoding="iso-8859-1" ?>
<newsitem itemid="132113" id="root" date="1996-10-21" xml:lang="en">
<title>PHILIPPINES: Cosmos hits year high in Manila.</title>
<headline>Cosmos hits year high in Manila.</headline>
<dateline>MANILA 1996-10-21</dateline>
<text>
<p>Cosmos Bottling Corp gained 40 centavos to a year high of 4.10 pesos in late Manila trade on Monday on foreign buying, brokers said.  </p>
<p>Cosmos, the soft drinks arm of conglomerate RFM Corp, is expected to post hefty earnings this year following its acquisition of another cola bottling facility in Laguna near Manila, traders said.</p>
<p>&quot;I expect the firm to post a 44 percent increase in net income this year due to increasing demand of its low-priced soft drinks, which caters to C and D markets,&quot; said one trader.</p>
<p>Some 22.557 million shares of Cosmos changed hands.</p>
<p>--Manila newsroom (632) 841-89-36, fax 817-62-67</p>
</text>
<copyright>(c) Reuters Limited 1996</copyright>
<metadata>
<codes class="bip:countries:1.0">
  <code code="PHLNS">
    <editdetail attribution="Reuters BIP Coding Group" action="confirmed" date="1996-10-21"/>
  </code>
</codes>
<codes class="bip:industries:1.0">
  <code code="I41000">
    <editdetail attribution="Reuters BIP Coding Group" action="confirmed" date="1996-10-21"/>
  </code>
  <code code="I42800">
    <editdetail attribution="Reuters BIP Coding Group" action="confirmed" date="1996-10-21"/>
  </code>
</codes>
<codes class="bip:topics:1.0">
  <code code="C15">
    <editdetail attribution="Reuters BIP Coding Group" action="confirmed" date="1996-10-21"/>
  </code>
  <code code="C152">
    <editdetail attribution="Reuters BIP Coding Group" action="confirmed" date="1996-10-21"/>
  </code>
  <code code="CCAT">
    <editdetail attribution="Reuters BIP Coding Group" action="confirmed" date="1996-10-21"/>
  </code>
</codes>
<dc element="dc.date.created" value="1996-10-21"/>
<dc element="dc.publisher" value="Reuters Holdings Plc"/>
<dc element="dc.date.published" value="1996-10-21"/>
<dc element="dc.source" value="Reuters"/>
<dc element="dc.creator.location" value="MANILA"/>
<dc element="dc.creator.location.country.name" value="PHILIPPINES"/>
<dc element="dc.source" value="Reuters"/>
</metadata>
</newsitem>
