<?xml version="1.0" encoding="iso-8859-1" ?>
<newsitem itemid="132124" id="root" date="1996-10-21" xml:lang="en">
<title>CHINA: Construction of Three Gorges airport finished.</title>
<headline>Construction of Three Gorges airport finished.</headline>
<dateline>BEIJING 1996-10-21</dateline>
<text>
<p>China has completed construction of an airport near the huge Three Gorges dam project on the Yangtze river, the Xinhua Daily Telegraph said on Monday.</p>
<p>The airport is located in the Xiaoting district of Yichang city in the central province of Hubei, about 55 km (34 miles) from the Three Gorges project, the newspaper said.</p>
<p>With a 2,600-metre (8,530-ft) runway, the airport can accommodate Boeing 767s and handle 1.4 million passengers a year, it said.</p>
<p>The airport would soon open air routes linking Yichang with Beijing, Shanghai, Guangzhou, Wuhan and Chongqing, the newspaper said. It gave no further details.</p>
<p>In a related development, the Xiling Yangtze river bridge opened to traffic last Friday, the Xinhua news agency said. Construction took five years.</p>
<p>On Sunday, China announced plans to issue one billion yuan ($120 million) worth of three- and five-year bonds in November to help finance construction of the Three Gorges project.</p>
<p>Details of the planned bond issue were not given.  </p>
<p>The $30 billion project is scheduled to dam the Yangtze river by the end of next year. Three Gorges -- the world's biggest water control project -- is scheduled to be completed in 2009.</p>
<p>The project will create a huge reservoir and is expected to reduce flooding along the 6,000-km (3,500-mile) Yangtze, China's longest river, and to provide an additional 85 million megawatt hours of electricity per year.</p>
</text>
<copyright>(c) Reuters Limited 1996</copyright>
<metadata>
<codes class="bip:countries:1.0">
  <code code="CHINA">
    <editdetail attribution="Reuters BIP Coding Group" action="confirmed" date="1996-10-21"/>
  </code>
</codes>
<codes class="bip:industries:1.0">
  <code code="I17000">
    <editdetail attribution="Reuters BIP Coding Group" action="confirmed" date="1996-10-21"/>
  </code>
  <code code="I50200">
    <editdetail attribution="Reuters BIP Coding Group" action="confirmed" date="1996-10-21"/>
  </code>
  <code code="I5020002">
    <editdetail attribution="Reuters BIP Coding Group" action="confirmed" date="1996-10-21"/>
  </code>
  <code code="I5020006">
    <editdetail attribution="Reuters BIP Coding Group" action="confirmed" date="1996-10-21"/>
  </code>
  <code code="I76400">
    <editdetail attribution="Reuters BIP Coding Group" action="confirmed" date="1996-10-21"/>
  </code>
</codes>
<codes class="bip:topics:1.0">
  <code code="C24">
    <editdetail attribution="Reuters BIP Coding Group" action="confirmed" date="1996-10-21"/>
  </code>
  <code code="CCAT">
    <editdetail attribution="Reuters BIP Coding Group" action="confirmed" date="1996-10-21"/>
  </code>
</codes>
<dc element="dc.date.created" value="1996-10-21"/>
<dc element="dc.publisher" value="Reuters Holdings Plc"/>
<dc element="dc.date.published" value="1996-10-21"/>
<dc element="dc.source" value="Reuters"/>
<dc element="dc.creator.location" value="BEIJING"/>
<dc element="dc.creator.location.country.name" value="CHINA"/>
<dc element="dc.source" value="Reuters"/>
</metadata>
</newsitem>
