<?xml version="1.0" encoding="iso-8859-1" ?>
<newsitem itemid="132115" id="root" date="1996-10-21" xml:lang="en">
<title>CHINA: Yuan closes down against US dollar in Shanghai.</title>
<headline>Yuan closes down against US dollar in Shanghai.</headline>
<dateline>SHANGHAI 1996-10-21</dateline>
<text>
<p>The Chinese yuan ended down at 8.30 against the U.S. dollar on Monday from last Friday's 8.2980 partly due to intervention by the central bank on the Shanghai-based interbank foreign exchange market, dealers said.</p>
<p>The yuan opened slightly up at 8.2979. After hitting an intra-day high of 8.2978 early in the session, it consolidated down steadily, hitting a low of 8.3010.</p>
<p>Trading was active with most done at 8.30, traders said.</p>
<p>Dealers said the central bank's intervention capped the yuan as it did last Friday.  </p>
<p>&quot;There was a a lot of follow-up selling triggered by the intervention to push the yuan down further below 8.30,&quot; one dealer said.</p>
<p>&quot;Today's falls indicate the consolidation around the 8.30 level will continue in the short term,&quot; a second dealer said.</p>
<p>Dealers expect the yuan to move around 8.30 on Tuesday.</p>
<p>The yuan closed up at 7.3501 from 7.3900 against 100 Japanese yen and slightly up to 1.0738 from 1.0749 against the Hong Kong dollar.</p>
<p>-- Shanghai newsroom (86-21) 6279-7004</p>
</text>
<copyright>(c) Reuters Limited 1996</copyright>
<metadata>
<codes class="bip:countries:1.0">
  <code code="CHINA">
    <editdetail attribution="Reuters BIP Coding Group" action="confirmed" date="1996-10-21"/>
  </code>
</codes>
<codes class="bip:topics:1.0">
  <code code="M13">
    <editdetail attribution="Reuters BIP Coding Group" action="confirmed" date="1996-10-21"/>
  </code>
  <code code="M132">
    <editdetail attribution="Reuters BIP Coding Group" action="confirmed" date="1996-10-21"/>
  </code>
  <code code="MCAT">
    <editdetail attribution="Reuters BIP Coding Group" action="confirmed" date="1996-10-21"/>
  </code>
</codes>
<dc element="dc.date.created" value="1996-10-21"/>
<dc element="dc.publisher" value="Reuters Holdings Plc"/>
<dc element="dc.date.published" value="1996-10-21"/>
<dc element="dc.source" value="Reuters"/>
<dc element="dc.creator.location" value="SHANGHAI"/>
<dc element="dc.creator.location.country.name" value="CHINA"/>
<dc element="dc.source" value="Reuters"/>
</metadata>
</newsitem>
