<?xml version="1.0" encoding="iso-8859-1" ?>
<newsitem itemid="132114" id="root" date="1996-10-21" xml:lang="en">
<title>THAILAND: Thai Investment third quarter net falls.</title>
<headline>Thai Investment third quarter net falls.</headline>
<dateline>BANGKOK 1996-10-21</dateline>
<text>
<p>Unaudited financial results for the third quarter ending September 30, 1996.</p>
<p>		   (in millions of baht unless stated)</p>
<p>				 Third quarter</p>
<p>				   1996			1995</p>
<p>    Shr (baht)		 2.23		     18.87</p>
<p>    Net			223.60		    315.15</p>
<p>NOTES: Company's full name is Thai Investment and Securities Plc. Nine-month figures not stated.</p>
<p>-- Bangkok newsroom 662-652-0642</p>
</text>
<copyright>(c) Reuters Limited 1996</copyright>
<metadata>
<codes class="bip:countries:1.0">
  <code code="THAIL">
    <editdetail attribution="Reuters BIP Coding Group" action="confirmed" date="1996-10-21"/>
  </code>
</codes>
<codes class="bip:industries:1.0">
  <code code="I83100">
    <editdetail attribution="Reuters BIP Coding Group" action="confirmed" date="1996-10-21"/>
  </code>
</codes>
<codes class="bip:topics:1.0">
  <code code="C15">
    <editdetail attribution="Reuters BIP Coding Group" action="confirmed" date="1996-10-21"/>
  </code>
  <code code="C151">
    <editdetail attribution="Reuters BIP Coding Group" action="confirmed" date="1996-10-21"/>
  </code>
  <code code="CCAT">
    <editdetail attribution="Reuters BIP Coding Group" action="confirmed" date="1996-10-21"/>
  </code>
</codes>
<dc element="dc.date.created" value="1996-10-21"/>
<dc element="dc.publisher" value="Reuters Holdings Plc"/>
<dc element="dc.date.published" value="1996-10-21"/>
<dc element="dc.source" value="Reuters"/>
<dc element="dc.creator.location" value="BANGKOK"/>
<dc element="dc.creator.location.country.name" value="THAILAND"/>
<dc element="dc.source" value="Reuters"/>
</metadata>
</newsitem>
