<?xml version="1.0" encoding="iso-8859-1" ?>
<newsitem itemid="132116" id="root" date="1996-10-21" xml:lang="en">
<title>JAPAN: Hitachi, Toshiba to build atomic reactor in Taiwan.</title>
<headline>Hitachi, Toshiba to build atomic reactor in Taiwan.</headline>
<dateline>TOKYO 1996-10-21</dateline>
<text>
<p>Japan's largest electronics maker Hitachi Ltd said on Monday that it, Toshiba Corp and General Electric Co have jointly won a 180 billion yen order to build a boiling water nuclear reactor in Taiwan.</p>
<p>It would be the first time for Japanese companies to build a nuclear reactor for foreign use, the company spokesman said. Part of the reactor will be built in Japan and then transported to Taiwan.</p>
<p>&quot;We are attracted to a number of projects in Asia in light of delays in nuclear plant construction plans at home due to environmental concerns among the public,&quot; said a Hitachi spokesman.  </p>
<p>The main part of the reactor will be shipped to Taiwan within three to four years, the spokesman said.</p>
<p>The reactor is an advanced version of a boiled water reactor jointly developed by Hitachi, Toshiba, General Electric and Tokyo Electric Power Co Inc.</p>
<p>The same type of reactor is currently being built by Tokyo Electric Power in Japan, the spokesman said.</p>
<p>The Taiwan project, in which General Electric is the main contractor, became certain when Taiwan's parliament voted on Friday to restore funding for the island's fourth nuclear power station. The parliament had voted in May to cancel funding.</p>
</text>
<copyright>(c) Reuters Limited 1996</copyright>
<metadata>
<codes class="bip:countries:1.0">
  <code code="JAP">
    <editdetail attribution="Reuters BIP Coding Group" action="confirmed" date="1996-10-21"/>
  </code>
  <code code="TAIWAN">
    <editdetail attribution="Reuters BIP Coding Group" action="confirmed" date="1996-10-21"/>
  </code>
</codes>
<codes class="bip:industries:1.0">
  <code code="I16100">
    <editdetail attribution="Reuters BIP Coding Group" action="confirmed" date="1996-10-21"/>
  </code>
  <code code="I34000">
    <editdetail attribution="Reuters BIP Coding Group" action="confirmed" date="1996-10-21"/>
  </code>
</codes>
<codes class="bip:topics:1.0">
  <code code="C24">
    <editdetail attribution="Reuters BIP Coding Group" action="confirmed" date="1996-10-21"/>
  </code>
  <code code="C33">
    <editdetail attribution="Reuters BIP Coding Group" action="confirmed" date="1996-10-21"/>
  </code>
  <code code="CCAT">
    <editdetail attribution="Reuters BIP Coding Group" action="confirmed" date="1996-10-21"/>
  </code>
</codes>
<dc element="dc.date.created" value="1996-10-21"/>
<dc element="dc.publisher" value="Reuters Holdings Plc"/>
<dc element="dc.date.published" value="1996-10-21"/>
<dc element="dc.source" value="Reuters"/>
<dc element="dc.creator.location" value="TOKYO"/>
<dc element="dc.creator.location.country.name" value="JAPAN"/>
<dc element="dc.source" value="Reuters"/>
</metadata>
</newsitem>
