<?xml version="1.0" encoding="iso-8859-1" ?>
<newsitem itemid="132121" id="root" date="1996-10-21" xml:lang="en">
<title>THAILAND: Asia Credit Plc third quarter profit up.</title>
<headline>Asia Credit Plc third quarter profit up.</headline>
<dateline>BANGKOK 1996-10-21</dateline>
<text>
<p>Unreviewed financial results for the first nine months ending September 30, 1996.</p>
<p>		   (in millions of baht unless stated)</p>
<p>				 Third quarter</p>
<p>				   1996			1995</p>
<p>    Shr (baht)		 3.38			2.77</p>
<p>    Net			258.10		    212.20</p>
<p>				 Nine months</p>
<p>				   1996			1995</p>
<p>    Shr (baht)		10.29     vs	     8.02</p>
<p>    Net			736.82     vs	   612.13</p>
<p>NOTES: Company is a finance and securities firm. Figures are unaudited.</p>
<p>-- Bangkok newsroom 662-652-0642</p>
</text>
<copyright>(c) Reuters Limited 1996</copyright>
<metadata>
<codes class="bip:countries:1.0">
  <code code="THAIL">
    <editdetail attribution="Reuters BIP Coding Group" action="confirmed" date="1996-10-21"/>
  </code>
</codes>
<codes class="bip:industries:1.0">
  <code code="I83100">
    <editdetail attribution="Reuters BIP Coding Group" action="confirmed" date="1996-10-21"/>
  </code>
</codes>
<codes class="bip:topics:1.0">
  <code code="C15">
    <editdetail attribution="Reuters BIP Coding Group" action="confirmed" date="1996-10-21"/>
  </code>
  <code code="C151">
    <editdetail attribution="Reuters BIP Coding Group" action="confirmed" date="1996-10-21"/>
  </code>
  <code code="CCAT">
    <editdetail attribution="Reuters BIP Coding Group" action="confirmed" date="1996-10-21"/>
  </code>
</codes>
<dc element="dc.date.created" value="1996-10-21"/>
<dc element="dc.publisher" value="Reuters Holdings Plc"/>
<dc element="dc.date.published" value="1996-10-21"/>
<dc element="dc.source" value="Reuters"/>
<dc element="dc.creator.location" value="BANGKOK"/>
<dc element="dc.creator.location.country.name" value="THAILAND"/>
<dc element="dc.source" value="Reuters"/>
</metadata>
</newsitem>
