<?xml version="1.0" encoding="iso-8859-1" ?>
<newsitem itemid="132111" id="root" date="1996-10-21" xml:lang="en">
<title>SINGAPORE: India awards three VLCC Qua Iboe in Dec oil tender.</title>
<headline>India awards three VLCC Qua Iboe in Dec oil tender.</headline>
<dateline>SINGAPORE 1996-10-21</dateline>
<text>
<p>India awarded three very large crude carriers (VLCC) of Qua Iboe crude in its December tender, in addition to the four Dubai cargos already reported, industry sources said on Monday.</p>
<p>Mobil Corp were awarded two VLCCs on a delivered basis at Dated Brent plus $1.1694 per barrel, industry sources confirmed.</p>
<p>Trader Glencore was awarded one VLCC, also on a delivered basis, at plus $1.2795 per barrel, industry sources confirmed.</p>
<p>As reported on Friday, India awarded four Dubai cargoes.  </p>
<p>Two were taken from Phibro at first-half month quotes plus 57 and 58 cents. One was taken from Total SA at 57 cents and another from Norwegian state oil firm Statoil at 59 cents, both over first-half month quotes.</p>
<p>The tender closed on Thursday and offers were valid until the following day.</p>
<p>--Singapore Newsroom (+65 870 3081)</p>
</text>
<copyright>(c) Reuters Limited 1996</copyright>
<metadata>
<codes class="bip:countries:1.0">
  <code code="INDIA">
    <editdetail attribution="Reuters BIP Coding Group" action="confirmed" date="1996-10-21"/>
  </code>
  <code code="SINGP">
    <editdetail attribution="Reuters BIP Coding Group" action="confirmed" date="1996-10-21"/>
  </code>
  <code code="UAE">
    <editdetail attribution="Reuters BIP Coding Group" action="confirmed" date="1996-10-21"/>
  </code>
</codes>
<codes class="bip:topics:1.0">
  <code code="M14">
    <editdetail attribution="Reuters BIP Coding Group" action="confirmed" date="1996-10-21"/>
  </code>
  <code code="M143">
    <editdetail attribution="Reuters BIP Coding Group" action="confirmed" date="1996-10-21"/>
  </code>
  <code code="MCAT">
    <editdetail attribution="Reuters BIP Coding Group" action="confirmed" date="1996-10-21"/>
  </code>
</codes>
<dc element="dc.date.created" value="1996-10-21"/>
<dc element="dc.publisher" value="Reuters Holdings Plc"/>
<dc element="dc.date.published" value="1996-10-21"/>
<dc element="dc.source" value="Reuters"/>
<dc element="dc.creator.location" value="SINGAPORE"/>
<dc element="dc.creator.location.country.name" value="SINGAPORE"/>
<dc element="dc.source" value="Reuters"/>
</metadata>
</newsitem>
