<?xml version="1.0" encoding="iso-8859-1" ?>
<newsitem itemid="132104" id="root" date="1996-10-21" xml:lang="en">
<title>MALAYSIA: KL tin up six cents to 14.68 rgt/kg.</title>
<headline>KL tin up six cents to 14.68 rgt/kg.</headline>
<dateline>KUALA LUMPUR 1996-10-21</dateline>
<text>
<p>Malaysia's tin price rose six cents to 14.68 ringgit ($5.86) a kg in tandem with overnight gains on the London Metal Exchange (LME).</p>
<p>&quot;The LME was up and this led to some good buying and less offers (to sell),&quot; said a dealer.</p>
<p>Initial offers totalled 17 tonnes against bids of 132. Turnover was at 87 tonnes compared to 96 tonnes on Friday. Buyers were from Europe, Japan and Malaysia.</p>
<p>The premium rose to $40 from $35. Near term direction depended on speculation in copper on the LME, said dealers.</p>
<p>- Barani Krishnaan (603-230-7509) ($1=2.5070 ringgit)</p>
</text>
<copyright>(c) Reuters Limited 1996</copyright>
<metadata>
<codes class="bip:countries:1.0">
  <code code="MALAY">
    <editdetail attribution="Reuters BIP Coding Group" action="confirmed" date="1996-10-21"/>
  </code>
</codes>
<codes class="bip:topics:1.0">
  <code code="M14">
    <editdetail attribution="Reuters BIP Coding Group" action="confirmed" date="1996-10-21"/>
  </code>
  <code code="M142">
    <editdetail attribution="Reuters BIP Coding Group" action="confirmed" date="1996-10-21"/>
  </code>
  <code code="MCAT">
    <editdetail attribution="Reuters BIP Coding Group" action="confirmed" date="1996-10-21"/>
  </code>
</codes>
<dc element="dc.date.created" value="1996-10-21"/>
<dc element="dc.publisher" value="Reuters Holdings Plc"/>
<dc element="dc.date.published" value="1996-10-21"/>
<dc element="dc.source" value="Reuters"/>
<dc element="dc.creator.location" value="KUALA LUMPUR"/>
<dc element="dc.creator.location.country.name" value="MALAYSIA"/>
<dc element="dc.source" value="Reuters"/>
</metadata>
</newsitem>
